repository,instance_id,sample_id,smell,stage,reason,detail,timestamp
git@github.com:apache/axis1-java.git,,,,clone,clone_failed,"Cloning into '/Users/praffulg/Downloads/Neelam paper/cache/repos/apache__axis1-java'...
remote: Repository not found.
fatal: repository 'https://github.com/apache/axis1-java.git/' not found",2026-09-03T23:29:31
git@github.com:apache/axis2-java.git,,,,clone,clone_failed,"Cloning into '/Users/praffulg/Downloads/Neelam paper/cache/repos/apache__axis2-java'...
remote: Repository not found.
fatal: repository 'https://github.com/apache/axis2-java.git/' not found",2026-09-03T23:29:31
git@github.com:apache/webservices-xmlschema.git,,,,clone,clone_failed,"Cloning into '/Users/praffulg/Downloads/Neelam paper/cache/repos/apache__webservices-xmlschema'...
remote: Repository not found.
fatal: repository 'https://github.com/apache/webservices-xmlschema.git/' not found",2026-09-03T23:54:01
git@github.com:apache/wss4j.git,,,,clone,clone_failed,"Cloning into '/Users/praffulg/Downloads/Neelam paper/cache/repos/apache__wss4j'...
remote: Repository not found.
fatal: repository 'https://github.com/apache/wss4j.git/' not found",2026-09-03T23:54:09
git@github.com:eclipse/acceleo.git,,,,clone,clone_failed,"Cloning into '/Users/praffulg/Downloads/Neelam paper/cache/repos/eclipse__acceleo'...
remote: Repository not found.
fatal: repository 'https://github.com/eclipse/acceleo.git/' not found",2026-09-03T23:55:28
git@github.com:eclipse/bpmn2-modeler.git,,,,clone,clone_failed,"Cloning into '/Users/praffulg/Downloads/Neelam paper/cache/repos/eclipse__bpmn2-modeler'...
remote: Repository not found.
fatal: repository 'https://github.com/eclipse/bpmn2-modeler.git/' not found",2026-09-03T23:55:39
git@github.com:eclipse/dltk.core.git,,,,clone,clone_failed,"Cloning into '/Users/praffulg/Downloads/Neelam paper/cache/repos/eclipse__dltk.core'...
remote: Repository not found.
fatal: repository 'https://github.com/eclipse/dltk.core.git/' not found",2026-09-03T23:56:25
git@github.com:eclipse/eclipse.jdt.core.git,,,,clone,clone_failed,"Cloning into '/Users/praffulg/Downloads/Neelam paper/cache/repos/eclipse__eclipse.jdt.core'...
remote: Repository not found.
fatal: repository 'https://github.com/eclipse/eclipse.jdt.core.git/' not found",2026-09-03T23:56:31
git@github.com:eclipse/eclipse.platform.swt.git,,,,clone,clone_failed,"Cloning into '/Users/praffulg/Downloads/Neelam paper/cache/repos/eclipse__eclipse.platform.swt'...
remote: Repository not found.
fatal: repository 'https://github.com/eclipse/eclipse.platform.swt.git/' not found",2026-09-03T23:56:34
git@github.com:eclipse/eclipse.platform.ui.git,,,,clone,clone_failed,"Cloning into '/Users/praffulg/Downloads/Neelam paper/cache/repos/eclipse__eclipse.platform.ui'...
remote: Repository not found.
fatal: repository 'https://github.com/eclipse/eclipse.platform.ui.git/' not found",2026-09-03T23:56:34
git@github.com:eclipse/egit-github.git,,,,clone,clone_failed,"Cloning into '/Users/praffulg/Downloads/Neelam paper/cache/repos/eclipse__egit-github'...
remote: Repository not found.
fatal: repository 'https://github.com/eclipse/egit-github.git/' not found",2026-09-03T23:56:35
git@github.com:eclipse/egit.git,,,,clone,clone_failed,"Cloning into '/Users/praffulg/Downloads/Neelam paper/cache/repos/eclipse__egit'...
remote: Repository not found.
fatal: repository 'https://github.com/eclipse/egit.git/' not found",2026-09-03T23:56:36
git@github.com:eclipse/jgit.git,,,,clone,clone_failed,"Cloning into '/Users/praffulg/Downloads/Neelam paper/cache/repos/eclipse__jgit'...
remote: Repository not found.
fatal: repository 'https://github.com/eclipse/jgit.git/' not found",2026-09-03T23:57:10
git@github.com:eclipse/linuxtools.git,,,,clone,clone_failed,"Cloning into '/Users/praffulg/Downloads/Neelam paper/cache/repos/eclipse__linuxtools'...
remote: Repository not found.
fatal: repository 'https://github.com/eclipse/linuxtools.git/' not found",2026-09-03T23:57:31
git@github.com:eclipse/m2e-core.git,,,,clone,clone_failed,"Cloning into '/Users/praffulg/Downloads/Neelam paper/cache/repos/eclipse__m2e-core'...
remote: Repository not found.
fatal: repository 'https://github.com/eclipse/m2e-core.git/' not found",2026-09-03T23:57:34
git@github.com:eclipse/nebula.widgets.nattable.git,,,,clone,clone_failed,"Cloning into '/Users/praffulg/Downloads/Neelam paper/cache/repos/eclipse__nebula.widgets.nattable'...
remote: Repository not found.
fatal: repository 'https://github.com/eclipse/nebula.widgets.nattable.git/' not found",2026-09-03T23:57:42
git@github.com:eclipse/rap.git,,,,clone,clone_failed,"Cloning into '/Users/praffulg/Downloads/Neelam paper/cache/repos/eclipse__rap'...
remote: Repository not found.
fatal: repository 'https://github.com/eclipse/rap.git/' not found",2026-09-03T23:58:19
git@github.com:eclipse/titan.EclipsePlug-ins.git,,,,clone,clone_failed,"Cloning into '/Users/praffulg/Downloads/Neelam paper/cache/repos/eclipse__titan.EclipsePlug-ins'...
remote: Repository not found.
fatal: repository 'https://github.com/eclipse/titan.EclipsePlug-ins.git/' not found",2026-09-03T23:58:38
git@github.com:eclipse/webtools.sourceediting.git,,,,clone,clone_failed,"Cloning into '/Users/praffulg/Downloads/Neelam paper/cache/repos/eclipse__webtools.sourceediting'...
remote: Repository not found.
fatal: repository 'https://github.com/eclipse/webtools.sourceediting.git/' not found",2026-09-03T23:58:48
git@github.com:epam/DLab.git,,,,clone,clone_failed,"Cloning into '/Users/praffulg/Downloads/Neelam paper/cache/repos/epam__DLab'...
remote: Repository not found.
fatal: repository 'https://github.com/epam/DLab.git/' not found",2026-09-03T23:59:27
git@github.com:salesforce/Argus.git,,,,clone,clone_failed,"Cloning into '/Users/praffulg/Downloads/Neelam paper/cache/repos/salesforce__Argus'...
remote: Repository not found.
fatal: repository 'https://github.com/salesforce/Argus.git/' not found",2026-09-04T00:04:34
git@github.com:apache/ctakes.git,4472442::blob,4472442.0,blob,complexity,checkout_failed,"fatal: remote error: upload-pack: not our ref 79be3ba2833857714bb301449f021cca36f373e6
fatal: remote error: upload-pack: not our ref 79be3ba2833857714bb301449f021cca36f373e6
fatal: remote error: upload-pack: not our ref 79be3ba2833857714bb301449f021cca36f373e6
fatal: remote error: upload-pack: not our ref 79be3ba2833857714bb301449f021cca36f373e6
fatal: unable to read tree (79be3ba2833857714bb301449f021cca36f373e6)",2026-09-05T08:42:30
git@github.com:apache/ctakes.git,4472442::data class,4472442.0,data class,complexity,checkout_failed,"fatal: remote error: upload-pack: not our ref 79be3ba2833857714bb301449f021cca36f373e6
fatal: remote error: upload-pack: not our ref 79be3ba2833857714bb301449f021cca36f373e6
fatal: remote error: upload-pack: not our ref 79be3ba2833857714bb301449f021cca36f373e6
fatal: remote error: upload-pack: not our ref 79be3ba2833857714bb301449f021cca36f373e6
fatal: unable to read tree (79be3ba2833857714bb301449f021cca36f373e6)",2026-09-05T08:42:30
git@github.com:apache/ctakes.git,4472450::blob,4472450.0,blob,complexity,checkout_failed,"fatal: remote error: upload-pack: not our ref 79be3ba2833857714bb301449f021cca36f373e6
fatal: remote error: upload-pack: not our ref 79be3ba2833857714bb301449f021cca36f373e6
fatal: remote error: upload-pack: not our ref 79be3ba2833857714bb301449f021cca36f373e6
fatal: remote error: upload-pack: not our ref 79be3ba2833857714bb301449f021cca36f373e6
fatal: unable to read tree (79be3ba2833857714bb301449f021cca36f373e6)",2026-09-05T08:42:30
git@github.com:apache/ctakes.git,4472450::data class,4472450.0,data class,complexity,checkout_failed,"fatal: remote error: upload-pack: not our ref 79be3ba2833857714bb301449f021cca36f373e6
fatal: remote error: upload-pack: not our ref 79be3ba2833857714bb301449f021cca36f373e6
fatal: remote error: upload-pack: not our ref 79be3ba2833857714bb301449f021cca36f373e6
fatal: remote error: upload-pack: not our ref 79be3ba2833857714bb301449f021cca36f373e6
fatal: unable to read tree (79be3ba2833857714bb301449f021cca36f373e6)",2026-09-05T08:42:30
git@github.com:apache/ctakes.git,4473015::feature envy,4473015.0,feature envy,complexity,checkout_failed,"fatal: remote error: upload-pack: not our ref 79be3ba2833857714bb301449f021cca36f373e6
fatal: remote error: upload-pack: not our ref 79be3ba2833857714bb301449f021cca36f373e6
fatal: remote error: upload-pack: not our ref 79be3ba2833857714bb301449f021cca36f373e6
fatal: remote error: upload-pack: not our ref 79be3ba2833857714bb301449f021cca36f373e6
fatal: unable to read tree (79be3ba2833857714bb301449f021cca36f373e6)",2026-09-05T08:42:30
git@github.com:apache/ctakes.git,4473015::long method,4473015.0,long method,complexity,checkout_failed,"fatal: remote error: upload-pack: not our ref 79be3ba2833857714bb301449f021cca36f373e6
fatal: remote error: upload-pack: not our ref 79be3ba2833857714bb301449f021cca36f373e6
fatal: remote error: upload-pack: not our ref 79be3ba2833857714bb301449f021cca36f373e6
fatal: remote error: upload-pack: not our ref 79be3ba2833857714bb301449f021cca36f373e6
fatal: unable to read tree (79be3ba2833857714bb301449f021cca36f373e6)",2026-09-05T08:42:30
git@github.com:apache/ctakes.git,4473448::blob,4473448.0,blob,complexity,checkout_failed,"fatal: remote error: upload-pack: not our ref 79be3ba2833857714bb301449f021cca36f373e6
fatal: remote error: upload-pack: not our ref 79be3ba2833857714bb301449f021cca36f373e6
fatal: remote error: upload-pack: not our ref 79be3ba2833857714bb301449f021cca36f373e6
fatal: remote error: upload-pack: not our ref 79be3ba2833857714bb301449f021cca36f373e6
fatal: unable to read tree (79be3ba2833857714bb301449f021cca36f373e6)",2026-09-05T08:42:30
git@github.com:apache/ctakes.git,4473448::data class,4473448.0,data class,complexity,checkout_failed,"fatal: remote error: upload-pack: not our ref 79be3ba2833857714bb301449f021cca36f373e6
fatal: remote error: upload-pack: not our ref 79be3ba2833857714bb301449f021cca36f373e6
fatal: remote error: upload-pack: not our ref 79be3ba2833857714bb301449f021cca36f373e6
fatal: remote error: upload-pack: not our ref 79be3ba2833857714bb301449f021cca36f373e6
fatal: unable to read tree (79be3ba2833857714bb301449f021cca36f373e6)",2026-09-05T08:42:30
git@github.com:apache/ctakes.git,4473720::feature envy,4473720.0,feature envy,complexity,checkout_failed,"fatal: remote error: upload-pack: not our ref 79be3ba2833857714bb301449f021cca36f373e6
fatal: remote error: upload-pack: not our ref 79be3ba2833857714bb301449f021cca36f373e6
fatal: remote error: upload-pack: not our ref 79be3ba2833857714bb301449f021cca36f373e6
fatal: remote error: upload-pack: not our ref 79be3ba2833857714bb301449f021cca36f373e6
fatal: unable to read tree (79be3ba2833857714bb301449f021cca36f373e6)",2026-09-05T08:42:30
git@github.com:apache/ctakes.git,4473720::long method,4473720.0,long method,complexity,checkout_failed,"fatal: remote error: upload-pack: not our ref 79be3ba2833857714bb301449f021cca36f373e6
fatal: remote error: upload-pack: not our ref 79be3ba2833857714bb301449f021cca36f373e6
fatal: remote error: upload-pack: not our ref 79be3ba2833857714bb301449f021cca36f373e6
fatal: remote error: upload-pack: not our ref 79be3ba2833857714bb301449f021cca36f373e6
fatal: unable to read tree (79be3ba2833857714bb301449f021cca36f373e6)",2026-09-05T08:42:30
git@github.com:apache/ctakes.git,4474548::feature envy,4474548.0,feature envy,complexity,checkout_failed,"fatal: remote error: upload-pack: not our ref 79be3ba2833857714bb301449f021cca36f373e6
fatal: remote error: upload-pack: not our ref 79be3ba2833857714bb301449f021cca36f373e6
fatal: remote error: upload-pack: not our ref 79be3ba2833857714bb301449f021cca36f373e6
fatal: remote error: upload-pack: not our ref 79be3ba2833857714bb301449f021cca36f373e6
fatal: unable to read tree (79be3ba2833857714bb301449f021cca36f373e6)",2026-09-05T08:42:30
git@github.com:apache/ctakes.git,4474548::long method,4474548.0,long method,complexity,checkout_failed,"fatal: remote error: upload-pack: not our ref 79be3ba2833857714bb301449f021cca36f373e6
fatal: remote error: upload-pack: not our ref 79be3ba2833857714bb301449f021cca36f373e6
fatal: remote error: upload-pack: not our ref 79be3ba2833857714bb301449f021cca36f373e6
fatal: remote error: upload-pack: not our ref 79be3ba2833857714bb301449f021cca36f373e6
fatal: unable to read tree (79be3ba2833857714bb301449f021cca36f373e6)",2026-09-05T08:42:30
git@github.com:apache/ctakes.git,4475154::feature envy,4475154.0,feature envy,complexity,checkout_failed,"fatal: remote error: upload-pack: not our ref 79be3ba2833857714bb301449f021cca36f373e6
fatal: remote error: upload-pack: not our ref 79be3ba2833857714bb301449f021cca36f373e6
fatal: remote error: upload-pack: not our ref 79be3ba2833857714bb301449f021cca36f373e6
fatal: remote error: upload-pack: not our ref 79be3ba2833857714bb301449f021cca36f373e6
fatal: unable to read tree (79be3ba2833857714bb301449f021cca36f373e6)",2026-09-05T08:42:30
git@github.com:apache/ctakes.git,4475154::long method,4475154.0,long method,complexity,checkout_failed,"fatal: remote error: upload-pack: not our ref 79be3ba2833857714bb301449f021cca36f373e6
fatal: remote error: upload-pack: not our ref 79be3ba2833857714bb301449f021cca36f373e6
fatal: remote error: upload-pack: not our ref 79be3ba2833857714bb301449f021cca36f373e6
fatal: remote error: upload-pack: not our ref 79be3ba2833857714bb301449f021cca36f373e6
fatal: unable to read tree (79be3ba2833857714bb301449f021cca36f373e6)",2026-09-05T08:42:30
git@github.com:apache/ctakes.git,4479629::blob,4479629.0,blob,complexity,checkout_failed,"fatal: remote error: upload-pack: not our ref 79be3ba2833857714bb301449f021cca36f373e6
fatal: remote error: upload-pack: not our ref 79be3ba2833857714bb301449f021cca36f373e6
fatal: remote error: upload-pack: not our ref 79be3ba2833857714bb301449f021cca36f373e6
fatal: remote error: upload-pack: not our ref 79be3ba2833857714bb301449f021cca36f373e6
fatal: unable to read tree (79be3ba2833857714bb301449f021cca36f373e6)",2026-09-05T08:42:30
git@github.com:apache/ctakes.git,4479629::data class,4479629.0,data class,complexity,checkout_failed,"fatal: remote error: upload-pack: not our ref 79be3ba2833857714bb301449f021cca36f373e6
fatal: remote error: upload-pack: not our ref 79be3ba2833857714bb301449f021cca36f373e6
fatal: remote error: upload-pack: not our ref 79be3ba2833857714bb301449f021cca36f373e6
fatal: remote error: upload-pack: not our ref 79be3ba2833857714bb301449f021cca36f373e6
fatal: unable to read tree (79be3ba2833857714bb301449f021cca36f373e6)",2026-09-05T08:42:30
git@github.com:apache/ctakes.git,4480837::blob,4480837.0,blob,complexity,checkout_failed,"fatal: remote error: upload-pack: not our ref 79be3ba2833857714bb301449f021cca36f373e6
fatal: remote error: upload-pack: not our ref 79be3ba2833857714bb301449f021cca36f373e6
fatal: remote error: upload-pack: not our ref 79be3ba2833857714bb301449f021cca36f373e6
fatal: remote error: upload-pack: not our ref 79be3ba2833857714bb301449f021cca36f373e6
fatal: unable to read tree (79be3ba2833857714bb301449f021cca36f373e6)",2026-09-05T08:42:30
git@github.com:apache/ctakes.git,4480837::data class,4480837.0,data class,complexity,checkout_failed,"fatal: remote error: upload-pack: not our ref 79be3ba2833857714bb301449f021cca36f373e6
fatal: remote error: upload-pack: not our ref 79be3ba2833857714bb301449f021cca36f373e6
fatal: remote error: upload-pack: not our ref 79be3ba2833857714bb301449f021cca36f373e6
fatal: remote error: upload-pack: not our ref 79be3ba2833857714bb301449f021cca36f373e6
fatal: unable to read tree (79be3ba2833857714bb301449f021cca36f373e6)",2026-09-05T08:42:30
git@github.com:apache/ctakes.git,4486552::feature envy,4486552.0,feature envy,complexity,checkout_failed,"fatal: remote error: upload-pack: not our ref 79be3ba2833857714bb301449f021cca36f373e6
fatal: remote error: upload-pack: not our ref 79be3ba2833857714bb301449f021cca36f373e6
fatal: remote error: upload-pack: not our ref 79be3ba2833857714bb301449f021cca36f373e6
fatal: remote error: upload-pack: not our ref 79be3ba2833857714bb301449f021cca36f373e6
fatal: unable to read tree (79be3ba2833857714bb301449f021cca36f373e6)",2026-09-05T08:42:30
git@github.com:apache/ctakes.git,4486552::long method,4486552.0,long method,complexity,checkout_failed,"fatal: remote error: upload-pack: not our ref 79be3ba2833857714bb301449f021cca36f373e6
fatal: remote error: upload-pack: not our ref 79be3ba2833857714bb301449f021cca36f373e6
fatal: remote error: upload-pack: not our ref 79be3ba2833857714bb301449f021cca36f373e6
fatal: remote error: upload-pack: not our ref 79be3ba2833857714bb301449f021cca36f373e6
fatal: unable to read tree (79be3ba2833857714bb301449f021cca36f373e6)",2026-09-05T08:42:30
git@github.com:apache/ctakes.git,4487855::blob,4487855.0,blob,complexity,checkout_failed,"fatal: remote error: upload-pack: not our ref 79be3ba2833857714bb301449f021cca36f373e6
fatal: remote error: upload-pack: not our ref 79be3ba2833857714bb301449f021cca36f373e6
fatal: remote error: upload-pack: not our ref 79be3ba2833857714bb301449f021cca36f373e6
fatal: remote error: upload-pack: not our ref 79be3ba2833857714bb301449f021cca36f373e6
fatal: unable to read tree (79be3ba2833857714bb301449f021cca36f373e6)",2026-09-05T08:42:30
git@github.com:apache/ctakes.git,4487855::data class,4487855.0,data class,complexity,checkout_failed,"fatal: remote error: upload-pack: not our ref 79be3ba2833857714bb301449f021cca36f373e6
fatal: remote error: upload-pack: not our ref 79be3ba2833857714bb301449f021cca36f373e6
fatal: remote error: upload-pack: not our ref 79be3ba2833857714bb301449f021cca36f373e6
fatal: remote error: upload-pack: not our ref 79be3ba2833857714bb301449f021cca36f373e6
fatal: unable to read tree (79be3ba2833857714bb301449f021cca36f373e6)",2026-09-05T08:42:30
git@github.com:apache/ctakes.git,4488901::feature envy,4488901.0,feature envy,complexity,checkout_failed,"fatal: remote error: upload-pack: not our ref 79be3ba2833857714bb301449f021cca36f373e6
fatal: remote error: upload-pack: not our ref 79be3ba2833857714bb301449f021cca36f373e6
fatal: remote error: upload-pack: not our ref 79be3ba2833857714bb301449f021cca36f373e6
fatal: remote error: upload-pack: not our ref 79be3ba2833857714bb301449f021cca36f373e6
fatal: unable to read tree (79be3ba2833857714bb301449f021cca36f373e6)",2026-09-05T08:42:30
git@github.com:apache/ctakes.git,4488901::long method,4488901.0,long method,complexity,checkout_failed,"fatal: remote error: upload-pack: not our ref 79be3ba2833857714bb301449f021cca36f373e6
fatal: remote error: upload-pack: not our ref 79be3ba2833857714bb301449f021cca36f373e6
fatal: remote error: upload-pack: not our ref 79be3ba2833857714bb301449f021cca36f373e6
fatal: remote error: upload-pack: not our ref 79be3ba2833857714bb301449f021cca36f373e6
fatal: unable to read tree (79be3ba2833857714bb301449f021cca36f373e6)",2026-09-05T08:42:30
git@github.com:apache/ctakes.git,4490338::feature envy,4490338.0,feature envy,complexity,checkout_failed,"fatal: remote error: upload-pack: not our ref 79be3ba2833857714bb301449f021cca36f373e6
fatal: remote error: upload-pack: not our ref 79be3ba2833857714bb301449f021cca36f373e6
fatal: remote error: upload-pack: not our ref 79be3ba2833857714bb301449f021cca36f373e6
fatal: remote error: upload-pack: not our ref 79be3ba2833857714bb301449f021cca36f373e6
fatal: unable to read tree (79be3ba2833857714bb301449f021cca36f373e6)",2026-09-05T08:42:30
git@github.com:apache/ctakes.git,4490338::long method,4490338.0,long method,complexity,checkout_failed,"fatal: remote error: upload-pack: not our ref 79be3ba2833857714bb301449f021cca36f373e6
fatal: remote error: upload-pack: not our ref 79be3ba2833857714bb301449f021cca36f373e6
fatal: remote error: upload-pack: not our ref 79be3ba2833857714bb301449f021cca36f373e6
fatal: remote error: upload-pack: not our ref 79be3ba2833857714bb301449f021cca36f373e6
fatal: unable to read tree (79be3ba2833857714bb301449f021cca36f373e6)",2026-09-05T08:42:30
git@github.com:apache/ctakes.git,4491039::blob,4491039.0,blob,complexity,checkout_failed,"fatal: remote error: upload-pack: not our ref 79be3ba2833857714bb301449f021cca36f373e6
fatal: remote error: upload-pack: not our ref 79be3ba2833857714bb301449f021cca36f373e6
fatal: remote error: upload-pack: not our ref 79be3ba2833857714bb301449f021cca36f373e6
fatal: remote error: upload-pack: not our ref 79be3ba2833857714bb301449f021cca36f373e6
fatal: unable to read tree (79be3ba2833857714bb301449f021cca36f373e6)",2026-09-05T08:42:30
git@github.com:apache/ctakes.git,4491039::data class,4491039.0,data class,complexity,checkout_failed,"fatal: remote error: upload-pack: not our ref 79be3ba2833857714bb301449f021cca36f373e6
fatal: remote error: upload-pack: not our ref 79be3ba2833857714bb301449f021cca36f373e6
fatal: remote error: upload-pack: not our ref 79be3ba2833857714bb301449f021cca36f373e6
fatal: remote error: upload-pack: not our ref 79be3ba2833857714bb301449f021cca36f373e6
fatal: unable to read tree (79be3ba2833857714bb301449f021cca36f373e6)",2026-09-05T08:42:30
git@github.com:apache/ctakes.git,4491391::feature envy,4491391.0,feature envy,complexity,checkout_failed,"fatal: remote error: upload-pack: not our ref 79be3ba2833857714bb301449f021cca36f373e6
fatal: remote error: upload-pack: not our ref 79be3ba2833857714bb301449f021cca36f373e6
fatal: remote error: upload-pack: not our ref 79be3ba2833857714bb301449f021cca36f373e6
fatal: remote error: upload-pack: not our ref 79be3ba2833857714bb301449f021cca36f373e6
fatal: unable to read tree (79be3ba2833857714bb301449f021cca36f373e6)",2026-09-05T08:42:30
git@github.com:apache/ctakes.git,4491391::long method,4491391.0,long method,complexity,checkout_failed,"fatal: remote error: upload-pack: not our ref 79be3ba2833857714bb301449f021cca36f373e6
fatal: remote error: upload-pack: not our ref 79be3ba2833857714bb301449f021cca36f373e6
fatal: remote error: upload-pack: not our ref 79be3ba2833857714bb301449f021cca36f373e6
fatal: remote error: upload-pack: not our ref 79be3ba2833857714bb301449f021cca36f373e6
fatal: unable to read tree (79be3ba2833857714bb301449f021cca36f373e6)",2026-09-05T08:42:30
git@github.com:apache/ctakes.git,4493181::blob,4493181.0,blob,complexity,checkout_failed,"fatal: remote error: upload-pack: not our ref 79be3ba2833857714bb301449f021cca36f373e6
fatal: remote error: upload-pack: not our ref 79be3ba2833857714bb301449f021cca36f373e6
fatal: remote error: upload-pack: not our ref 79be3ba2833857714bb301449f021cca36f373e6
fatal: remote error: upload-pack: not our ref 79be3ba2833857714bb301449f021cca36f373e6
fatal: unable to read tree (79be3ba2833857714bb301449f021cca36f373e6)",2026-09-05T08:42:30
git@github.com:apache/ctakes.git,4493181::data class,4493181.0,data class,complexity,checkout_failed,"fatal: remote error: upload-pack: not our ref 79be3ba2833857714bb301449f021cca36f373e6
fatal: remote error: upload-pack: not our ref 79be3ba2833857714bb301449f021cca36f373e6
fatal: remote error: upload-pack: not our ref 79be3ba2833857714bb301449f021cca36f373e6
fatal: remote error: upload-pack: not our ref 79be3ba2833857714bb301449f021cca36f373e6
fatal: unable to read tree (79be3ba2833857714bb301449f021cca36f373e6)",2026-09-05T08:42:30
git@github.com:apache/ctakes.git,4493485::feature envy,4493485.0,feature envy,complexity,checkout_failed,"fatal: remote error: upload-pack: not our ref 79be3ba2833857714bb301449f021cca36f373e6
fatal: remote error: upload-pack: not our ref 79be3ba2833857714bb301449f021cca36f373e6
fatal: remote error: upload-pack: not our ref 79be3ba2833857714bb301449f021cca36f373e6
fatal: remote error: upload-pack: not our ref 79be3ba2833857714bb301449f021cca36f373e6
fatal: unable to read tree (79be3ba2833857714bb301449f021cca36f373e6)",2026-09-05T08:42:30
git@github.com:apache/ctakes.git,4493485::long method,4493485.0,long method,complexity,checkout_failed,"fatal: remote error: upload-pack: not our ref 79be3ba2833857714bb301449f021cca36f373e6
fatal: remote error: upload-pack: not our ref 79be3ba2833857714bb301449f021cca36f373e6
fatal: remote error: upload-pack: not our ref 79be3ba2833857714bb301449f021cca36f373e6
fatal: remote error: upload-pack: not our ref 79be3ba2833857714bb301449f021cca36f373e6
fatal: unable to read tree (79be3ba2833857714bb301449f021cca36f373e6)",2026-09-05T08:42:30
git@github.com:apache/ctakes.git,4494161::feature envy,4494161.0,feature envy,complexity,checkout_failed,"fatal: remote error: upload-pack: not our ref 79be3ba2833857714bb301449f021cca36f373e6
fatal: remote error: upload-pack: not our ref 79be3ba2833857714bb301449f021cca36f373e6
fatal: remote error: upload-pack: not our ref 79be3ba2833857714bb301449f021cca36f373e6
fatal: remote error: upload-pack: not our ref 79be3ba2833857714bb301449f021cca36f373e6
fatal: unable to read tree (79be3ba2833857714bb301449f021cca36f373e6)",2026-09-05T08:42:30
git@github.com:apache/ctakes.git,4494161::long method,4494161.0,long method,complexity,checkout_failed,"fatal: remote error: upload-pack: not our ref 79be3ba2833857714bb301449f021cca36f373e6
fatal: remote error: upload-pack: not our ref 79be3ba2833857714bb301449f021cca36f373e6
fatal: remote error: upload-pack: not our ref 79be3ba2833857714bb301449f021cca36f373e6
fatal: remote error: upload-pack: not our ref 79be3ba2833857714bb301449f021cca36f373e6
fatal: unable to read tree (79be3ba2833857714bb301449f021cca36f373e6)",2026-09-05T08:42:30
git@github.com:apache/uima-ruta.git,5820419::feature envy,5820419.0,feature envy,complexity,checkout_failed,"fatal: remote error: upload-pack: not our ref 08efb111a775b4ba01cf048ac699aa9c22188325
fatal: remote error: upload-pack: not our ref 08efb111a775b4ba01cf048ac699aa9c22188325
fatal: remote error: upload-pack: not our ref 08efb111a775b4ba01cf048ac699aa9c22188325
fatal: remote error: upload-pack: not our ref 08efb111a775b4ba01cf048ac699aa9c22188325
fatal: unable to read tree (08efb111a775b4ba01cf048ac699aa9c22188325)",2026-09-05T08:42:53
git@github.com:apache/uima-ruta.git,5820419::long method,5820419.0,long method,complexity,checkout_failed,"fatal: remote error: upload-pack: not our ref 08efb111a775b4ba01cf048ac699aa9c22188325
fatal: remote error: upload-pack: not our ref 08efb111a775b4ba01cf048ac699aa9c22188325
fatal: remote error: upload-pack: not our ref 08efb111a775b4ba01cf048ac699aa9c22188325
fatal: remote error: upload-pack: not our ref 08efb111a775b4ba01cf048ac699aa9c22188325
fatal: unable to read tree (08efb111a775b4ba01cf048ac699aa9c22188325)",2026-09-05T08:42:53
git@github.com:apache/uima-ruta.git,5820518::blob,5820518.0,blob,complexity,checkout_failed,"fatal: remote error: upload-pack: not our ref 08efb111a775b4ba01cf048ac699aa9c22188325
fatal: remote error: upload-pack: not our ref 08efb111a775b4ba01cf048ac699aa9c22188325
fatal: remote error: upload-pack: not our ref 08efb111a775b4ba01cf048ac699aa9c22188325
fatal: remote error: upload-pack: not our ref 08efb111a775b4ba01cf048ac699aa9c22188325
fatal: unable to read tree (08efb111a775b4ba01cf048ac699aa9c22188325)",2026-09-05T08:42:53
git@github.com:apache/uima-ruta.git,5820518::data class,5820518.0,data class,complexity,checkout_failed,"fatal: remote error: upload-pack: not our ref 08efb111a775b4ba01cf048ac699aa9c22188325
fatal: remote error: upload-pack: not our ref 08efb111a775b4ba01cf048ac699aa9c22188325
fatal: remote error: upload-pack: not our ref 08efb111a775b4ba01cf048ac699aa9c22188325
fatal: remote error: upload-pack: not our ref 08efb111a775b4ba01cf048ac699aa9c22188325
fatal: unable to read tree (08efb111a775b4ba01cf048ac699aa9c22188325)",2026-09-05T08:42:53
git@github.com:apache/uima-ruta.git,5822090::blob,5822090.0,blob,complexity,checkout_failed,"fatal: remote error: upload-pack: not our ref 08efb111a775b4ba01cf048ac699aa9c22188325
fatal: remote error: upload-pack: not our ref 08efb111a775b4ba01cf048ac699aa9c22188325
fatal: remote error: upload-pack: not our ref 08efb111a775b4ba01cf048ac699aa9c22188325
fatal: remote error: upload-pack: not our ref 08efb111a775b4ba01cf048ac699aa9c22188325
fatal: unable to read tree (08efb111a775b4ba01cf048ac699aa9c22188325)",2026-09-05T08:42:53
git@github.com:apache/uima-ruta.git,5822090::data class,5822090.0,data class,complexity,checkout_failed,"fatal: remote error: upload-pack: not our ref 08efb111a775b4ba01cf048ac699aa9c22188325
fatal: remote error: upload-pack: not our ref 08efb111a775b4ba01cf048ac699aa9c22188325
fatal: remote error: upload-pack: not our ref 08efb111a775b4ba01cf048ac699aa9c22188325
fatal: remote error: upload-pack: not our ref 08efb111a775b4ba01cf048ac699aa9c22188325
fatal: unable to read tree (08efb111a775b4ba01cf048ac699aa9c22188325)",2026-09-05T08:42:53
git@github.com:apache/uima-ruta.git,5822785::blob,5822785.0,blob,complexity,checkout_failed,"fatal: remote error: upload-pack: not our ref 08efb111a775b4ba01cf048ac699aa9c22188325
fatal: remote error: upload-pack: not our ref 08efb111a775b4ba01cf048ac699aa9c22188325
fatal: remote error: upload-pack: not our ref 08efb111a775b4ba01cf048ac699aa9c22188325
fatal: remote error: upload-pack: not our ref 08efb111a775b4ba01cf048ac699aa9c22188325
fatal: unable to read tree (08efb111a775b4ba01cf048ac699aa9c22188325)",2026-09-05T08:42:53
git@github.com:apache/uima-ruta.git,5822785::data class,5822785.0,data class,complexity,checkout_failed,"fatal: remote error: upload-pack: not our ref 08efb111a775b4ba01cf048ac699aa9c22188325
fatal: remote error: upload-pack: not our ref 08efb111a775b4ba01cf048ac699aa9c22188325
fatal: remote error: upload-pack: not our ref 08efb111a775b4ba01cf048ac699aa9c22188325
fatal: remote error: upload-pack: not our ref 08efb111a775b4ba01cf048ac699aa9c22188325
fatal: unable to read tree (08efb111a775b4ba01cf048ac699aa9c22188325)",2026-09-05T08:42:53
git@github.com:apache/uima-ruta.git,5822952::blob,5822952.0,blob,complexity,checkout_failed,"fatal: remote error: upload-pack: not our ref 08efb111a775b4ba01cf048ac699aa9c22188325
fatal: remote error: upload-pack: not our ref 08efb111a775b4ba01cf048ac699aa9c22188325
fatal: remote error: upload-pack: not our ref 08efb111a775b4ba01cf048ac699aa9c22188325
fatal: remote error: upload-pack: not our ref 08efb111a775b4ba01cf048ac699aa9c22188325
fatal: unable to read tree (08efb111a775b4ba01cf048ac699aa9c22188325)",2026-09-05T08:42:53
git@github.com:apache/uima-ruta.git,5822952::data class,5822952.0,data class,complexity,checkout_failed,"fatal: remote error: upload-pack: not our ref 08efb111a775b4ba01cf048ac699aa9c22188325
fatal: remote error: upload-pack: not our ref 08efb111a775b4ba01cf048ac699aa9c22188325
fatal: remote error: upload-pack: not our ref 08efb111a775b4ba01cf048ac699aa9c22188325
fatal: remote error: upload-pack: not our ref 08efb111a775b4ba01cf048ac699aa9c22188325
fatal: unable to read tree (08efb111a775b4ba01cf048ac699aa9c22188325)",2026-09-05T08:42:53
git@github.com:apache/uima-ruta.git,5823351::blob,5823351.0,blob,complexity,checkout_failed,"fatal: remote error: upload-pack: not our ref 08efb111a775b4ba01cf048ac699aa9c22188325
fatal: remote error: upload-pack: not our ref 08efb111a775b4ba01cf048ac699aa9c22188325
fatal: remote error: upload-pack: not our ref 08efb111a775b4ba01cf048ac699aa9c22188325
fatal: remote error: upload-pack: not our ref 08efb111a775b4ba01cf048ac699aa9c22188325
fatal: unable to read tree (08efb111a775b4ba01cf048ac699aa9c22188325)",2026-09-05T08:42:53
git@github.com:apache/uima-ruta.git,5823351::data class,5823351.0,data class,complexity,checkout_failed,"fatal: remote error: upload-pack: not our ref 08efb111a775b4ba01cf048ac699aa9c22188325
fatal: remote error: upload-pack: not our ref 08efb111a775b4ba01cf048ac699aa9c22188325
fatal: remote error: upload-pack: not our ref 08efb111a775b4ba01cf048ac699aa9c22188325
fatal: remote error: upload-pack: not our ref 08efb111a775b4ba01cf048ac699aa9c22188325
fatal: unable to read tree (08efb111a775b4ba01cf048ac699aa9c22188325)",2026-09-05T08:42:53
git@github.com:apache/uima-ruta.git,5824343::feature envy,5824343.0,feature envy,complexity,checkout_failed,"fatal: remote error: upload-pack: not our ref 08efb111a775b4ba01cf048ac699aa9c22188325
fatal: remote error: upload-pack: not our ref 08efb111a775b4ba01cf048ac699aa9c22188325
fatal: remote error: upload-pack: not our ref 08efb111a775b4ba01cf048ac699aa9c22188325
fatal: remote error: upload-pack: not our ref 08efb111a775b4ba01cf048ac699aa9c22188325
fatal: unable to read tree (08efb111a775b4ba01cf048ac699aa9c22188325)",2026-09-05T08:42:53
git@github.com:apache/uima-ruta.git,5824343::long method,5824343.0,long method,complexity,checkout_failed,"fatal: remote error: upload-pack: not our ref 08efb111a775b4ba01cf048ac699aa9c22188325
fatal: remote error: upload-pack: not our ref 08efb111a775b4ba01cf048ac699aa9c22188325
fatal: remote error: upload-pack: not our ref 08efb111a775b4ba01cf048ac699aa9c22188325
fatal: remote error: upload-pack: not our ref 08efb111a775b4ba01cf048ac699aa9c22188325
fatal: unable to read tree (08efb111a775b4ba01cf048ac699aa9c22188325)",2026-09-05T08:42:53
git@github.com:apache/uima-ruta.git,5827363::blob,5827363.0,blob,complexity,checkout_failed,"fatal: remote error: upload-pack: not our ref 08efb111a775b4ba01cf048ac699aa9c22188325
fatal: remote error: upload-pack: not our ref 08efb111a775b4ba01cf048ac699aa9c22188325
fatal: remote error: upload-pack: not our ref 08efb111a775b4ba01cf048ac699aa9c22188325
fatal: remote error: upload-pack: not our ref 08efb111a775b4ba01cf048ac699aa9c22188325
fatal: unable to read tree (08efb111a775b4ba01cf048ac699aa9c22188325)",2026-09-05T08:42:53
git@github.com:apache/uima-ruta.git,5827363::data class,5827363.0,data class,complexity,checkout_failed,"fatal: remote error: upload-pack: not our ref 08efb111a775b4ba01cf048ac699aa9c22188325
fatal: remote error: upload-pack: not our ref 08efb111a775b4ba01cf048ac699aa9c22188325
fatal: remote error: upload-pack: not our ref 08efb111a775b4ba01cf048ac699aa9c22188325
fatal: remote error: upload-pack: not our ref 08efb111a775b4ba01cf048ac699aa9c22188325
fatal: unable to read tree (08efb111a775b4ba01cf048ac699aa9c22188325)",2026-09-05T08:42:53
git@github.com:apache/uima-ruta.git,5827504::feature envy,5827504.0,feature envy,complexity,checkout_failed,"fatal: remote error: upload-pack: not our ref 08efb111a775b4ba01cf048ac699aa9c22188325
fatal: remote error: upload-pack: not our ref 08efb111a775b4ba01cf048ac699aa9c22188325
fatal: remote error: upload-pack: not our ref 08efb111a775b4ba01cf048ac699aa9c22188325
fatal: remote error: upload-pack: not our ref 08efb111a775b4ba01cf048ac699aa9c22188325
fatal: unable to read tree (08efb111a775b4ba01cf048ac699aa9c22188325)",2026-09-05T08:42:53
git@github.com:apache/uima-ruta.git,5827504::long method,5827504.0,long method,complexity,checkout_failed,"fatal: remote error: upload-pack: not our ref 08efb111a775b4ba01cf048ac699aa9c22188325
fatal: remote error: upload-pack: not our ref 08efb111a775b4ba01cf048ac699aa9c22188325
fatal: remote error: upload-pack: not our ref 08efb111a775b4ba01cf048ac699aa9c22188325
fatal: remote error: upload-pack: not our ref 08efb111a775b4ba01cf048ac699aa9c22188325
fatal: unable to read tree (08efb111a775b4ba01cf048ac699aa9c22188325)",2026-09-05T08:42:53
git@github.com:apache/uima-ruta.git,5827650::blob,5827650.0,blob,complexity,checkout_failed,"fatal: remote error: upload-pack: not our ref 08efb111a775b4ba01cf048ac699aa9c22188325
fatal: remote error: upload-pack: not our ref 08efb111a775b4ba01cf048ac699aa9c22188325
fatal: remote error: upload-pack: not our ref 08efb111a775b4ba01cf048ac699aa9c22188325
fatal: remote error: upload-pack: not our ref 08efb111a775b4ba01cf048ac699aa9c22188325
fatal: unable to read tree (08efb111a775b4ba01cf048ac699aa9c22188325)",2026-09-05T08:42:53
git@github.com:apache/uima-ruta.git,5827650::data class,5827650.0,data class,complexity,checkout_failed,"fatal: remote error: upload-pack: not our ref 08efb111a775b4ba01cf048ac699aa9c22188325
fatal: remote error: upload-pack: not our ref 08efb111a775b4ba01cf048ac699aa9c22188325
fatal: remote error: upload-pack: not our ref 08efb111a775b4ba01cf048ac699aa9c22188325
fatal: remote error: upload-pack: not our ref 08efb111a775b4ba01cf048ac699aa9c22188325
fatal: unable to read tree (08efb111a775b4ba01cf048ac699aa9c22188325)",2026-09-05T08:42:53
git@github.com:SAP/SapMachine.git,9209481::feature envy,9209481.0,feature envy,complexity,ck_failed," more info.
Exception in thread ""main"" java.lang.NullPointerException: Cannot read field ""declaringClass"" because ""mb"" is null
	at org.eclipse.jdt.internal.compiler.ast.ReferenceExpression.generateCode(ReferenceExpression.java:353)
	at org.eclipse.jdt.internal.compiler.ast.Statement.generateArguments(Statement.java:444)
	at org.eclipse.jdt.internal.compiler.ast.MessageSend.generateCode(MessageSend.java:553)
	at org.eclipse.jdt.internal.compiler.ast.MessageSend.generateCode(MessageSend.java:546)
",2026-09-04T22:21:11
git@github.com:SAP/SapMachine.git,9209481::long method,9209481.0,long method,complexity,ck_failed," more info.
Exception in thread ""main"" java.lang.NullPointerException: Cannot read field ""declaringClass"" because ""mb"" is null
	at org.eclipse.jdt.internal.compiler.ast.ReferenceExpression.generateCode(ReferenceExpression.java:353)
	at org.eclipse.jdt.internal.compiler.ast.Statement.generateArguments(Statement.java:444)
	at org.eclipse.jdt.internal.compiler.ast.MessageSend.generateCode(MessageSend.java:553)
	at org.eclipse.jdt.internal.compiler.ast.MessageSend.generateCode(MessageSend.java:546)
",2026-09-04T22:21:11
git@github.com:SAP/SapMachine.git,9209895::feature envy,9209895.0,feature envy,complexity,ck_failed," more info.
Exception in thread ""main"" java.lang.NullPointerException: Cannot read field ""declaringClass"" because ""mb"" is null
	at org.eclipse.jdt.internal.compiler.ast.ReferenceExpression.generateCode(ReferenceExpression.java:353)
	at org.eclipse.jdt.internal.compiler.ast.Statement.generateArguments(Statement.java:444)
	at org.eclipse.jdt.internal.compiler.ast.MessageSend.generateCode(MessageSend.java:553)
	at org.eclipse.jdt.internal.compiler.ast.MessageSend.generateCode(MessageSend.java:546)
",2026-09-04T22:21:11
git@github.com:SAP/SapMachine.git,9209895::long method,9209895.0,long method,complexity,ck_failed," more info.
Exception in thread ""main"" java.lang.NullPointerException: Cannot read field ""declaringClass"" because ""mb"" is null
	at org.eclipse.jdt.internal.compiler.ast.ReferenceExpression.generateCode(ReferenceExpression.java:353)
	at org.eclipse.jdt.internal.compiler.ast.Statement.generateArguments(Statement.java:444)
	at org.eclipse.jdt.internal.compiler.ast.MessageSend.generateCode(MessageSend.java:553)
	at org.eclipse.jdt.internal.compiler.ast.MessageSend.generateCode(MessageSend.java:546)
",2026-09-04T22:21:11
git@github.com:SAP/SapMachine.git,9213827::feature envy,9213827.0,feature envy,complexity,ck_failed," more info.
Exception in thread ""main"" java.lang.NullPointerException: Cannot read field ""declaringClass"" because ""mb"" is null
	at org.eclipse.jdt.internal.compiler.ast.ReferenceExpression.generateCode(ReferenceExpression.java:353)
	at org.eclipse.jdt.internal.compiler.ast.Statement.generateArguments(Statement.java:444)
	at org.eclipse.jdt.internal.compiler.ast.MessageSend.generateCode(MessageSend.java:553)
	at org.eclipse.jdt.internal.compiler.ast.MessageSend.generateCode(MessageSend.java:546)
",2026-09-04T22:21:11
git@github.com:SAP/SapMachine.git,9213827::long method,9213827.0,long method,complexity,ck_failed," more info.
Exception in thread ""main"" java.lang.NullPointerException: Cannot read field ""declaringClass"" because ""mb"" is null
	at org.eclipse.jdt.internal.compiler.ast.ReferenceExpression.generateCode(ReferenceExpression.java:353)
	at org.eclipse.jdt.internal.compiler.ast.Statement.generateArguments(Statement.java:444)
	at org.eclipse.jdt.internal.compiler.ast.MessageSend.generateCode(MessageSend.java:553)
	at org.eclipse.jdt.internal.compiler.ast.MessageSend.generateCode(MessageSend.java:546)
",2026-09-04T22:21:11
git@github.com:SAP/SapMachine.git,9215037::feature envy,9215037.0,feature envy,complexity,ck_failed," more info.
Exception in thread ""main"" java.lang.NullPointerException: Cannot read field ""declaringClass"" because ""mb"" is null
	at org.eclipse.jdt.internal.compiler.ast.ReferenceExpression.generateCode(ReferenceExpression.java:353)
	at org.eclipse.jdt.internal.compiler.ast.Statement.generateArguments(Statement.java:444)
	at org.eclipse.jdt.internal.compiler.ast.MessageSend.generateCode(MessageSend.java:553)
	at org.eclipse.jdt.internal.compiler.ast.MessageSend.generateCode(MessageSend.java:546)
",2026-09-04T22:21:11
git@github.com:SAP/SapMachine.git,9215037::long method,9215037.0,long method,complexity,ck_failed," more info.
Exception in thread ""main"" java.lang.NullPointerException: Cannot read field ""declaringClass"" because ""mb"" is null
	at org.eclipse.jdt.internal.compiler.ast.ReferenceExpression.generateCode(ReferenceExpression.java:353)
	at org.eclipse.jdt.internal.compiler.ast.Statement.generateArguments(Statement.java:444)
	at org.eclipse.jdt.internal.compiler.ast.MessageSend.generateCode(MessageSend.java:553)
	at org.eclipse.jdt.internal.compiler.ast.MessageSend.generateCode(MessageSend.java:546)
",2026-09-04T22:21:11
git@github.com:SAP/SapMachine.git,9217401::feature envy,9217401.0,feature envy,complexity,ck_failed," more info.
Exception in thread ""main"" java.lang.NullPointerException: Cannot read field ""declaringClass"" because ""mb"" is null
	at org.eclipse.jdt.internal.compiler.ast.ReferenceExpression.generateCode(ReferenceExpression.java:353)
	at org.eclipse.jdt.internal.compiler.ast.Statement.generateArguments(Statement.java:444)
	at org.eclipse.jdt.internal.compiler.ast.MessageSend.generateCode(MessageSend.java:553)
	at org.eclipse.jdt.internal.compiler.ast.MessageSend.generateCode(MessageSend.java:546)
",2026-09-04T22:21:11
git@github.com:SAP/SapMachine.git,9217401::long method,9217401.0,long method,complexity,ck_failed," more info.
Exception in thread ""main"" java.lang.NullPointerException: Cannot read field ""declaringClass"" because ""mb"" is null
	at org.eclipse.jdt.internal.compiler.ast.ReferenceExpression.generateCode(ReferenceExpression.java:353)
	at org.eclipse.jdt.internal.compiler.ast.Statement.generateArguments(Statement.java:444)
	at org.eclipse.jdt.internal.compiler.ast.MessageSend.generateCode(MessageSend.java:553)
	at org.eclipse.jdt.internal.compiler.ast.MessageSend.generateCode(MessageSend.java:546)
",2026-09-04T22:21:11
git@github.com:SAP/SapMachine.git,9218768::feature envy,9218768.0,feature envy,complexity,ck_failed," more info.
Exception in thread ""main"" java.lang.NullPointerException: Cannot read field ""declaringClass"" because ""mb"" is null
	at org.eclipse.jdt.internal.compiler.ast.ReferenceExpression.generateCode(ReferenceExpression.java:353)
	at org.eclipse.jdt.internal.compiler.ast.Statement.generateArguments(Statement.java:444)
	at org.eclipse.jdt.internal.compiler.ast.MessageSend.generateCode(MessageSend.java:553)
	at org.eclipse.jdt.internal.compiler.ast.MessageSend.generateCode(MessageSend.java:546)
",2026-09-04T22:21:11
git@github.com:SAP/SapMachine.git,9218768::long method,9218768.0,long method,complexity,ck_failed," more info.
Exception in thread ""main"" java.lang.NullPointerException: Cannot read field ""declaringClass"" because ""mb"" is null
	at org.eclipse.jdt.internal.compiler.ast.ReferenceExpression.generateCode(ReferenceExpression.java:353)
	at org.eclipse.jdt.internal.compiler.ast.Statement.generateArguments(Statement.java:444)
	at org.eclipse.jdt.internal.compiler.ast.MessageSend.generateCode(MessageSend.java:553)
	at org.eclipse.jdt.internal.compiler.ast.MessageSend.generateCode(MessageSend.java:546)
",2026-09-04T22:21:11
git@github.com:SAP/SapMachine.git,9219509::feature envy,9219509.0,feature envy,complexity,ck_failed," more info.
Exception in thread ""main"" java.lang.NullPointerException: Cannot read field ""declaringClass"" because ""mb"" is null
	at org.eclipse.jdt.internal.compiler.ast.ReferenceExpression.generateCode(ReferenceExpression.java:353)
	at org.eclipse.jdt.internal.compiler.ast.Statement.generateArguments(Statement.java:444)
	at org.eclipse.jdt.internal.compiler.ast.MessageSend.generateCode(MessageSend.java:553)
	at org.eclipse.jdt.internal.compiler.ast.MessageSend.generateCode(MessageSend.java:546)
",2026-09-04T22:21:11
git@github.com:SAP/SapMachine.git,9219509::long method,9219509.0,long method,complexity,ck_failed," more info.
Exception in thread ""main"" java.lang.NullPointerException: Cannot read field ""declaringClass"" because ""mb"" is null
	at org.eclipse.jdt.internal.compiler.ast.ReferenceExpression.generateCode(ReferenceExpression.java:353)
	at org.eclipse.jdt.internal.compiler.ast.Statement.generateArguments(Statement.java:444)
	at org.eclipse.jdt.internal.compiler.ast.MessageSend.generateCode(MessageSend.java:553)
	at org.eclipse.jdt.internal.compiler.ast.MessageSend.generateCode(MessageSend.java:546)
",2026-09-04T22:21:11
git@github.com:SAP/SapMachine.git,9220014::blob,9220014.0,blob,complexity,ck_failed," more info.
Exception in thread ""main"" java.lang.NullPointerException: Cannot read field ""declaringClass"" because ""mb"" is null
	at org.eclipse.jdt.internal.compiler.ast.ReferenceExpression.generateCode(ReferenceExpression.java:353)
	at org.eclipse.jdt.internal.compiler.ast.Statement.generateArguments(Statement.java:444)
	at org.eclipse.jdt.internal.compiler.ast.MessageSend.generateCode(MessageSend.java:553)
	at org.eclipse.jdt.internal.compiler.ast.MessageSend.generateCode(MessageSend.java:546)
",2026-09-04T22:21:11
git@github.com:SAP/SapMachine.git,9220014::data class,9220014.0,data class,complexity,ck_failed," more info.
Exception in thread ""main"" java.lang.NullPointerException: Cannot read field ""declaringClass"" because ""mb"" is null
	at org.eclipse.jdt.internal.compiler.ast.ReferenceExpression.generateCode(ReferenceExpression.java:353)
	at org.eclipse.jdt.internal.compiler.ast.Statement.generateArguments(Statement.java:444)
	at org.eclipse.jdt.internal.compiler.ast.MessageSend.generateCode(MessageSend.java:553)
	at org.eclipse.jdt.internal.compiler.ast.MessageSend.generateCode(MessageSend.java:546)
",2026-09-04T22:21:11
git@github.com:SAP/SapMachine.git,9221780::blob,9221780.0,blob,complexity,ck_failed," more info.
Exception in thread ""main"" java.lang.NullPointerException: Cannot read field ""declaringClass"" because ""mb"" is null
	at org.eclipse.jdt.internal.compiler.ast.ReferenceExpression.generateCode(ReferenceExpression.java:353)
	at org.eclipse.jdt.internal.compiler.ast.Statement.generateArguments(Statement.java:444)
	at org.eclipse.jdt.internal.compiler.ast.MessageSend.generateCode(MessageSend.java:553)
	at org.eclipse.jdt.internal.compiler.ast.MessageSend.generateCode(MessageSend.java:546)
",2026-09-04T22:21:11
git@github.com:SAP/SapMachine.git,9221780::data class,9221780.0,data class,complexity,ck_failed," more info.
Exception in thread ""main"" java.lang.NullPointerException: Cannot read field ""declaringClass"" because ""mb"" is null
	at org.eclipse.jdt.internal.compiler.ast.ReferenceExpression.generateCode(ReferenceExpression.java:353)
	at org.eclipse.jdt.internal.compiler.ast.Statement.generateArguments(Statement.java:444)
	at org.eclipse.jdt.internal.compiler.ast.MessageSend.generateCode(MessageSend.java:553)
	at org.eclipse.jdt.internal.compiler.ast.MessageSend.generateCode(MessageSend.java:546)
",2026-09-04T22:21:11
git@github.com:SAP/SapMachine.git,9224077::feature envy,9224077.0,feature envy,complexity,ck_failed," more info.
Exception in thread ""main"" java.lang.NullPointerException: Cannot read field ""declaringClass"" because ""mb"" is null
	at org.eclipse.jdt.internal.compiler.ast.ReferenceExpression.generateCode(ReferenceExpression.java:353)
	at org.eclipse.jdt.internal.compiler.ast.Statement.generateArguments(Statement.java:444)
	at org.eclipse.jdt.internal.compiler.ast.MessageSend.generateCode(MessageSend.java:553)
	at org.eclipse.jdt.internal.compiler.ast.MessageSend.generateCode(MessageSend.java:546)
",2026-09-04T22:21:11
git@github.com:SAP/SapMachine.git,9224077::long method,9224077.0,long method,complexity,ck_failed," more info.
Exception in thread ""main"" java.lang.NullPointerException: Cannot read field ""declaringClass"" because ""mb"" is null
	at org.eclipse.jdt.internal.compiler.ast.ReferenceExpression.generateCode(ReferenceExpression.java:353)
	at org.eclipse.jdt.internal.compiler.ast.Statement.generateArguments(Statement.java:444)
	at org.eclipse.jdt.internal.compiler.ast.MessageSend.generateCode(MessageSend.java:553)
	at org.eclipse.jdt.internal.compiler.ast.MessageSend.generateCode(MessageSend.java:546)
",2026-09-04T22:21:11
git@github.com:SAP/SapMachine.git,9224432::feature envy,9224432.0,feature envy,complexity,ck_failed," more info.
Exception in thread ""main"" java.lang.NullPointerException: Cannot read field ""declaringClass"" because ""mb"" is null
	at org.eclipse.jdt.internal.compiler.ast.ReferenceExpression.generateCode(ReferenceExpression.java:353)
	at org.eclipse.jdt.internal.compiler.ast.Statement.generateArguments(Statement.java:444)
	at org.eclipse.jdt.internal.compiler.ast.MessageSend.generateCode(MessageSend.java:553)
	at org.eclipse.jdt.internal.compiler.ast.MessageSend.generateCode(MessageSend.java:546)
",2026-09-04T22:21:11
git@github.com:SAP/SapMachine.git,9224432::long method,9224432.0,long method,complexity,ck_failed," more info.
Exception in thread ""main"" java.lang.NullPointerException: Cannot read field ""declaringClass"" because ""mb"" is null
	at org.eclipse.jdt.internal.compiler.ast.ReferenceExpression.generateCode(ReferenceExpression.java:353)
	at org.eclipse.jdt.internal.compiler.ast.Statement.generateArguments(Statement.java:444)
	at org.eclipse.jdt.internal.compiler.ast.MessageSend.generateCode(MessageSend.java:553)
	at org.eclipse.jdt.internal.compiler.ast.MessageSend.generateCode(MessageSend.java:546)
",2026-09-04T22:21:11
git@github.com:SAP/SapMachine.git,9225640::feature envy,9225640.0,feature envy,complexity,ck_failed," more info.
Exception in thread ""main"" java.lang.NullPointerException: Cannot read field ""declaringClass"" because ""mb"" is null
	at org.eclipse.jdt.internal.compiler.ast.ReferenceExpression.generateCode(ReferenceExpression.java:353)
	at org.eclipse.jdt.internal.compiler.ast.Statement.generateArguments(Statement.java:444)
	at org.eclipse.jdt.internal.compiler.ast.MessageSend.generateCode(MessageSend.java:553)
	at org.eclipse.jdt.internal.compiler.ast.MessageSend.generateCode(MessageSend.java:546)
",2026-09-04T22:21:11
git@github.com:SAP/SapMachine.git,9225640::long method,9225640.0,long method,complexity,ck_failed," more info.
Exception in thread ""main"" java.lang.NullPointerException: Cannot read field ""declaringClass"" because ""mb"" is null
	at org.eclipse.jdt.internal.compiler.ast.ReferenceExpression.generateCode(ReferenceExpression.java:353)
	at org.eclipse.jdt.internal.compiler.ast.Statement.generateArguments(Statement.java:444)
	at org.eclipse.jdt.internal.compiler.ast.MessageSend.generateCode(MessageSend.java:553)
	at org.eclipse.jdt.internal.compiler.ast.MessageSend.generateCode(MessageSend.java:546)
",2026-09-04T22:21:11
git@github.com:SAP/SapMachine.git,9230800::feature envy,9230800.0,feature envy,complexity,ck_failed," more info.
Exception in thread ""main"" java.lang.NullPointerException: Cannot read field ""declaringClass"" because ""mb"" is null
	at org.eclipse.jdt.internal.compiler.ast.ReferenceExpression.generateCode(ReferenceExpression.java:353)
	at org.eclipse.jdt.internal.compiler.ast.Statement.generateArguments(Statement.java:444)
	at org.eclipse.jdt.internal.compiler.ast.MessageSend.generateCode(MessageSend.java:553)
	at org.eclipse.jdt.internal.compiler.ast.MessageSend.generateCode(MessageSend.java:546)
",2026-09-04T22:21:11
git@github.com:SAP/SapMachine.git,9230800::long method,9230800.0,long method,complexity,ck_failed," more info.
Exception in thread ""main"" java.lang.NullPointerException: Cannot read field ""declaringClass"" because ""mb"" is null
	at org.eclipse.jdt.internal.compiler.ast.ReferenceExpression.generateCode(ReferenceExpression.java:353)
	at org.eclipse.jdt.internal.compiler.ast.Statement.generateArguments(Statement.java:444)
	at org.eclipse.jdt.internal.compiler.ast.MessageSend.generateCode(MessageSend.java:553)
	at org.eclipse.jdt.internal.compiler.ast.MessageSend.generateCode(MessageSend.java:546)
",2026-09-04T22:21:11
git@github.com:SAP/SapMachine.git,9234588::blob,9234588.0,blob,complexity,ck_failed," more info.
Exception in thread ""main"" java.lang.NullPointerException: Cannot read field ""declaringClass"" because ""mb"" is null
	at org.eclipse.jdt.internal.compiler.ast.ReferenceExpression.generateCode(ReferenceExpression.java:353)
	at org.eclipse.jdt.internal.compiler.ast.Statement.generateArguments(Statement.java:444)
	at org.eclipse.jdt.internal.compiler.ast.MessageSend.generateCode(MessageSend.java:553)
	at org.eclipse.jdt.internal.compiler.ast.MessageSend.generateCode(MessageSend.java:546)
",2026-09-04T22:21:11
git@github.com:SAP/SapMachine.git,9234588::data class,9234588.0,data class,complexity,ck_failed," more info.
Exception in thread ""main"" java.lang.NullPointerException: Cannot read field ""declaringClass"" because ""mb"" is null
	at org.eclipse.jdt.internal.compiler.ast.ReferenceExpression.generateCode(ReferenceExpression.java:353)
	at org.eclipse.jdt.internal.compiler.ast.Statement.generateArguments(Statement.java:444)
	at org.eclipse.jdt.internal.compiler.ast.MessageSend.generateCode(MessageSend.java:553)
	at org.eclipse.jdt.internal.compiler.ast.MessageSend.generateCode(MessageSend.java:546)
",2026-09-04T22:21:11
git@github.com:SAP/SapMachine.git,9236949::feature envy,9236949.0,feature envy,complexity,ck_failed," more info.
Exception in thread ""main"" java.lang.NullPointerException: Cannot read field ""declaringClass"" because ""mb"" is null
	at org.eclipse.jdt.internal.compiler.ast.ReferenceExpression.generateCode(ReferenceExpression.java:353)
	at org.eclipse.jdt.internal.compiler.ast.Statement.generateArguments(Statement.java:444)
	at org.eclipse.jdt.internal.compiler.ast.MessageSend.generateCode(MessageSend.java:553)
	at org.eclipse.jdt.internal.compiler.ast.MessageSend.generateCode(MessageSend.java:546)
",2026-09-04T22:21:11
git@github.com:SAP/SapMachine.git,9236949::long method,9236949.0,long method,complexity,ck_failed," more info.
Exception in thread ""main"" java.lang.NullPointerException: Cannot read field ""declaringClass"" because ""mb"" is null
	at org.eclipse.jdt.internal.compiler.ast.ReferenceExpression.generateCode(ReferenceExpression.java:353)
	at org.eclipse.jdt.internal.compiler.ast.Statement.generateArguments(Statement.java:444)
	at org.eclipse.jdt.internal.compiler.ast.MessageSend.generateCode(MessageSend.java:553)
	at org.eclipse.jdt.internal.compiler.ast.MessageSend.generateCode(MessageSend.java:546)
",2026-09-04T22:21:11
git@github.com:SAP/SapMachine.git,9238213::feature envy,9238213.0,feature envy,complexity,ck_failed," more info.
Exception in thread ""main"" java.lang.NullPointerException: Cannot read field ""declaringClass"" because ""mb"" is null
	at org.eclipse.jdt.internal.compiler.ast.ReferenceExpression.generateCode(ReferenceExpression.java:353)
	at org.eclipse.jdt.internal.compiler.ast.Statement.generateArguments(Statement.java:444)
	at org.eclipse.jdt.internal.compiler.ast.MessageSend.generateCode(MessageSend.java:553)
	at org.eclipse.jdt.internal.compiler.ast.MessageSend.generateCode(MessageSend.java:546)
",2026-09-04T22:21:11
git@github.com:SAP/SapMachine.git,9238213::long method,9238213.0,long method,complexity,ck_failed," more info.
Exception in thread ""main"" java.lang.NullPointerException: Cannot read field ""declaringClass"" because ""mb"" is null
	at org.eclipse.jdt.internal.compiler.ast.ReferenceExpression.generateCode(ReferenceExpression.java:353)
	at org.eclipse.jdt.internal.compiler.ast.Statement.generateArguments(Statement.java:444)
	at org.eclipse.jdt.internal.compiler.ast.MessageSend.generateCode(MessageSend.java:553)
	at org.eclipse.jdt.internal.compiler.ast.MessageSend.generateCode(MessageSend.java:546)
",2026-09-04T22:21:11
git@github.com:SAP/SapMachine.git,9241387::blob,9241387.0,blob,complexity,ck_failed," more info.
Exception in thread ""main"" java.lang.NullPointerException: Cannot read field ""declaringClass"" because ""mb"" is null
	at org.eclipse.jdt.internal.compiler.ast.ReferenceExpression.generateCode(ReferenceExpression.java:353)
	at org.eclipse.jdt.internal.compiler.ast.Statement.generateArguments(Statement.java:444)
	at org.eclipse.jdt.internal.compiler.ast.MessageSend.generateCode(MessageSend.java:553)
	at org.eclipse.jdt.internal.compiler.ast.MessageSend.generateCode(MessageSend.java:546)
",2026-09-04T22:21:11
git@github.com:SAP/SapMachine.git,9241387::data class,9241387.0,data class,complexity,ck_failed," more info.
Exception in thread ""main"" java.lang.NullPointerException: Cannot read field ""declaringClass"" because ""mb"" is null
	at org.eclipse.jdt.internal.compiler.ast.ReferenceExpression.generateCode(ReferenceExpression.java:353)
	at org.eclipse.jdt.internal.compiler.ast.Statement.generateArguments(Statement.java:444)
	at org.eclipse.jdt.internal.compiler.ast.MessageSend.generateCode(MessageSend.java:553)
	at org.eclipse.jdt.internal.compiler.ast.MessageSend.generateCode(MessageSend.java:546)
",2026-09-04T22:21:11
git@github.com:SAP/SapMachine.git,9241391::blob,9241391.0,blob,complexity,ck_failed," more info.
Exception in thread ""main"" java.lang.NullPointerException: Cannot read field ""declaringClass"" because ""mb"" is null
	at org.eclipse.jdt.internal.compiler.ast.ReferenceExpression.generateCode(ReferenceExpression.java:353)
	at org.eclipse.jdt.internal.compiler.ast.Statement.generateArguments(Statement.java:444)
	at org.eclipse.jdt.internal.compiler.ast.MessageSend.generateCode(MessageSend.java:553)
	at org.eclipse.jdt.internal.compiler.ast.MessageSend.generateCode(MessageSend.java:546)
",2026-09-04T22:21:11
git@github.com:SAP/SapMachine.git,9241391::data class,9241391.0,data class,complexity,ck_failed," more info.
Exception in thread ""main"" java.lang.NullPointerException: Cannot read field ""declaringClass"" because ""mb"" is null
	at org.eclipse.jdt.internal.compiler.ast.ReferenceExpression.generateCode(ReferenceExpression.java:353)
	at org.eclipse.jdt.internal.compiler.ast.Statement.generateArguments(Statement.java:444)
	at org.eclipse.jdt.internal.compiler.ast.MessageSend.generateCode(MessageSend.java:553)
	at org.eclipse.jdt.internal.compiler.ast.MessageSend.generateCode(MessageSend.java:546)
",2026-09-04T22:21:11
git@github.com:SAP/SapMachine.git,9242897::feature envy,9242897.0,feature envy,complexity,ck_failed," more info.
Exception in thread ""main"" java.lang.NullPointerException: Cannot read field ""declaringClass"" because ""mb"" is null
	at org.eclipse.jdt.internal.compiler.ast.ReferenceExpression.generateCode(ReferenceExpression.java:353)
	at org.eclipse.jdt.internal.compiler.ast.Statement.generateArguments(Statement.java:444)
	at org.eclipse.jdt.internal.compiler.ast.MessageSend.generateCode(MessageSend.java:553)
	at org.eclipse.jdt.internal.compiler.ast.MessageSend.generateCode(MessageSend.java:546)
",2026-09-04T22:21:11
git@github.com:SAP/SapMachine.git,9242897::long method,9242897.0,long method,complexity,ck_failed," more info.
Exception in thread ""main"" java.lang.NullPointerException: Cannot read field ""declaringClass"" because ""mb"" is null
	at org.eclipse.jdt.internal.compiler.ast.ReferenceExpression.generateCode(ReferenceExpression.java:353)
	at org.eclipse.jdt.internal.compiler.ast.Statement.generateArguments(Statement.java:444)
	at org.eclipse.jdt.internal.compiler.ast.MessageSend.generateCode(MessageSend.java:553)
	at org.eclipse.jdt.internal.compiler.ast.MessageSend.generateCode(MessageSend.java:546)
",2026-09-04T22:21:11
git@github.com:SAP/SapMachine.git,9243307::data class,9243307.0,data class,complexity,ck_failed," more info.
Exception in thread ""main"" java.lang.NullPointerException: Cannot read field ""declaringClass"" because ""mb"" is null
	at org.eclipse.jdt.internal.compiler.ast.ReferenceExpression.generateCode(ReferenceExpression.java:353)
	at org.eclipse.jdt.internal.compiler.ast.Statement.generateArguments(Statement.java:444)
	at org.eclipse.jdt.internal.compiler.ast.MessageSend.generateCode(MessageSend.java:553)
	at org.eclipse.jdt.internal.compiler.ast.MessageSend.generateCode(MessageSend.java:546)
",2026-09-04T22:21:11
git@github.com:SAP/SapMachine.git,9243860::blob,9243860.0,blob,complexity,ck_failed," more info.
Exception in thread ""main"" java.lang.NullPointerException: Cannot read field ""declaringClass"" because ""mb"" is null
	at org.eclipse.jdt.internal.compiler.ast.ReferenceExpression.generateCode(ReferenceExpression.java:353)
	at org.eclipse.jdt.internal.compiler.ast.Statement.generateArguments(Statement.java:444)
	at org.eclipse.jdt.internal.compiler.ast.MessageSend.generateCode(MessageSend.java:553)
	at org.eclipse.jdt.internal.compiler.ast.MessageSend.generateCode(MessageSend.java:546)
",2026-09-04T22:21:11
git@github.com:SAP/SapMachine.git,9243860::data class,9243860.0,data class,complexity,ck_failed," more info.
Exception in thread ""main"" java.lang.NullPointerException: Cannot read field ""declaringClass"" because ""mb"" is null
	at org.eclipse.jdt.internal.compiler.ast.ReferenceExpression.generateCode(ReferenceExpression.java:353)
	at org.eclipse.jdt.internal.compiler.ast.Statement.generateArguments(Statement.java:444)
	at org.eclipse.jdt.internal.compiler.ast.MessageSend.generateCode(MessageSend.java:553)
	at org.eclipse.jdt.internal.compiler.ast.MessageSend.generateCode(MessageSend.java:546)
",2026-09-04T22:21:11
git@github.com:SAP/SapMachine.git,9245741::feature envy,9245741.0,feature envy,complexity,ck_failed," more info.
Exception in thread ""main"" java.lang.NullPointerException: Cannot read field ""declaringClass"" because ""mb"" is null
	at org.eclipse.jdt.internal.compiler.ast.ReferenceExpression.generateCode(ReferenceExpression.java:353)
	at org.eclipse.jdt.internal.compiler.ast.Statement.generateArguments(Statement.java:444)
	at org.eclipse.jdt.internal.compiler.ast.MessageSend.generateCode(MessageSend.java:553)
	at org.eclipse.jdt.internal.compiler.ast.MessageSend.generateCode(MessageSend.java:546)
",2026-09-04T22:21:11
git@github.com:SAP/SapMachine.git,9245741::long method,9245741.0,long method,complexity,ck_failed," more info.
Exception in thread ""main"" java.lang.NullPointerException: Cannot read field ""declaringClass"" because ""mb"" is null
	at org.eclipse.jdt.internal.compiler.ast.ReferenceExpression.generateCode(ReferenceExpression.java:353)
	at org.eclipse.jdt.internal.compiler.ast.Statement.generateArguments(Statement.java:444)
	at org.eclipse.jdt.internal.compiler.ast.MessageSend.generateCode(MessageSend.java:553)
	at org.eclipse.jdt.internal.compiler.ast.MessageSend.generateCode(MessageSend.java:546)
",2026-09-04T22:21:11
git@github.com:SAP/SapMachine.git,9247243::feature envy,9247243.0,feature envy,complexity,ck_failed," more info.
Exception in thread ""main"" java.lang.NullPointerException: Cannot read field ""declaringClass"" because ""mb"" is null
	at org.eclipse.jdt.internal.compiler.ast.ReferenceExpression.generateCode(ReferenceExpression.java:353)
	at org.eclipse.jdt.internal.compiler.ast.Statement.generateArguments(Statement.java:444)
	at org.eclipse.jdt.internal.compiler.ast.MessageSend.generateCode(MessageSend.java:553)
	at org.eclipse.jdt.internal.compiler.ast.MessageSend.generateCode(MessageSend.java:546)
",2026-09-04T22:21:11
git@github.com:SAP/SapMachine.git,9247243::long method,9247243.0,long method,complexity,ck_failed," more info.
Exception in thread ""main"" java.lang.NullPointerException: Cannot read field ""declaringClass"" because ""mb"" is null
	at org.eclipse.jdt.internal.compiler.ast.ReferenceExpression.generateCode(ReferenceExpression.java:353)
	at org.eclipse.jdt.internal.compiler.ast.Statement.generateArguments(Statement.java:444)
	at org.eclipse.jdt.internal.compiler.ast.MessageSend.generateCode(MessageSend.java:553)
	at org.eclipse.jdt.internal.compiler.ast.MessageSend.generateCode(MessageSend.java:546)
",2026-09-04T22:21:11
git@github.com:SAP/SapMachine.git,9248213::blob,9248213.0,blob,complexity,ck_failed," more info.
Exception in thread ""main"" java.lang.NullPointerException: Cannot read field ""declaringClass"" because ""mb"" is null
	at org.eclipse.jdt.internal.compiler.ast.ReferenceExpression.generateCode(ReferenceExpression.java:353)
	at org.eclipse.jdt.internal.compiler.ast.Statement.generateArguments(Statement.java:444)
	at org.eclipse.jdt.internal.compiler.ast.MessageSend.generateCode(MessageSend.java:553)
	at org.eclipse.jdt.internal.compiler.ast.MessageSend.generateCode(MessageSend.java:546)
",2026-09-04T22:21:11
git@github.com:SAP/SapMachine.git,9248213::data class,9248213.0,data class,complexity,ck_failed," more info.
Exception in thread ""main"" java.lang.NullPointerException: Cannot read field ""declaringClass"" because ""mb"" is null
	at org.eclipse.jdt.internal.compiler.ast.ReferenceExpression.generateCode(ReferenceExpression.java:353)
	at org.eclipse.jdt.internal.compiler.ast.Statement.generateArguments(Statement.java:444)
	at org.eclipse.jdt.internal.compiler.ast.MessageSend.generateCode(MessageSend.java:553)
	at org.eclipse.jdt.internal.compiler.ast.MessageSend.generateCode(MessageSend.java:546)
",2026-09-04T22:21:11
git@github.com:SAP/SapMachine.git,9248421::feature envy,9248421.0,feature envy,complexity,ck_failed," more info.
Exception in thread ""main"" java.lang.NullPointerException: Cannot read field ""declaringClass"" because ""mb"" is null
	at org.eclipse.jdt.internal.compiler.ast.ReferenceExpression.generateCode(ReferenceExpression.java:353)
	at org.eclipse.jdt.internal.compiler.ast.Statement.generateArguments(Statement.java:444)
	at org.eclipse.jdt.internal.compiler.ast.MessageSend.generateCode(MessageSend.java:553)
	at org.eclipse.jdt.internal.compiler.ast.MessageSend.generateCode(MessageSend.java:546)
",2026-09-04T22:21:11
git@github.com:SAP/SapMachine.git,9248421::long method,9248421.0,long method,complexity,ck_failed," more info.
Exception in thread ""main"" java.lang.NullPointerException: Cannot read field ""declaringClass"" because ""mb"" is null
	at org.eclipse.jdt.internal.compiler.ast.ReferenceExpression.generateCode(ReferenceExpression.java:353)
	at org.eclipse.jdt.internal.compiler.ast.Statement.generateArguments(Statement.java:444)
	at org.eclipse.jdt.internal.compiler.ast.MessageSend.generateCode(MessageSend.java:553)
	at org.eclipse.jdt.internal.compiler.ast.MessageSend.generateCode(MessageSend.java:546)
",2026-09-04T22:21:11
git@github.com:SAP/SapMachine.git,9249010::blob,9249010.0,blob,complexity,ck_failed," more info.
Exception in thread ""main"" java.lang.NullPointerException: Cannot read field ""declaringClass"" because ""mb"" is null
	at org.eclipse.jdt.internal.compiler.ast.ReferenceExpression.generateCode(ReferenceExpression.java:353)
	at org.eclipse.jdt.internal.compiler.ast.Statement.generateArguments(Statement.java:444)
	at org.eclipse.jdt.internal.compiler.ast.MessageSend.generateCode(MessageSend.java:553)
	at org.eclipse.jdt.internal.compiler.ast.MessageSend.generateCode(MessageSend.java:546)
",2026-09-04T22:21:11
git@github.com:SAP/SapMachine.git,9249010::data class,9249010.0,data class,complexity,ck_failed," more info.
Exception in thread ""main"" java.lang.NullPointerException: Cannot read field ""declaringClass"" because ""mb"" is null
	at org.eclipse.jdt.internal.compiler.ast.ReferenceExpression.generateCode(ReferenceExpression.java:353)
	at org.eclipse.jdt.internal.compiler.ast.Statement.generateArguments(Statement.java:444)
	at org.eclipse.jdt.internal.compiler.ast.MessageSend.generateCode(MessageSend.java:553)
	at org.eclipse.jdt.internal.compiler.ast.MessageSend.generateCode(MessageSend.java:546)
",2026-09-04T22:21:11
git@github.com:SAP/SapMachine.git,9249537::feature envy,9249537.0,feature envy,complexity,ck_failed," more info.
Exception in thread ""main"" java.lang.NullPointerException: Cannot read field ""declaringClass"" because ""mb"" is null
	at org.eclipse.jdt.internal.compiler.ast.ReferenceExpression.generateCode(ReferenceExpression.java:353)
	at org.eclipse.jdt.internal.compiler.ast.Statement.generateArguments(Statement.java:444)
	at org.eclipse.jdt.internal.compiler.ast.MessageSend.generateCode(MessageSend.java:553)
	at org.eclipse.jdt.internal.compiler.ast.MessageSend.generateCode(MessageSend.java:546)
",2026-09-04T22:21:11
git@github.com:SAP/SapMachine.git,9249537::long method,9249537.0,long method,complexity,ck_failed," more info.
Exception in thread ""main"" java.lang.NullPointerException: Cannot read field ""declaringClass"" because ""mb"" is null
	at org.eclipse.jdt.internal.compiler.ast.ReferenceExpression.generateCode(ReferenceExpression.java:353)
	at org.eclipse.jdt.internal.compiler.ast.Statement.generateArguments(Statement.java:444)
	at org.eclipse.jdt.internal.compiler.ast.MessageSend.generateCode(MessageSend.java:553)
	at org.eclipse.jdt.internal.compiler.ast.MessageSend.generateCode(MessageSend.java:546)
",2026-09-04T22:21:11
git@github.com:SAP/SapMachine.git,9249980::feature envy,9249980.0,feature envy,complexity,ck_failed," more info.
Exception in thread ""main"" java.lang.NullPointerException: Cannot read field ""declaringClass"" because ""mb"" is null
	at org.eclipse.jdt.internal.compiler.ast.ReferenceExpression.generateCode(ReferenceExpression.java:353)
	at org.eclipse.jdt.internal.compiler.ast.Statement.generateArguments(Statement.java:444)
	at org.eclipse.jdt.internal.compiler.ast.MessageSend.generateCode(MessageSend.java:553)
	at org.eclipse.jdt.internal.compiler.ast.MessageSend.generateCode(MessageSend.java:546)
",2026-09-04T22:21:11
git@github.com:SAP/SapMachine.git,9249980::long method,9249980.0,long method,complexity,ck_failed," more info.
Exception in thread ""main"" java.lang.NullPointerException: Cannot read field ""declaringClass"" because ""mb"" is null
	at org.eclipse.jdt.internal.compiler.ast.ReferenceExpression.generateCode(ReferenceExpression.java:353)
	at org.eclipse.jdt.internal.compiler.ast.Statement.generateArguments(Statement.java:444)
	at org.eclipse.jdt.internal.compiler.ast.MessageSend.generateCode(MessageSend.java:553)
	at org.eclipse.jdt.internal.compiler.ast.MessageSend.generateCode(MessageSend.java:546)
",2026-09-04T22:21:11
git@github.com:SAP/SapMachine.git,9251392::blob,9251392.0,blob,complexity,ck_failed," more info.
Exception in thread ""main"" java.lang.NullPointerException: Cannot read field ""declaringClass"" because ""mb"" is null
	at org.eclipse.jdt.internal.compiler.ast.ReferenceExpression.generateCode(ReferenceExpression.java:353)
	at org.eclipse.jdt.internal.compiler.ast.Statement.generateArguments(Statement.java:444)
	at org.eclipse.jdt.internal.compiler.ast.MessageSend.generateCode(MessageSend.java:553)
	at org.eclipse.jdt.internal.compiler.ast.MessageSend.generateCode(MessageSend.java:546)
",2026-09-04T22:21:11
git@github.com:SAP/SapMachine.git,9251392::data class,9251392.0,data class,complexity,ck_failed," more info.
Exception in thread ""main"" java.lang.NullPointerException: Cannot read field ""declaringClass"" because ""mb"" is null
	at org.eclipse.jdt.internal.compiler.ast.ReferenceExpression.generateCode(ReferenceExpression.java:353)
	at org.eclipse.jdt.internal.compiler.ast.Statement.generateArguments(Statement.java:444)
	at org.eclipse.jdt.internal.compiler.ast.MessageSend.generateCode(MessageSend.java:553)
	at org.eclipse.jdt.internal.compiler.ast.MessageSend.generateCode(MessageSend.java:546)
",2026-09-04T22:21:11
git@github.com:SAP/SapMachine.git,9251517::blob,9251517.0,blob,complexity,ck_failed," more info.
Exception in thread ""main"" java.lang.NullPointerException: Cannot read field ""declaringClass"" because ""mb"" is null
	at org.eclipse.jdt.internal.compiler.ast.ReferenceExpression.generateCode(ReferenceExpression.java:353)
	at org.eclipse.jdt.internal.compiler.ast.Statement.generateArguments(Statement.java:444)
	at org.eclipse.jdt.internal.compiler.ast.MessageSend.generateCode(MessageSend.java:553)
	at org.eclipse.jdt.internal.compiler.ast.MessageSend.generateCode(MessageSend.java:546)
",2026-09-04T22:21:11
git@github.com:SAP/SapMachine.git,9251517::data class,9251517.0,data class,complexity,ck_failed," more info.
Exception in thread ""main"" java.lang.NullPointerException: Cannot read field ""declaringClass"" because ""mb"" is null
	at org.eclipse.jdt.internal.compiler.ast.ReferenceExpression.generateCode(ReferenceExpression.java:353)
	at org.eclipse.jdt.internal.compiler.ast.Statement.generateArguments(Statement.java:444)
	at org.eclipse.jdt.internal.compiler.ast.MessageSend.generateCode(MessageSend.java:553)
	at org.eclipse.jdt.internal.compiler.ast.MessageSend.generateCode(MessageSend.java:546)
",2026-09-04T22:21:11
git@github.com:SAP/SapMachine.git,9251958::feature envy,9251958.0,feature envy,complexity,ck_failed," more info.
Exception in thread ""main"" java.lang.NullPointerException: Cannot read field ""declaringClass"" because ""mb"" is null
	at org.eclipse.jdt.internal.compiler.ast.ReferenceExpression.generateCode(ReferenceExpression.java:353)
	at org.eclipse.jdt.internal.compiler.ast.Statement.generateArguments(Statement.java:444)
	at org.eclipse.jdt.internal.compiler.ast.MessageSend.generateCode(MessageSend.java:553)
	at org.eclipse.jdt.internal.compiler.ast.MessageSend.generateCode(MessageSend.java:546)
",2026-09-04T22:21:11
git@github.com:SAP/SapMachine.git,9251958::long method,9251958.0,long method,complexity,ck_failed," more info.
Exception in thread ""main"" java.lang.NullPointerException: Cannot read field ""declaringClass"" because ""mb"" is null
	at org.eclipse.jdt.internal.compiler.ast.ReferenceExpression.generateCode(ReferenceExpression.java:353)
	at org.eclipse.jdt.internal.compiler.ast.Statement.generateArguments(Statement.java:444)
	at org.eclipse.jdt.internal.compiler.ast.MessageSend.generateCode(MessageSend.java:553)
	at org.eclipse.jdt.internal.compiler.ast.MessageSend.generateCode(MessageSend.java:546)
",2026-09-04T22:21:11
git@github.com:SAP/SapMachine.git,9255886::feature envy,9255886.0,feature envy,complexity,ck_failed," more info.
Exception in thread ""main"" java.lang.NullPointerException: Cannot read field ""declaringClass"" because ""mb"" is null
	at org.eclipse.jdt.internal.compiler.ast.ReferenceExpression.generateCode(ReferenceExpression.java:353)
	at org.eclipse.jdt.internal.compiler.ast.Statement.generateArguments(Statement.java:444)
	at org.eclipse.jdt.internal.compiler.ast.MessageSend.generateCode(MessageSend.java:553)
	at org.eclipse.jdt.internal.compiler.ast.MessageSend.generateCode(MessageSend.java:546)
",2026-09-04T22:21:11
git@github.com:SAP/SapMachine.git,9255886::long method,9255886.0,long method,complexity,ck_failed," more info.
Exception in thread ""main"" java.lang.NullPointerException: Cannot read field ""declaringClass"" because ""mb"" is null
	at org.eclipse.jdt.internal.compiler.ast.ReferenceExpression.generateCode(ReferenceExpression.java:353)
	at org.eclipse.jdt.internal.compiler.ast.Statement.generateArguments(Statement.java:444)
	at org.eclipse.jdt.internal.compiler.ast.MessageSend.generateCode(MessageSend.java:553)
	at org.eclipse.jdt.internal.compiler.ast.MessageSend.generateCode(MessageSend.java:546)
",2026-09-04T22:21:11
git@github.com:SAP/SapMachine.git,9258251::feature envy,9258251.0,feature envy,complexity,ck_failed," more info.
Exception in thread ""main"" java.lang.NullPointerException: Cannot read field ""declaringClass"" because ""mb"" is null
	at org.eclipse.jdt.internal.compiler.ast.ReferenceExpression.generateCode(ReferenceExpression.java:353)
	at org.eclipse.jdt.internal.compiler.ast.Statement.generateArguments(Statement.java:444)
	at org.eclipse.jdt.internal.compiler.ast.MessageSend.generateCode(MessageSend.java:553)
	at org.eclipse.jdt.internal.compiler.ast.MessageSend.generateCode(MessageSend.java:546)
",2026-09-04T22:21:11
git@github.com:SAP/SapMachine.git,9258251::long method,9258251.0,long method,complexity,ck_failed," more info.
Exception in thread ""main"" java.lang.NullPointerException: Cannot read field ""declaringClass"" because ""mb"" is null
	at org.eclipse.jdt.internal.compiler.ast.ReferenceExpression.generateCode(ReferenceExpression.java:353)
	at org.eclipse.jdt.internal.compiler.ast.Statement.generateArguments(Statement.java:444)
	at org.eclipse.jdt.internal.compiler.ast.MessageSend.generateCode(MessageSend.java:553)
	at org.eclipse.jdt.internal.compiler.ast.MessageSend.generateCode(MessageSend.java:546)
",2026-09-04T22:21:11
git@github.com:SAP/SapMachine.git,9260596::blob,9260596.0,blob,complexity,ck_failed," more info.
Exception in thread ""main"" java.lang.NullPointerException: Cannot read field ""declaringClass"" because ""mb"" is null
	at org.eclipse.jdt.internal.compiler.ast.ReferenceExpression.generateCode(ReferenceExpression.java:353)
	at org.eclipse.jdt.internal.compiler.ast.Statement.generateArguments(Statement.java:444)
	at org.eclipse.jdt.internal.compiler.ast.MessageSend.generateCode(MessageSend.java:553)
	at org.eclipse.jdt.internal.compiler.ast.MessageSend.generateCode(MessageSend.java:546)
",2026-09-04T22:21:11
git@github.com:SAP/SapMachine.git,9260596::data class,9260596.0,data class,complexity,ck_failed," more info.
Exception in thread ""main"" java.lang.NullPointerException: Cannot read field ""declaringClass"" because ""mb"" is null
	at org.eclipse.jdt.internal.compiler.ast.ReferenceExpression.generateCode(ReferenceExpression.java:353)
	at org.eclipse.jdt.internal.compiler.ast.Statement.generateArguments(Statement.java:444)
	at org.eclipse.jdt.internal.compiler.ast.MessageSend.generateCode(MessageSend.java:553)
	at org.eclipse.jdt.internal.compiler.ast.MessageSend.generateCode(MessageSend.java:546)
",2026-09-04T22:21:11
git@github.com:SAP/SapMachine.git,9263532::feature envy,9263532.0,feature envy,complexity,ck_failed," more info.
Exception in thread ""main"" java.lang.NullPointerException: Cannot read field ""declaringClass"" because ""mb"" is null
	at org.eclipse.jdt.internal.compiler.ast.ReferenceExpression.generateCode(ReferenceExpression.java:353)
	at org.eclipse.jdt.internal.compiler.ast.Statement.generateArguments(Statement.java:444)
	at org.eclipse.jdt.internal.compiler.ast.MessageSend.generateCode(MessageSend.java:553)
	at org.eclipse.jdt.internal.compiler.ast.MessageSend.generateCode(MessageSend.java:546)
",2026-09-04T22:21:11
git@github.com:SAP/SapMachine.git,9263532::long method,9263532.0,long method,complexity,ck_failed," more info.
Exception in thread ""main"" java.lang.NullPointerException: Cannot read field ""declaringClass"" because ""mb"" is null
	at org.eclipse.jdt.internal.compiler.ast.ReferenceExpression.generateCode(ReferenceExpression.java:353)
	at org.eclipse.jdt.internal.compiler.ast.Statement.generateArguments(Statement.java:444)
	at org.eclipse.jdt.internal.compiler.ast.MessageSend.generateCode(MessageSend.java:553)
	at org.eclipse.jdt.internal.compiler.ast.MessageSend.generateCode(MessageSend.java:546)
",2026-09-04T22:21:11
git@github.com:SAP/SapMachine.git,9267168::feature envy,9267168.0,feature envy,complexity,ck_failed," more info.
Exception in thread ""main"" java.lang.NullPointerException: Cannot read field ""declaringClass"" because ""mb"" is null
	at org.eclipse.jdt.internal.compiler.ast.ReferenceExpression.generateCode(ReferenceExpression.java:353)
	at org.eclipse.jdt.internal.compiler.ast.Statement.generateArguments(Statement.java:444)
	at org.eclipse.jdt.internal.compiler.ast.MessageSend.generateCode(MessageSend.java:553)
	at org.eclipse.jdt.internal.compiler.ast.MessageSend.generateCode(MessageSend.java:546)
",2026-09-04T22:21:11
git@github.com:SAP/SapMachine.git,9267168::long method,9267168.0,long method,complexity,ck_failed," more info.
Exception in thread ""main"" java.lang.NullPointerException: Cannot read field ""declaringClass"" because ""mb"" is null
	at org.eclipse.jdt.internal.compiler.ast.ReferenceExpression.generateCode(ReferenceExpression.java:353)
	at org.eclipse.jdt.internal.compiler.ast.Statement.generateArguments(Statement.java:444)
	at org.eclipse.jdt.internal.compiler.ast.MessageSend.generateCode(MessageSend.java:553)
	at org.eclipse.jdt.internal.compiler.ast.MessageSend.generateCode(MessageSend.java:546)
",2026-09-04T22:21:11
git@github.com:SAP/SapMachine.git,9267571::feature envy,9267571.0,feature envy,complexity,ck_failed," more info.
Exception in thread ""main"" java.lang.NullPointerException: Cannot read field ""declaringClass"" because ""mb"" is null
	at org.eclipse.jdt.internal.compiler.ast.ReferenceExpression.generateCode(ReferenceExpression.java:353)
	at org.eclipse.jdt.internal.compiler.ast.Statement.generateArguments(Statement.java:444)
	at org.eclipse.jdt.internal.compiler.ast.MessageSend.generateCode(MessageSend.java:553)
	at org.eclipse.jdt.internal.compiler.ast.MessageSend.generateCode(MessageSend.java:546)
",2026-09-04T22:21:11
git@github.com:SAP/SapMachine.git,9267571::long method,9267571.0,long method,complexity,ck_failed," more info.
Exception in thread ""main"" java.lang.NullPointerException: Cannot read field ""declaringClass"" because ""mb"" is null
	at org.eclipse.jdt.internal.compiler.ast.ReferenceExpression.generateCode(ReferenceExpression.java:353)
	at org.eclipse.jdt.internal.compiler.ast.Statement.generateArguments(Statement.java:444)
	at org.eclipse.jdt.internal.compiler.ast.MessageSend.generateCode(MessageSend.java:553)
	at org.eclipse.jdt.internal.compiler.ast.MessageSend.generateCode(MessageSend.java:546)
",2026-09-04T22:21:11
git@github.com:SAP/SapMachine.git,9269951::feature envy,9269951.0,feature envy,complexity,ck_failed," more info.
Exception in thread ""main"" java.lang.NullPointerException: Cannot read field ""declaringClass"" because ""mb"" is null
	at org.eclipse.jdt.internal.compiler.ast.ReferenceExpression.generateCode(ReferenceExpression.java:353)
	at org.eclipse.jdt.internal.compiler.ast.Statement.generateArguments(Statement.java:444)
	at org.eclipse.jdt.internal.compiler.ast.MessageSend.generateCode(MessageSend.java:553)
	at org.eclipse.jdt.internal.compiler.ast.MessageSend.generateCode(MessageSend.java:546)
",2026-09-04T22:21:11
git@github.com:SAP/SapMachine.git,9269951::long method,9269951.0,long method,complexity,ck_failed," more info.
Exception in thread ""main"" java.lang.NullPointerException: Cannot read field ""declaringClass"" because ""mb"" is null
	at org.eclipse.jdt.internal.compiler.ast.ReferenceExpression.generateCode(ReferenceExpression.java:353)
	at org.eclipse.jdt.internal.compiler.ast.Statement.generateArguments(Statement.java:444)
	at org.eclipse.jdt.internal.compiler.ast.MessageSend.generateCode(MessageSend.java:553)
	at org.eclipse.jdt.internal.compiler.ast.MessageSend.generateCode(MessageSend.java:546)
",2026-09-04T22:21:11
git@github.com:SAP/SapMachine.git,9272148::blob,9272148.0,blob,complexity,ck_failed," more info.
Exception in thread ""main"" java.lang.NullPointerException: Cannot read field ""declaringClass"" because ""mb"" is null
	at org.eclipse.jdt.internal.compiler.ast.ReferenceExpression.generateCode(ReferenceExpression.java:353)
	at org.eclipse.jdt.internal.compiler.ast.Statement.generateArguments(Statement.java:444)
	at org.eclipse.jdt.internal.compiler.ast.MessageSend.generateCode(MessageSend.java:553)
	at org.eclipse.jdt.internal.compiler.ast.MessageSend.generateCode(MessageSend.java:546)
",2026-09-04T22:21:11
git@github.com:SAP/SapMachine.git,9272148::data class,9272148.0,data class,complexity,ck_failed," more info.
Exception in thread ""main"" java.lang.NullPointerException: Cannot read field ""declaringClass"" because ""mb"" is null
	at org.eclipse.jdt.internal.compiler.ast.ReferenceExpression.generateCode(ReferenceExpression.java:353)
	at org.eclipse.jdt.internal.compiler.ast.Statement.generateArguments(Statement.java:444)
	at org.eclipse.jdt.internal.compiler.ast.MessageSend.generateCode(MessageSend.java:553)
	at org.eclipse.jdt.internal.compiler.ast.MessageSend.generateCode(MessageSend.java:546)
",2026-09-04T22:21:11
git@github.com:SAP/SapMachine.git,9272415::blob,9272415.0,blob,complexity,ck_failed," more info.
Exception in thread ""main"" java.lang.NullPointerException: Cannot read field ""declaringClass"" because ""mb"" is null
	at org.eclipse.jdt.internal.compiler.ast.ReferenceExpression.generateCode(ReferenceExpression.java:353)
	at org.eclipse.jdt.internal.compiler.ast.Statement.generateArguments(Statement.java:444)
	at org.eclipse.jdt.internal.compiler.ast.MessageSend.generateCode(MessageSend.java:553)
	at org.eclipse.jdt.internal.compiler.ast.MessageSend.generateCode(MessageSend.java:546)
",2026-09-04T22:21:11
git@github.com:SAP/SapMachine.git,9272415::data class,9272415.0,data class,complexity,ck_failed," more info.
Exception in thread ""main"" java.lang.NullPointerException: Cannot read field ""declaringClass"" because ""mb"" is null
	at org.eclipse.jdt.internal.compiler.ast.ReferenceExpression.generateCode(ReferenceExpression.java:353)
	at org.eclipse.jdt.internal.compiler.ast.Statement.generateArguments(Statement.java:444)
	at org.eclipse.jdt.internal.compiler.ast.MessageSend.generateCode(MessageSend.java:553)
	at org.eclipse.jdt.internal.compiler.ast.MessageSend.generateCode(MessageSend.java:546)
",2026-09-04T22:21:11
git@github.com:SAP/SapMachine.git,9276314::blob,9276314.0,blob,complexity,ck_failed," more info.
Exception in thread ""main"" java.lang.NullPointerException: Cannot read field ""declaringClass"" because ""mb"" is null
	at org.eclipse.jdt.internal.compiler.ast.ReferenceExpression.generateCode(ReferenceExpression.java:353)
	at org.eclipse.jdt.internal.compiler.ast.Statement.generateArguments(Statement.java:444)
	at org.eclipse.jdt.internal.compiler.ast.MessageSend.generateCode(MessageSend.java:553)
	at org.eclipse.jdt.internal.compiler.ast.MessageSend.generateCode(MessageSend.java:546)
",2026-09-04T22:21:11
git@github.com:SAP/SapMachine.git,9276314::data class,9276314.0,data class,complexity,ck_failed," more info.
Exception in thread ""main"" java.lang.NullPointerException: Cannot read field ""declaringClass"" because ""mb"" is null
	at org.eclipse.jdt.internal.compiler.ast.ReferenceExpression.generateCode(ReferenceExpression.java:353)
	at org.eclipse.jdt.internal.compiler.ast.Statement.generateArguments(Statement.java:444)
	at org.eclipse.jdt.internal.compiler.ast.MessageSend.generateCode(MessageSend.java:553)
	at org.eclipse.jdt.internal.compiler.ast.MessageSend.generateCode(MessageSend.java:546)
",2026-09-04T22:21:11
git@github.com:SAP/SapMachine.git,9278685::blob,9278685.0,blob,complexity,ck_failed," more info.
Exception in thread ""main"" java.lang.NullPointerException: Cannot read field ""declaringClass"" because ""mb"" is null
	at org.eclipse.jdt.internal.compiler.ast.ReferenceExpression.generateCode(ReferenceExpression.java:353)
	at org.eclipse.jdt.internal.compiler.ast.Statement.generateArguments(Statement.java:444)
	at org.eclipse.jdt.internal.compiler.ast.MessageSend.generateCode(MessageSend.java:553)
	at org.eclipse.jdt.internal.compiler.ast.MessageSend.generateCode(MessageSend.java:546)
",2026-09-04T22:21:11
git@github.com:SAP/SapMachine.git,9278685::data class,9278685.0,data class,complexity,ck_failed," more info.
Exception in thread ""main"" java.lang.NullPointerException: Cannot read field ""declaringClass"" because ""mb"" is null
	at org.eclipse.jdt.internal.compiler.ast.ReferenceExpression.generateCode(ReferenceExpression.java:353)
	at org.eclipse.jdt.internal.compiler.ast.Statement.generateArguments(Statement.java:444)
	at org.eclipse.jdt.internal.compiler.ast.MessageSend.generateCode(MessageSend.java:553)
	at org.eclipse.jdt.internal.compiler.ast.MessageSend.generateCode(MessageSend.java:546)
",2026-09-04T22:21:11
git@github.com:SAP/SapMachine.git,9278801::feature envy,9278801.0,feature envy,complexity,ck_failed," more info.
Exception in thread ""main"" java.lang.NullPointerException: Cannot read field ""declaringClass"" because ""mb"" is null
	at org.eclipse.jdt.internal.compiler.ast.ReferenceExpression.generateCode(ReferenceExpression.java:353)
	at org.eclipse.jdt.internal.compiler.ast.Statement.generateArguments(Statement.java:444)
	at org.eclipse.jdt.internal.compiler.ast.MessageSend.generateCode(MessageSend.java:553)
	at org.eclipse.jdt.internal.compiler.ast.MessageSend.generateCode(MessageSend.java:546)
",2026-09-04T22:21:11
git@github.com:SAP/SapMachine.git,9278801::long method,9278801.0,long method,complexity,ck_failed," more info.
Exception in thread ""main"" java.lang.NullPointerException: Cannot read field ""declaringClass"" because ""mb"" is null
	at org.eclipse.jdt.internal.compiler.ast.ReferenceExpression.generateCode(ReferenceExpression.java:353)
	at org.eclipse.jdt.internal.compiler.ast.Statement.generateArguments(Statement.java:444)
	at org.eclipse.jdt.internal.compiler.ast.MessageSend.generateCode(MessageSend.java:553)
	at org.eclipse.jdt.internal.compiler.ast.MessageSend.generateCode(MessageSend.java:546)
",2026-09-04T22:21:11
git@github.com:SAP/SapMachine.git,9279084::feature envy,9279084.0,feature envy,complexity,ck_failed," more info.
Exception in thread ""main"" java.lang.NullPointerException: Cannot read field ""declaringClass"" because ""mb"" is null
	at org.eclipse.jdt.internal.compiler.ast.ReferenceExpression.generateCode(ReferenceExpression.java:353)
	at org.eclipse.jdt.internal.compiler.ast.Statement.generateArguments(Statement.java:444)
	at org.eclipse.jdt.internal.compiler.ast.MessageSend.generateCode(MessageSend.java:553)
	at org.eclipse.jdt.internal.compiler.ast.MessageSend.generateCode(MessageSend.java:546)
",2026-09-04T22:21:11
git@github.com:SAP/SapMachine.git,9279084::long method,9279084.0,long method,complexity,ck_failed," more info.
Exception in thread ""main"" java.lang.NullPointerException: Cannot read field ""declaringClass"" because ""mb"" is null
	at org.eclipse.jdt.internal.compiler.ast.ReferenceExpression.generateCode(ReferenceExpression.java:353)
	at org.eclipse.jdt.internal.compiler.ast.Statement.generateArguments(Statement.java:444)
	at org.eclipse.jdt.internal.compiler.ast.MessageSend.generateCode(MessageSend.java:553)
	at org.eclipse.jdt.internal.compiler.ast.MessageSend.generateCode(MessageSend.java:546)
",2026-09-04T22:21:11
git@github.com:SAP/SapMachine.git,9290135::blob,9290135.0,blob,complexity,ck_failed," more info.
Exception in thread ""main"" java.lang.NullPointerException: Cannot read field ""declaringClass"" because ""mb"" is null
	at org.eclipse.jdt.internal.compiler.ast.ReferenceExpression.generateCode(ReferenceExpression.java:353)
	at org.eclipse.jdt.internal.compiler.ast.Statement.generateArguments(Statement.java:444)
	at org.eclipse.jdt.internal.compiler.ast.MessageSend.generateCode(MessageSend.java:553)
	at org.eclipse.jdt.internal.compiler.ast.MessageSend.generateCode(MessageSend.java:546)
",2026-09-04T22:21:11
git@github.com:SAP/SapMachine.git,9290135::data class,9290135.0,data class,complexity,ck_failed," more info.
Exception in thread ""main"" java.lang.NullPointerException: Cannot read field ""declaringClass"" because ""mb"" is null
	at org.eclipse.jdt.internal.compiler.ast.ReferenceExpression.generateCode(ReferenceExpression.java:353)
	at org.eclipse.jdt.internal.compiler.ast.Statement.generateArguments(Statement.java:444)
	at org.eclipse.jdt.internal.compiler.ast.MessageSend.generateCode(MessageSend.java:553)
	at org.eclipse.jdt.internal.compiler.ast.MessageSend.generateCode(MessageSend.java:546)
",2026-09-04T22:21:11
git@github.com:SAP/SapMachine.git,9290877::feature envy,9290877.0,feature envy,complexity,ck_failed," more info.
Exception in thread ""main"" java.lang.NullPointerException: Cannot read field ""declaringClass"" because ""mb"" is null
	at org.eclipse.jdt.internal.compiler.ast.ReferenceExpression.generateCode(ReferenceExpression.java:353)
	at org.eclipse.jdt.internal.compiler.ast.Statement.generateArguments(Statement.java:444)
	at org.eclipse.jdt.internal.compiler.ast.MessageSend.generateCode(MessageSend.java:553)
	at org.eclipse.jdt.internal.compiler.ast.MessageSend.generateCode(MessageSend.java:546)
",2026-09-04T22:21:11
git@github.com:SAP/SapMachine.git,9290877::long method,9290877.0,long method,complexity,ck_failed," more info.
Exception in thread ""main"" java.lang.NullPointerException: Cannot read field ""declaringClass"" because ""mb"" is null
	at org.eclipse.jdt.internal.compiler.ast.ReferenceExpression.generateCode(ReferenceExpression.java:353)
	at org.eclipse.jdt.internal.compiler.ast.Statement.generateArguments(Statement.java:444)
	at org.eclipse.jdt.internal.compiler.ast.MessageSend.generateCode(MessageSend.java:553)
	at org.eclipse.jdt.internal.compiler.ast.MessageSend.generateCode(MessageSend.java:546)
",2026-09-04T22:21:11
git@github.com:SAP/SapMachine.git,9290971::feature envy,9290971.0,feature envy,complexity,ck_failed," more info.
Exception in thread ""main"" java.lang.NullPointerException: Cannot read field ""declaringClass"" because ""mb"" is null
	at org.eclipse.jdt.internal.compiler.ast.ReferenceExpression.generateCode(ReferenceExpression.java:353)
	at org.eclipse.jdt.internal.compiler.ast.Statement.generateArguments(Statement.java:444)
	at org.eclipse.jdt.internal.compiler.ast.MessageSend.generateCode(MessageSend.java:553)
	at org.eclipse.jdt.internal.compiler.ast.MessageSend.generateCode(MessageSend.java:546)
",2026-09-04T22:21:11
git@github.com:SAP/SapMachine.git,9290971::long method,9290971.0,long method,complexity,ck_failed," more info.
Exception in thread ""main"" java.lang.NullPointerException: Cannot read field ""declaringClass"" because ""mb"" is null
	at org.eclipse.jdt.internal.compiler.ast.ReferenceExpression.generateCode(ReferenceExpression.java:353)
	at org.eclipse.jdt.internal.compiler.ast.Statement.generateArguments(Statement.java:444)
	at org.eclipse.jdt.internal.compiler.ast.MessageSend.generateCode(MessageSend.java:553)
	at org.eclipse.jdt.internal.compiler.ast.MessageSend.generateCode(MessageSend.java:546)
",2026-09-04T22:21:11
git@github.com:SAP/SapMachine.git,9291749::feature envy,9291749.0,feature envy,complexity,ck_failed," more info.
Exception in thread ""main"" java.lang.NullPointerException: Cannot read field ""declaringClass"" because ""mb"" is null
	at org.eclipse.jdt.internal.compiler.ast.ReferenceExpression.generateCode(ReferenceExpression.java:353)
	at org.eclipse.jdt.internal.compiler.ast.Statement.generateArguments(Statement.java:444)
	at org.eclipse.jdt.internal.compiler.ast.MessageSend.generateCode(MessageSend.java:553)
	at org.eclipse.jdt.internal.compiler.ast.MessageSend.generateCode(MessageSend.java:546)
",2026-09-04T22:21:11
git@github.com:SAP/SapMachine.git,9291749::long method,9291749.0,long method,complexity,ck_failed," more info.
Exception in thread ""main"" java.lang.NullPointerException: Cannot read field ""declaringClass"" because ""mb"" is null
	at org.eclipse.jdt.internal.compiler.ast.ReferenceExpression.generateCode(ReferenceExpression.java:353)
	at org.eclipse.jdt.internal.compiler.ast.Statement.generateArguments(Statement.java:444)
	at org.eclipse.jdt.internal.compiler.ast.MessageSend.generateCode(MessageSend.java:553)
	at org.eclipse.jdt.internal.compiler.ast.MessageSend.generateCode(MessageSend.java:546)
",2026-09-04T22:21:11
git@github.com:SAP/SapMachine.git,9292929::feature envy,9292929.0,feature envy,complexity,ck_failed," more info.
Exception in thread ""main"" java.lang.NullPointerException: Cannot read field ""declaringClass"" because ""mb"" is null
	at org.eclipse.jdt.internal.compiler.ast.ReferenceExpression.generateCode(ReferenceExpression.java:353)
	at org.eclipse.jdt.internal.compiler.ast.Statement.generateArguments(Statement.java:444)
	at org.eclipse.jdt.internal.compiler.ast.MessageSend.generateCode(MessageSend.java:553)
	at org.eclipse.jdt.internal.compiler.ast.MessageSend.generateCode(MessageSend.java:546)
",2026-09-04T22:21:11
git@github.com:SAP/SapMachine.git,9292929::long method,9292929.0,long method,complexity,ck_failed," more info.
Exception in thread ""main"" java.lang.NullPointerException: Cannot read field ""declaringClass"" because ""mb"" is null
	at org.eclipse.jdt.internal.compiler.ast.ReferenceExpression.generateCode(ReferenceExpression.java:353)
	at org.eclipse.jdt.internal.compiler.ast.Statement.generateArguments(Statement.java:444)
	at org.eclipse.jdt.internal.compiler.ast.MessageSend.generateCode(MessageSend.java:553)
	at org.eclipse.jdt.internal.compiler.ast.MessageSend.generateCode(MessageSend.java:546)
",2026-09-04T22:21:11
git@github.com:SAP/SapMachine.git,9293709::long method,9293709.0,long method,complexity,ck_failed," more info.
Exception in thread ""main"" java.lang.NullPointerException: Cannot read field ""declaringClass"" because ""mb"" is null
	at org.eclipse.jdt.internal.compiler.ast.ReferenceExpression.generateCode(ReferenceExpression.java:353)
	at org.eclipse.jdt.internal.compiler.ast.Statement.generateArguments(Statement.java:444)
	at org.eclipse.jdt.internal.compiler.ast.MessageSend.generateCode(MessageSend.java:553)
	at org.eclipse.jdt.internal.compiler.ast.MessageSend.generateCode(MessageSend.java:546)
",2026-09-04T22:21:11
git@github.com:SAP/SapMachine.git,9293949::blob,9293949.0,blob,complexity,ck_failed," more info.
Exception in thread ""main"" java.lang.NullPointerException: Cannot read field ""declaringClass"" because ""mb"" is null
	at org.eclipse.jdt.internal.compiler.ast.ReferenceExpression.generateCode(ReferenceExpression.java:353)
	at org.eclipse.jdt.internal.compiler.ast.Statement.generateArguments(Statement.java:444)
	at org.eclipse.jdt.internal.compiler.ast.MessageSend.generateCode(MessageSend.java:553)
	at org.eclipse.jdt.internal.compiler.ast.MessageSend.generateCode(MessageSend.java:546)
",2026-09-04T22:21:11
git@github.com:SAP/SapMachine.git,9293949::data class,9293949.0,data class,complexity,ck_failed," more info.
Exception in thread ""main"" java.lang.NullPointerException: Cannot read field ""declaringClass"" because ""mb"" is null
	at org.eclipse.jdt.internal.compiler.ast.ReferenceExpression.generateCode(ReferenceExpression.java:353)
	at org.eclipse.jdt.internal.compiler.ast.Statement.generateArguments(Statement.java:444)
	at org.eclipse.jdt.internal.compiler.ast.MessageSend.generateCode(MessageSend.java:553)
	at org.eclipse.jdt.internal.compiler.ast.MessageSend.generateCode(MessageSend.java:546)
",2026-09-04T22:21:11
git@github.com:SAP/SapMachine.git,9294785::feature envy,9294785.0,feature envy,complexity,ck_failed," more info.
Exception in thread ""main"" java.lang.NullPointerException: Cannot read field ""declaringClass"" because ""mb"" is null
	at org.eclipse.jdt.internal.compiler.ast.ReferenceExpression.generateCode(ReferenceExpression.java:353)
	at org.eclipse.jdt.internal.compiler.ast.Statement.generateArguments(Statement.java:444)
	at org.eclipse.jdt.internal.compiler.ast.MessageSend.generateCode(MessageSend.java:553)
	at org.eclipse.jdt.internal.compiler.ast.MessageSend.generateCode(MessageSend.java:546)
",2026-09-04T22:21:11
git@github.com:SAP/SapMachine.git,9294785::long method,9294785.0,long method,complexity,ck_failed," more info.
Exception in thread ""main"" java.lang.NullPointerException: Cannot read field ""declaringClass"" because ""mb"" is null
	at org.eclipse.jdt.internal.compiler.ast.ReferenceExpression.generateCode(ReferenceExpression.java:353)
	at org.eclipse.jdt.internal.compiler.ast.Statement.generateArguments(Statement.java:444)
	at org.eclipse.jdt.internal.compiler.ast.MessageSend.generateCode(MessageSend.java:553)
	at org.eclipse.jdt.internal.compiler.ast.MessageSend.generateCode(MessageSend.java:546)
",2026-09-04T22:21:11
git@github.com:SAP/SapMachine.git,9295088::feature envy,9295088.0,feature envy,complexity,ck_failed," more info.
Exception in thread ""main"" java.lang.NullPointerException: Cannot read field ""declaringClass"" because ""mb"" is null
	at org.eclipse.jdt.internal.compiler.ast.ReferenceExpression.generateCode(ReferenceExpression.java:353)
	at org.eclipse.jdt.internal.compiler.ast.Statement.generateArguments(Statement.java:444)
	at org.eclipse.jdt.internal.compiler.ast.MessageSend.generateCode(MessageSend.java:553)
	at org.eclipse.jdt.internal.compiler.ast.MessageSend.generateCode(MessageSend.java:546)
",2026-09-04T22:21:11
git@github.com:SAP/SapMachine.git,9295088::long method,9295088.0,long method,complexity,ck_failed," more info.
Exception in thread ""main"" java.lang.NullPointerException: Cannot read field ""declaringClass"" because ""mb"" is null
	at org.eclipse.jdt.internal.compiler.ast.ReferenceExpression.generateCode(ReferenceExpression.java:353)
	at org.eclipse.jdt.internal.compiler.ast.Statement.generateArguments(Statement.java:444)
	at org.eclipse.jdt.internal.compiler.ast.MessageSend.generateCode(MessageSend.java:553)
	at org.eclipse.jdt.internal.compiler.ast.MessageSend.generateCode(MessageSend.java:546)
",2026-09-04T22:21:11
git@github.com:SAP/SapMachine.git,9295153::blob,9295153.0,blob,complexity,ck_failed," more info.
Exception in thread ""main"" java.lang.NullPointerException: Cannot read field ""declaringClass"" because ""mb"" is null
	at org.eclipse.jdt.internal.compiler.ast.ReferenceExpression.generateCode(ReferenceExpression.java:353)
	at org.eclipse.jdt.internal.compiler.ast.Statement.generateArguments(Statement.java:444)
	at org.eclipse.jdt.internal.compiler.ast.MessageSend.generateCode(MessageSend.java:553)
	at org.eclipse.jdt.internal.compiler.ast.MessageSend.generateCode(MessageSend.java:546)
",2026-09-04T22:21:11
git@github.com:SAP/SapMachine.git,9295153::data class,9295153.0,data class,complexity,ck_failed," more info.
Exception in thread ""main"" java.lang.NullPointerException: Cannot read field ""declaringClass"" because ""mb"" is null
	at org.eclipse.jdt.internal.compiler.ast.ReferenceExpression.generateCode(ReferenceExpression.java:353)
	at org.eclipse.jdt.internal.compiler.ast.Statement.generateArguments(Statement.java:444)
	at org.eclipse.jdt.internal.compiler.ast.MessageSend.generateCode(MessageSend.java:553)
	at org.eclipse.jdt.internal.compiler.ast.MessageSend.generateCode(MessageSend.java:546)
",2026-09-04T22:21:11
git@github.com:SAP/SapMachine.git,9295458::blob,9295458.0,blob,complexity,ck_failed," more info.
Exception in thread ""main"" java.lang.NullPointerException: Cannot read field ""declaringClass"" because ""mb"" is null
	at org.eclipse.jdt.internal.compiler.ast.ReferenceExpression.generateCode(ReferenceExpression.java:353)
	at org.eclipse.jdt.internal.compiler.ast.Statement.generateArguments(Statement.java:444)
	at org.eclipse.jdt.internal.compiler.ast.MessageSend.generateCode(MessageSend.java:553)
	at org.eclipse.jdt.internal.compiler.ast.MessageSend.generateCode(MessageSend.java:546)
",2026-09-04T22:21:11
git@github.com:SAP/SapMachine.git,9295458::data class,9295458.0,data class,complexity,ck_failed," more info.
Exception in thread ""main"" java.lang.NullPointerException: Cannot read field ""declaringClass"" because ""mb"" is null
	at org.eclipse.jdt.internal.compiler.ast.ReferenceExpression.generateCode(ReferenceExpression.java:353)
	at org.eclipse.jdt.internal.compiler.ast.Statement.generateArguments(Statement.java:444)
	at org.eclipse.jdt.internal.compiler.ast.MessageSend.generateCode(MessageSend.java:553)
	at org.eclipse.jdt.internal.compiler.ast.MessageSend.generateCode(MessageSend.java:546)
",2026-09-04T22:21:11
git@github.com:SAP/SapMachine.git,9296213::feature envy,9296213.0,feature envy,complexity,ck_failed," more info.
Exception in thread ""main"" java.lang.NullPointerException: Cannot read field ""declaringClass"" because ""mb"" is null
	at org.eclipse.jdt.internal.compiler.ast.ReferenceExpression.generateCode(ReferenceExpression.java:353)
	at org.eclipse.jdt.internal.compiler.ast.Statement.generateArguments(Statement.java:444)
	at org.eclipse.jdt.internal.compiler.ast.MessageSend.generateCode(MessageSend.java:553)
	at org.eclipse.jdt.internal.compiler.ast.MessageSend.generateCode(MessageSend.java:546)
",2026-09-04T22:21:11
git@github.com:SAP/SapMachine.git,9296213::long method,9296213.0,long method,complexity,ck_failed," more info.
Exception in thread ""main"" java.lang.NullPointerException: Cannot read field ""declaringClass"" because ""mb"" is null
	at org.eclipse.jdt.internal.compiler.ast.ReferenceExpression.generateCode(ReferenceExpression.java:353)
	at org.eclipse.jdt.internal.compiler.ast.Statement.generateArguments(Statement.java:444)
	at org.eclipse.jdt.internal.compiler.ast.MessageSend.generateCode(MessageSend.java:553)
	at org.eclipse.jdt.internal.compiler.ast.MessageSend.generateCode(MessageSend.java:546)
",2026-09-04T22:21:11
git@github.com:SAP/SapMachine.git,9298816::blob,9298816.0,blob,complexity,ck_failed," more info.
Exception in thread ""main"" java.lang.NullPointerException: Cannot read field ""declaringClass"" because ""mb"" is null
	at org.eclipse.jdt.internal.compiler.ast.ReferenceExpression.generateCode(ReferenceExpression.java:353)
	at org.eclipse.jdt.internal.compiler.ast.Statement.generateArguments(Statement.java:444)
	at org.eclipse.jdt.internal.compiler.ast.MessageSend.generateCode(MessageSend.java:553)
	at org.eclipse.jdt.internal.compiler.ast.MessageSend.generateCode(MessageSend.java:546)
",2026-09-04T22:21:11
git@github.com:SAP/SapMachine.git,9298816::data class,9298816.0,data class,complexity,ck_failed," more info.
Exception in thread ""main"" java.lang.NullPointerException: Cannot read field ""declaringClass"" because ""mb"" is null
	at org.eclipse.jdt.internal.compiler.ast.ReferenceExpression.generateCode(ReferenceExpression.java:353)
	at org.eclipse.jdt.internal.compiler.ast.Statement.generateArguments(Statement.java:444)
	at org.eclipse.jdt.internal.compiler.ast.MessageSend.generateCode(MessageSend.java:553)
	at org.eclipse.jdt.internal.compiler.ast.MessageSend.generateCode(MessageSend.java:546)
",2026-09-04T22:21:11
git@github.com:SAP/SapMachine.git,9301230::feature envy,9301230.0,feature envy,complexity,ck_failed," more info.
Exception in thread ""main"" java.lang.NullPointerException: Cannot read field ""declaringClass"" because ""mb"" is null
	at org.eclipse.jdt.internal.compiler.ast.ReferenceExpression.generateCode(ReferenceExpression.java:353)
	at org.eclipse.jdt.internal.compiler.ast.Statement.generateArguments(Statement.java:444)
	at org.eclipse.jdt.internal.compiler.ast.MessageSend.generateCode(MessageSend.java:553)
	at org.eclipse.jdt.internal.compiler.ast.MessageSend.generateCode(MessageSend.java:546)
",2026-09-04T22:21:11
git@github.com:SAP/SapMachine.git,9301230::long method,9301230.0,long method,complexity,ck_failed," more info.
Exception in thread ""main"" java.lang.NullPointerException: Cannot read field ""declaringClass"" because ""mb"" is null
	at org.eclipse.jdt.internal.compiler.ast.ReferenceExpression.generateCode(ReferenceExpression.java:353)
	at org.eclipse.jdt.internal.compiler.ast.Statement.generateArguments(Statement.java:444)
	at org.eclipse.jdt.internal.compiler.ast.MessageSend.generateCode(MessageSend.java:553)
	at org.eclipse.jdt.internal.compiler.ast.MessageSend.generateCode(MessageSend.java:546)
",2026-09-04T22:21:11
git@github.com:SAP/SapMachine.git,9301710::feature envy,9301710.0,feature envy,complexity,ck_failed," more info.
Exception in thread ""main"" java.lang.NullPointerException: Cannot read field ""declaringClass"" because ""mb"" is null
	at org.eclipse.jdt.internal.compiler.ast.ReferenceExpression.generateCode(ReferenceExpression.java:353)
	at org.eclipse.jdt.internal.compiler.ast.Statement.generateArguments(Statement.java:444)
	at org.eclipse.jdt.internal.compiler.ast.MessageSend.generateCode(MessageSend.java:553)
	at org.eclipse.jdt.internal.compiler.ast.MessageSend.generateCode(MessageSend.java:546)
",2026-09-04T22:21:11
git@github.com:SAP/SapMachine.git,9301710::long method,9301710.0,long method,complexity,ck_failed," more info.
Exception in thread ""main"" java.lang.NullPointerException: Cannot read field ""declaringClass"" because ""mb"" is null
	at org.eclipse.jdt.internal.compiler.ast.ReferenceExpression.generateCode(ReferenceExpression.java:353)
	at org.eclipse.jdt.internal.compiler.ast.Statement.generateArguments(Statement.java:444)
	at org.eclipse.jdt.internal.compiler.ast.MessageSend.generateCode(MessageSend.java:553)
	at org.eclipse.jdt.internal.compiler.ast.MessageSend.generateCode(MessageSend.java:546)
",2026-09-04T22:21:11
git@github.com:SAP/SapMachine.git,9302532::blob,9302532.0,blob,complexity,ck_failed," more info.
Exception in thread ""main"" java.lang.NullPointerException: Cannot read field ""declaringClass"" because ""mb"" is null
	at org.eclipse.jdt.internal.compiler.ast.ReferenceExpression.generateCode(ReferenceExpression.java:353)
	at org.eclipse.jdt.internal.compiler.ast.Statement.generateArguments(Statement.java:444)
	at org.eclipse.jdt.internal.compiler.ast.MessageSend.generateCode(MessageSend.java:553)
	at org.eclipse.jdt.internal.compiler.ast.MessageSend.generateCode(MessageSend.java:546)
",2026-09-04T22:21:11
git@github.com:SAP/SapMachine.git,9302532::data class,9302532.0,data class,complexity,ck_failed," more info.
Exception in thread ""main"" java.lang.NullPointerException: Cannot read field ""declaringClass"" because ""mb"" is null
	at org.eclipse.jdt.internal.compiler.ast.ReferenceExpression.generateCode(ReferenceExpression.java:353)
	at org.eclipse.jdt.internal.compiler.ast.Statement.generateArguments(Statement.java:444)
	at org.eclipse.jdt.internal.compiler.ast.MessageSend.generateCode(MessageSend.java:553)
	at org.eclipse.jdt.internal.compiler.ast.MessageSend.generateCode(MessageSend.java:546)
",2026-09-04T22:21:11
git@github.com:SAP/SapMachine.git,9303905::feature envy,9303905.0,feature envy,complexity,ck_failed," more info.
Exception in thread ""main"" java.lang.NullPointerException: Cannot read field ""declaringClass"" because ""mb"" is null
	at org.eclipse.jdt.internal.compiler.ast.ReferenceExpression.generateCode(ReferenceExpression.java:353)
	at org.eclipse.jdt.internal.compiler.ast.Statement.generateArguments(Statement.java:444)
	at org.eclipse.jdt.internal.compiler.ast.MessageSend.generateCode(MessageSend.java:553)
	at org.eclipse.jdt.internal.compiler.ast.MessageSend.generateCode(MessageSend.java:546)
",2026-09-04T22:21:11
git@github.com:SAP/SapMachine.git,9303905::long method,9303905.0,long method,complexity,ck_failed," more info.
Exception in thread ""main"" java.lang.NullPointerException: Cannot read field ""declaringClass"" because ""mb"" is null
	at org.eclipse.jdt.internal.compiler.ast.ReferenceExpression.generateCode(ReferenceExpression.java:353)
	at org.eclipse.jdt.internal.compiler.ast.Statement.generateArguments(Statement.java:444)
	at org.eclipse.jdt.internal.compiler.ast.MessageSend.generateCode(MessageSend.java:553)
	at org.eclipse.jdt.internal.compiler.ast.MessageSend.generateCode(MessageSend.java:546)
",2026-09-04T22:21:11
git@github.com:SAP/SapMachine.git,9308078::blob,9308078.0,blob,complexity,ck_failed," more info.
Exception in thread ""main"" java.lang.NullPointerException: Cannot read field ""declaringClass"" because ""mb"" is null
	at org.eclipse.jdt.internal.compiler.ast.ReferenceExpression.generateCode(ReferenceExpression.java:353)
	at org.eclipse.jdt.internal.compiler.ast.Statement.generateArguments(Statement.java:444)
	at org.eclipse.jdt.internal.compiler.ast.MessageSend.generateCode(MessageSend.java:553)
	at org.eclipse.jdt.internal.compiler.ast.MessageSend.generateCode(MessageSend.java:546)
",2026-09-04T22:21:11
git@github.com:SAP/SapMachine.git,9308078::data class,9308078.0,data class,complexity,ck_failed," more info.
Exception in thread ""main"" java.lang.NullPointerException: Cannot read field ""declaringClass"" because ""mb"" is null
	at org.eclipse.jdt.internal.compiler.ast.ReferenceExpression.generateCode(ReferenceExpression.java:353)
	at org.eclipse.jdt.internal.compiler.ast.Statement.generateArguments(Statement.java:444)
	at org.eclipse.jdt.internal.compiler.ast.MessageSend.generateCode(MessageSend.java:553)
	at org.eclipse.jdt.internal.compiler.ast.MessageSend.generateCode(MessageSend.java:546)
",2026-09-04T22:21:11
git@github.com:SAP/SapMachine.git,9309376::blob,9309376.0,blob,complexity,ck_failed," more info.
Exception in thread ""main"" java.lang.NullPointerException: Cannot read field ""declaringClass"" because ""mb"" is null
	at org.eclipse.jdt.internal.compiler.ast.ReferenceExpression.generateCode(ReferenceExpression.java:353)
	at org.eclipse.jdt.internal.compiler.ast.Statement.generateArguments(Statement.java:444)
	at org.eclipse.jdt.internal.compiler.ast.MessageSend.generateCode(MessageSend.java:553)
	at org.eclipse.jdt.internal.compiler.ast.MessageSend.generateCode(MessageSend.java:546)
",2026-09-04T22:21:11
git@github.com:SAP/SapMachine.git,9309376::data class,9309376.0,data class,complexity,ck_failed," more info.
Exception in thread ""main"" java.lang.NullPointerException: Cannot read field ""declaringClass"" because ""mb"" is null
	at org.eclipse.jdt.internal.compiler.ast.ReferenceExpression.generateCode(ReferenceExpression.java:353)
	at org.eclipse.jdt.internal.compiler.ast.Statement.generateArguments(Statement.java:444)
	at org.eclipse.jdt.internal.compiler.ast.MessageSend.generateCode(MessageSend.java:553)
	at org.eclipse.jdt.internal.compiler.ast.MessageSend.generateCode(MessageSend.java:546)
",2026-09-04T22:21:11
git@github.com:SAP/SapMachine.git,9312050::feature envy,9312050.0,feature envy,complexity,ck_failed," more info.
Exception in thread ""main"" java.lang.NullPointerException: Cannot read field ""declaringClass"" because ""mb"" is null
	at org.eclipse.jdt.internal.compiler.ast.ReferenceExpression.generateCode(ReferenceExpression.java:353)
	at org.eclipse.jdt.internal.compiler.ast.Statement.generateArguments(Statement.java:444)
	at org.eclipse.jdt.internal.compiler.ast.MessageSend.generateCode(MessageSend.java:553)
	at org.eclipse.jdt.internal.compiler.ast.MessageSend.generateCode(MessageSend.java:546)
",2026-09-04T22:21:11
git@github.com:SAP/SapMachine.git,9312050::long method,9312050.0,long method,complexity,ck_failed," more info.
Exception in thread ""main"" java.lang.NullPointerException: Cannot read field ""declaringClass"" because ""mb"" is null
	at org.eclipse.jdt.internal.compiler.ast.ReferenceExpression.generateCode(ReferenceExpression.java:353)
	at org.eclipse.jdt.internal.compiler.ast.Statement.generateArguments(Statement.java:444)
	at org.eclipse.jdt.internal.compiler.ast.MessageSend.generateCode(MessageSend.java:553)
	at org.eclipse.jdt.internal.compiler.ast.MessageSend.generateCode(MessageSend.java:546)
",2026-09-04T22:21:11
git@github.com:SAP/SapMachine.git,9312524::blob,9312524.0,blob,complexity,ck_failed," more info.
Exception in thread ""main"" java.lang.NullPointerException: Cannot read field ""declaringClass"" because ""mb"" is null
	at org.eclipse.jdt.internal.compiler.ast.ReferenceExpression.generateCode(ReferenceExpression.java:353)
	at org.eclipse.jdt.internal.compiler.ast.Statement.generateArguments(Statement.java:444)
	at org.eclipse.jdt.internal.compiler.ast.MessageSend.generateCode(MessageSend.java:553)
	at org.eclipse.jdt.internal.compiler.ast.MessageSend.generateCode(MessageSend.java:546)
",2026-09-04T22:21:11
git@github.com:SAP/SapMachine.git,9312524::data class,9312524.0,data class,complexity,ck_failed," more info.
Exception in thread ""main"" java.lang.NullPointerException: Cannot read field ""declaringClass"" because ""mb"" is null
	at org.eclipse.jdt.internal.compiler.ast.ReferenceExpression.generateCode(ReferenceExpression.java:353)
	at org.eclipse.jdt.internal.compiler.ast.Statement.generateArguments(Statement.java:444)
	at org.eclipse.jdt.internal.compiler.ast.MessageSend.generateCode(MessageSend.java:553)
	at org.eclipse.jdt.internal.compiler.ast.MessageSend.generateCode(MessageSend.java:546)
",2026-09-04T22:21:11
git@github.com:SAP/SapMachine.git,9312894::feature envy,9312894.0,feature envy,complexity,ck_failed," more info.
Exception in thread ""main"" java.lang.NullPointerException: Cannot read field ""declaringClass"" because ""mb"" is null
	at org.eclipse.jdt.internal.compiler.ast.ReferenceExpression.generateCode(ReferenceExpression.java:353)
	at org.eclipse.jdt.internal.compiler.ast.Statement.generateArguments(Statement.java:444)
	at org.eclipse.jdt.internal.compiler.ast.MessageSend.generateCode(MessageSend.java:553)
	at org.eclipse.jdt.internal.compiler.ast.MessageSend.generateCode(MessageSend.java:546)
",2026-09-04T22:21:11
git@github.com:SAP/SapMachine.git,9312894::long method,9312894.0,long method,complexity,ck_failed," more info.
Exception in thread ""main"" java.lang.NullPointerException: Cannot read field ""declaringClass"" because ""mb"" is null
	at org.eclipse.jdt.internal.compiler.ast.ReferenceExpression.generateCode(ReferenceExpression.java:353)
	at org.eclipse.jdt.internal.compiler.ast.Statement.generateArguments(Statement.java:444)
	at org.eclipse.jdt.internal.compiler.ast.MessageSend.generateCode(MessageSend.java:553)
	at org.eclipse.jdt.internal.compiler.ast.MessageSend.generateCode(MessageSend.java:546)
",2026-09-04T22:21:11
git@github.com:SAP/SapMachine.git,9313540::blob,9313540.0,blob,complexity,ck_failed," more info.
Exception in thread ""main"" java.lang.NullPointerException: Cannot read field ""declaringClass"" because ""mb"" is null
	at org.eclipse.jdt.internal.compiler.ast.ReferenceExpression.generateCode(ReferenceExpression.java:353)
	at org.eclipse.jdt.internal.compiler.ast.Statement.generateArguments(Statement.java:444)
	at org.eclipse.jdt.internal.compiler.ast.MessageSend.generateCode(MessageSend.java:553)
	at org.eclipse.jdt.internal.compiler.ast.MessageSend.generateCode(MessageSend.java:546)
",2026-09-04T22:21:11
git@github.com:SAP/SapMachine.git,9313540::data class,9313540.0,data class,complexity,ck_failed," more info.
Exception in thread ""main"" java.lang.NullPointerException: Cannot read field ""declaringClass"" because ""mb"" is null
	at org.eclipse.jdt.internal.compiler.ast.ReferenceExpression.generateCode(ReferenceExpression.java:353)
	at org.eclipse.jdt.internal.compiler.ast.Statement.generateArguments(Statement.java:444)
	at org.eclipse.jdt.internal.compiler.ast.MessageSend.generateCode(MessageSend.java:553)
	at org.eclipse.jdt.internal.compiler.ast.MessageSend.generateCode(MessageSend.java:546)
",2026-09-04T22:21:11
git@github.com:SAP/SapMachine.git,9314457::feature envy,9314457.0,feature envy,complexity,ck_failed," more info.
Exception in thread ""main"" java.lang.NullPointerException: Cannot read field ""declaringClass"" because ""mb"" is null
	at org.eclipse.jdt.internal.compiler.ast.ReferenceExpression.generateCode(ReferenceExpression.java:353)
	at org.eclipse.jdt.internal.compiler.ast.Statement.generateArguments(Statement.java:444)
	at org.eclipse.jdt.internal.compiler.ast.MessageSend.generateCode(MessageSend.java:553)
	at org.eclipse.jdt.internal.compiler.ast.MessageSend.generateCode(MessageSend.java:546)
",2026-09-04T22:21:11
git@github.com:SAP/SapMachine.git,9314457::long method,9314457.0,long method,complexity,ck_failed," more info.
Exception in thread ""main"" java.lang.NullPointerException: Cannot read field ""declaringClass"" because ""mb"" is null
	at org.eclipse.jdt.internal.compiler.ast.ReferenceExpression.generateCode(ReferenceExpression.java:353)
	at org.eclipse.jdt.internal.compiler.ast.Statement.generateArguments(Statement.java:444)
	at org.eclipse.jdt.internal.compiler.ast.MessageSend.generateCode(MessageSend.java:553)
	at org.eclipse.jdt.internal.compiler.ast.MessageSend.generateCode(MessageSend.java:546)
",2026-09-04T22:21:11
git@github.com:SAP/SapMachine.git,9320426::feature envy,9320426.0,feature envy,complexity,ck_failed," more info.
Exception in thread ""main"" java.lang.NullPointerException: Cannot read field ""declaringClass"" because ""mb"" is null
	at org.eclipse.jdt.internal.compiler.ast.ReferenceExpression.generateCode(ReferenceExpression.java:353)
	at org.eclipse.jdt.internal.compiler.ast.Statement.generateArguments(Statement.java:444)
	at org.eclipse.jdt.internal.compiler.ast.MessageSend.generateCode(MessageSend.java:553)
	at org.eclipse.jdt.internal.compiler.ast.MessageSend.generateCode(MessageSend.java:546)
",2026-09-04T22:21:11
git@github.com:SAP/SapMachine.git,9320426::long method,9320426.0,long method,complexity,ck_failed," more info.
Exception in thread ""main"" java.lang.NullPointerException: Cannot read field ""declaringClass"" because ""mb"" is null
	at org.eclipse.jdt.internal.compiler.ast.ReferenceExpression.generateCode(ReferenceExpression.java:353)
	at org.eclipse.jdt.internal.compiler.ast.Statement.generateArguments(Statement.java:444)
	at org.eclipse.jdt.internal.compiler.ast.MessageSend.generateCode(MessageSend.java:553)
	at org.eclipse.jdt.internal.compiler.ast.MessageSend.generateCode(MessageSend.java:546)
",2026-09-04T22:21:11
git@github.com:SAP/SapMachine.git,9322007::blob,9322007.0,blob,complexity,ck_failed," more info.
Exception in thread ""main"" java.lang.NullPointerException: Cannot read field ""declaringClass"" because ""mb"" is null
	at org.eclipse.jdt.internal.compiler.ast.ReferenceExpression.generateCode(ReferenceExpression.java:353)
	at org.eclipse.jdt.internal.compiler.ast.Statement.generateArguments(Statement.java:444)
	at org.eclipse.jdt.internal.compiler.ast.MessageSend.generateCode(MessageSend.java:553)
	at org.eclipse.jdt.internal.compiler.ast.MessageSend.generateCode(MessageSend.java:546)
",2026-09-04T22:21:11
git@github.com:SAP/SapMachine.git,9322007::data class,9322007.0,data class,complexity,ck_failed," more info.
Exception in thread ""main"" java.lang.NullPointerException: Cannot read field ""declaringClass"" because ""mb"" is null
	at org.eclipse.jdt.internal.compiler.ast.ReferenceExpression.generateCode(ReferenceExpression.java:353)
	at org.eclipse.jdt.internal.compiler.ast.Statement.generateArguments(Statement.java:444)
	at org.eclipse.jdt.internal.compiler.ast.MessageSend.generateCode(MessageSend.java:553)
	at org.eclipse.jdt.internal.compiler.ast.MessageSend.generateCode(MessageSend.java:546)
",2026-09-04T22:21:11
git@github.com:SAP/SapMachine.git,9322941::blob,9322941.0,blob,complexity,ck_failed," more info.
Exception in thread ""main"" java.lang.NullPointerException: Cannot read field ""declaringClass"" because ""mb"" is null
	at org.eclipse.jdt.internal.compiler.ast.ReferenceExpression.generateCode(ReferenceExpression.java:353)
	at org.eclipse.jdt.internal.compiler.ast.Statement.generateArguments(Statement.java:444)
	at org.eclipse.jdt.internal.compiler.ast.MessageSend.generateCode(MessageSend.java:553)
	at org.eclipse.jdt.internal.compiler.ast.MessageSend.generateCode(MessageSend.java:546)
",2026-09-04T22:21:11
git@github.com:SAP/SapMachine.git,9322941::data class,9322941.0,data class,complexity,ck_failed," more info.
Exception in thread ""main"" java.lang.NullPointerException: Cannot read field ""declaringClass"" because ""mb"" is null
	at org.eclipse.jdt.internal.compiler.ast.ReferenceExpression.generateCode(ReferenceExpression.java:353)
	at org.eclipse.jdt.internal.compiler.ast.Statement.generateArguments(Statement.java:444)
	at org.eclipse.jdt.internal.compiler.ast.MessageSend.generateCode(MessageSend.java:553)
	at org.eclipse.jdt.internal.compiler.ast.MessageSend.generateCode(MessageSend.java:546)
",2026-09-04T22:21:11
git@github.com:SAP/SapMachine.git,9323339::feature envy,9323339.0,feature envy,complexity,ck_failed," more info.
Exception in thread ""main"" java.lang.NullPointerException: Cannot read field ""declaringClass"" because ""mb"" is null
	at org.eclipse.jdt.internal.compiler.ast.ReferenceExpression.generateCode(ReferenceExpression.java:353)
	at org.eclipse.jdt.internal.compiler.ast.Statement.generateArguments(Statement.java:444)
	at org.eclipse.jdt.internal.compiler.ast.MessageSend.generateCode(MessageSend.java:553)
	at org.eclipse.jdt.internal.compiler.ast.MessageSend.generateCode(MessageSend.java:546)
",2026-09-04T22:21:11
git@github.com:SAP/SapMachine.git,9323339::long method,9323339.0,long method,complexity,ck_failed," more info.
Exception in thread ""main"" java.lang.NullPointerException: Cannot read field ""declaringClass"" because ""mb"" is null
	at org.eclipse.jdt.internal.compiler.ast.ReferenceExpression.generateCode(ReferenceExpression.java:353)
	at org.eclipse.jdt.internal.compiler.ast.Statement.generateArguments(Statement.java:444)
	at org.eclipse.jdt.internal.compiler.ast.MessageSend.generateCode(MessageSend.java:553)
	at org.eclipse.jdt.internal.compiler.ast.MessageSend.generateCode(MessageSend.java:546)
",2026-09-04T22:21:11
git@github.com:SAP/SapMachine.git,9324338::feature envy,9324338.0,feature envy,complexity,ck_failed," more info.
Exception in thread ""main"" java.lang.NullPointerException: Cannot read field ""declaringClass"" because ""mb"" is null
	at org.eclipse.jdt.internal.compiler.ast.ReferenceExpression.generateCode(ReferenceExpression.java:353)
	at org.eclipse.jdt.internal.compiler.ast.Statement.generateArguments(Statement.java:444)
	at org.eclipse.jdt.internal.compiler.ast.MessageSend.generateCode(MessageSend.java:553)
	at org.eclipse.jdt.internal.compiler.ast.MessageSend.generateCode(MessageSend.java:546)
",2026-09-04T22:21:11
git@github.com:SAP/SapMachine.git,9324338::long method,9324338.0,long method,complexity,ck_failed," more info.
Exception in thread ""main"" java.lang.NullPointerException: Cannot read field ""declaringClass"" because ""mb"" is null
	at org.eclipse.jdt.internal.compiler.ast.ReferenceExpression.generateCode(ReferenceExpression.java:353)
	at org.eclipse.jdt.internal.compiler.ast.Statement.generateArguments(Statement.java:444)
	at org.eclipse.jdt.internal.compiler.ast.MessageSend.generateCode(MessageSend.java:553)
	at org.eclipse.jdt.internal.compiler.ast.MessageSend.generateCode(MessageSend.java:546)
",2026-09-04T22:21:11
git@github.com:SAP/SapMachine.git,9329773::feature envy,9329773.0,feature envy,complexity,ck_failed," more info.
Exception in thread ""main"" java.lang.NullPointerException: Cannot read field ""declaringClass"" because ""mb"" is null
	at org.eclipse.jdt.internal.compiler.ast.ReferenceExpression.generateCode(ReferenceExpression.java:353)
	at org.eclipse.jdt.internal.compiler.ast.Statement.generateArguments(Statement.java:444)
	at org.eclipse.jdt.internal.compiler.ast.MessageSend.generateCode(MessageSend.java:553)
	at org.eclipse.jdt.internal.compiler.ast.MessageSend.generateCode(MessageSend.java:546)
",2026-09-04T22:21:11
git@github.com:SAP/SapMachine.git,9329773::long method,9329773.0,long method,complexity,ck_failed," more info.
Exception in thread ""main"" java.lang.NullPointerException: Cannot read field ""declaringClass"" because ""mb"" is null
	at org.eclipse.jdt.internal.compiler.ast.ReferenceExpression.generateCode(ReferenceExpression.java:353)
	at org.eclipse.jdt.internal.compiler.ast.Statement.generateArguments(Statement.java:444)
	at org.eclipse.jdt.internal.compiler.ast.MessageSend.generateCode(MessageSend.java:553)
	at org.eclipse.jdt.internal.compiler.ast.MessageSend.generateCode(MessageSend.java:546)
",2026-09-04T22:21:11
git@github.com:SAP/SapMachine.git,9331036::feature envy,9331036.0,feature envy,complexity,ck_failed," more info.
Exception in thread ""main"" java.lang.NullPointerException: Cannot read field ""declaringClass"" because ""mb"" is null
	at org.eclipse.jdt.internal.compiler.ast.ReferenceExpression.generateCode(ReferenceExpression.java:353)
	at org.eclipse.jdt.internal.compiler.ast.Statement.generateArguments(Statement.java:444)
	at org.eclipse.jdt.internal.compiler.ast.MessageSend.generateCode(MessageSend.java:553)
	at org.eclipse.jdt.internal.compiler.ast.MessageSend.generateCode(MessageSend.java:546)
",2026-09-04T22:21:11
git@github.com:SAP/SapMachine.git,9331036::long method,9331036.0,long method,complexity,ck_failed," more info.
Exception in thread ""main"" java.lang.NullPointerException: Cannot read field ""declaringClass"" because ""mb"" is null
	at org.eclipse.jdt.internal.compiler.ast.ReferenceExpression.generateCode(ReferenceExpression.java:353)
	at org.eclipse.jdt.internal.compiler.ast.Statement.generateArguments(Statement.java:444)
	at org.eclipse.jdt.internal.compiler.ast.MessageSend.generateCode(MessageSend.java:553)
	at org.eclipse.jdt.internal.compiler.ast.MessageSend.generateCode(MessageSend.java:546)
",2026-09-04T22:21:11
git@github.com:SAP/SapMachine.git,9331054::blob,9331054.0,blob,complexity,ck_failed," more info.
Exception in thread ""main"" java.lang.NullPointerException: Cannot read field ""declaringClass"" because ""mb"" is null
	at org.eclipse.jdt.internal.compiler.ast.ReferenceExpression.generateCode(ReferenceExpression.java:353)
	at org.eclipse.jdt.internal.compiler.ast.Statement.generateArguments(Statement.java:444)
	at org.eclipse.jdt.internal.compiler.ast.MessageSend.generateCode(MessageSend.java:553)
	at org.eclipse.jdt.internal.compiler.ast.MessageSend.generateCode(MessageSend.java:546)
",2026-09-04T22:21:11
git@github.com:SAP/SapMachine.git,9331054::data class,9331054.0,data class,complexity,ck_failed," more info.
Exception in thread ""main"" java.lang.NullPointerException: Cannot read field ""declaringClass"" because ""mb"" is null
	at org.eclipse.jdt.internal.compiler.ast.ReferenceExpression.generateCode(ReferenceExpression.java:353)
	at org.eclipse.jdt.internal.compiler.ast.Statement.generateArguments(Statement.java:444)
	at org.eclipse.jdt.internal.compiler.ast.MessageSend.generateCode(MessageSend.java:553)
	at org.eclipse.jdt.internal.compiler.ast.MessageSend.generateCode(MessageSend.java:546)
",2026-09-04T22:21:11
git@github.com:SAP/SapMachine.git,9336399::blob,9336399.0,blob,complexity,ck_failed," more info.
Exception in thread ""main"" java.lang.NullPointerException: Cannot read field ""declaringClass"" because ""mb"" is null
	at org.eclipse.jdt.internal.compiler.ast.ReferenceExpression.generateCode(ReferenceExpression.java:353)
	at org.eclipse.jdt.internal.compiler.ast.Statement.generateArguments(Statement.java:444)
	at org.eclipse.jdt.internal.compiler.ast.MessageSend.generateCode(MessageSend.java:553)
	at org.eclipse.jdt.internal.compiler.ast.MessageSend.generateCode(MessageSend.java:546)
",2026-09-04T22:21:11
git@github.com:SAP/SapMachine.git,9336399::data class,9336399.0,data class,complexity,ck_failed," more info.
Exception in thread ""main"" java.lang.NullPointerException: Cannot read field ""declaringClass"" because ""mb"" is null
	at org.eclipse.jdt.internal.compiler.ast.ReferenceExpression.generateCode(ReferenceExpression.java:353)
	at org.eclipse.jdt.internal.compiler.ast.Statement.generateArguments(Statement.java:444)
	at org.eclipse.jdt.internal.compiler.ast.MessageSend.generateCode(MessageSend.java:553)
	at org.eclipse.jdt.internal.compiler.ast.MessageSend.generateCode(MessageSend.java:546)
",2026-09-04T22:21:11
git@github.com:SAP/SapMachine.git,9336762::feature envy,9336762.0,feature envy,complexity,ck_failed," more info.
Exception in thread ""main"" java.lang.NullPointerException: Cannot read field ""declaringClass"" because ""mb"" is null
	at org.eclipse.jdt.internal.compiler.ast.ReferenceExpression.generateCode(ReferenceExpression.java:353)
	at org.eclipse.jdt.internal.compiler.ast.Statement.generateArguments(Statement.java:444)
	at org.eclipse.jdt.internal.compiler.ast.MessageSend.generateCode(MessageSend.java:553)
	at org.eclipse.jdt.internal.compiler.ast.MessageSend.generateCode(MessageSend.java:546)
",2026-09-04T22:21:11
git@github.com:SAP/SapMachine.git,9336762::long method,9336762.0,long method,complexity,ck_failed," more info.
Exception in thread ""main"" java.lang.NullPointerException: Cannot read field ""declaringClass"" because ""mb"" is null
	at org.eclipse.jdt.internal.compiler.ast.ReferenceExpression.generateCode(ReferenceExpression.java:353)
	at org.eclipse.jdt.internal.compiler.ast.Statement.generateArguments(Statement.java:444)
	at org.eclipse.jdt.internal.compiler.ast.MessageSend.generateCode(MessageSend.java:553)
	at org.eclipse.jdt.internal.compiler.ast.MessageSend.generateCode(MessageSend.java:546)
",2026-09-04T22:21:11
git@github.com:SAP/SapMachine.git,9340516::blob,9340516.0,blob,complexity,ck_failed," more info.
Exception in thread ""main"" java.lang.NullPointerException: Cannot read field ""declaringClass"" because ""mb"" is null
	at org.eclipse.jdt.internal.compiler.ast.ReferenceExpression.generateCode(ReferenceExpression.java:353)
	at org.eclipse.jdt.internal.compiler.ast.Statement.generateArguments(Statement.java:444)
	at org.eclipse.jdt.internal.compiler.ast.MessageSend.generateCode(MessageSend.java:553)
	at org.eclipse.jdt.internal.compiler.ast.MessageSend.generateCode(MessageSend.java:546)
",2026-09-04T22:21:11
git@github.com:SAP/SapMachine.git,9340516::data class,9340516.0,data class,complexity,ck_failed," more info.
Exception in thread ""main"" java.lang.NullPointerException: Cannot read field ""declaringClass"" because ""mb"" is null
	at org.eclipse.jdt.internal.compiler.ast.ReferenceExpression.generateCode(ReferenceExpression.java:353)
	at org.eclipse.jdt.internal.compiler.ast.Statement.generateArguments(Statement.java:444)
	at org.eclipse.jdt.internal.compiler.ast.MessageSend.generateCode(MessageSend.java:553)
	at org.eclipse.jdt.internal.compiler.ast.MessageSend.generateCode(MessageSend.java:546)
",2026-09-04T22:21:11
git@github.com:SAP/SapMachine.git,9340675::feature envy,9340675.0,feature envy,complexity,ck_failed," more info.
Exception in thread ""main"" java.lang.NullPointerException: Cannot read field ""declaringClass"" because ""mb"" is null
	at org.eclipse.jdt.internal.compiler.ast.ReferenceExpression.generateCode(ReferenceExpression.java:353)
	at org.eclipse.jdt.internal.compiler.ast.Statement.generateArguments(Statement.java:444)
	at org.eclipse.jdt.internal.compiler.ast.MessageSend.generateCode(MessageSend.java:553)
	at org.eclipse.jdt.internal.compiler.ast.MessageSend.generateCode(MessageSend.java:546)
",2026-09-04T22:21:11
git@github.com:SAP/SapMachine.git,9340675::long method,9340675.0,long method,complexity,ck_failed," more info.
Exception in thread ""main"" java.lang.NullPointerException: Cannot read field ""declaringClass"" because ""mb"" is null
	at org.eclipse.jdt.internal.compiler.ast.ReferenceExpression.generateCode(ReferenceExpression.java:353)
	at org.eclipse.jdt.internal.compiler.ast.Statement.generateArguments(Statement.java:444)
	at org.eclipse.jdt.internal.compiler.ast.MessageSend.generateCode(MessageSend.java:553)
	at org.eclipse.jdt.internal.compiler.ast.MessageSend.generateCode(MessageSend.java:546)
",2026-09-04T22:21:11
git@github.com:SAP/SapMachine.git,9342531::blob,9342531.0,blob,complexity,ck_failed," more info.
Exception in thread ""main"" java.lang.NullPointerException: Cannot read field ""declaringClass"" because ""mb"" is null
	at org.eclipse.jdt.internal.compiler.ast.ReferenceExpression.generateCode(ReferenceExpression.java:353)
	at org.eclipse.jdt.internal.compiler.ast.Statement.generateArguments(Statement.java:444)
	at org.eclipse.jdt.internal.compiler.ast.MessageSend.generateCode(MessageSend.java:553)
	at org.eclipse.jdt.internal.compiler.ast.MessageSend.generateCode(MessageSend.java:546)
",2026-09-04T22:21:11
git@github.com:SAP/SapMachine.git,9342531::data class,9342531.0,data class,complexity,ck_failed," more info.
Exception in thread ""main"" java.lang.NullPointerException: Cannot read field ""declaringClass"" because ""mb"" is null
	at org.eclipse.jdt.internal.compiler.ast.ReferenceExpression.generateCode(ReferenceExpression.java:353)
	at org.eclipse.jdt.internal.compiler.ast.Statement.generateArguments(Statement.java:444)
	at org.eclipse.jdt.internal.compiler.ast.MessageSend.generateCode(MessageSend.java:553)
	at org.eclipse.jdt.internal.compiler.ast.MessageSend.generateCode(MessageSend.java:546)
",2026-09-04T22:21:11
git@github.com:SAP/SapMachine.git,9342880::feature envy,9342880.0,feature envy,complexity,ck_failed," more info.
Exception in thread ""main"" java.lang.NullPointerException: Cannot read field ""declaringClass"" because ""mb"" is null
	at org.eclipse.jdt.internal.compiler.ast.ReferenceExpression.generateCode(ReferenceExpression.java:353)
	at org.eclipse.jdt.internal.compiler.ast.Statement.generateArguments(Statement.java:444)
	at org.eclipse.jdt.internal.compiler.ast.MessageSend.generateCode(MessageSend.java:553)
	at org.eclipse.jdt.internal.compiler.ast.MessageSend.generateCode(MessageSend.java:546)
",2026-09-04T22:21:11
git@github.com:SAP/SapMachine.git,9342880::long method,9342880.0,long method,complexity,ck_failed," more info.
Exception in thread ""main"" java.lang.NullPointerException: Cannot read field ""declaringClass"" because ""mb"" is null
	at org.eclipse.jdt.internal.compiler.ast.ReferenceExpression.generateCode(ReferenceExpression.java:353)
	at org.eclipse.jdt.internal.compiler.ast.Statement.generateArguments(Statement.java:444)
	at org.eclipse.jdt.internal.compiler.ast.MessageSend.generateCode(MessageSend.java:553)
	at org.eclipse.jdt.internal.compiler.ast.MessageSend.generateCode(MessageSend.java:546)
",2026-09-04T22:21:11
git@github.com:SAP/SapMachine.git,9344142::feature envy,9344142.0,feature envy,complexity,ck_failed," more info.
Exception in thread ""main"" java.lang.NullPointerException: Cannot read field ""declaringClass"" because ""mb"" is null
	at org.eclipse.jdt.internal.compiler.ast.ReferenceExpression.generateCode(ReferenceExpression.java:353)
	at org.eclipse.jdt.internal.compiler.ast.Statement.generateArguments(Statement.java:444)
	at org.eclipse.jdt.internal.compiler.ast.MessageSend.generateCode(MessageSend.java:553)
	at org.eclipse.jdt.internal.compiler.ast.MessageSend.generateCode(MessageSend.java:546)
",2026-09-04T22:21:11
git@github.com:SAP/SapMachine.git,9344142::long method,9344142.0,long method,complexity,ck_failed," more info.
Exception in thread ""main"" java.lang.NullPointerException: Cannot read field ""declaringClass"" because ""mb"" is null
	at org.eclipse.jdt.internal.compiler.ast.ReferenceExpression.generateCode(ReferenceExpression.java:353)
	at org.eclipse.jdt.internal.compiler.ast.Statement.generateArguments(Statement.java:444)
	at org.eclipse.jdt.internal.compiler.ast.MessageSend.generateCode(MessageSend.java:553)
	at org.eclipse.jdt.internal.compiler.ast.MessageSend.generateCode(MessageSend.java:546)
",2026-09-04T22:21:11
git@github.com:SAP/SapMachine.git,9345946::feature envy,9345946.0,feature envy,complexity,ck_failed," more info.
Exception in thread ""main"" java.lang.NullPointerException: Cannot read field ""declaringClass"" because ""mb"" is null
	at org.eclipse.jdt.internal.compiler.ast.ReferenceExpression.generateCode(ReferenceExpression.java:353)
	at org.eclipse.jdt.internal.compiler.ast.Statement.generateArguments(Statement.java:444)
	at org.eclipse.jdt.internal.compiler.ast.MessageSend.generateCode(MessageSend.java:553)
	at org.eclipse.jdt.internal.compiler.ast.MessageSend.generateCode(MessageSend.java:546)
",2026-09-04T22:21:11
git@github.com:SAP/SapMachine.git,9345946::long method,9345946.0,long method,complexity,ck_failed," more info.
Exception in thread ""main"" java.lang.NullPointerException: Cannot read field ""declaringClass"" because ""mb"" is null
	at org.eclipse.jdt.internal.compiler.ast.ReferenceExpression.generateCode(ReferenceExpression.java:353)
	at org.eclipse.jdt.internal.compiler.ast.Statement.generateArguments(Statement.java:444)
	at org.eclipse.jdt.internal.compiler.ast.MessageSend.generateCode(MessageSend.java:553)
	at org.eclipse.jdt.internal.compiler.ast.MessageSend.generateCode(MessageSend.java:546)
",2026-09-04T22:21:11
git@github.com:SAP/SapMachine.git,9348514::blob,9348514.0,blob,complexity,ck_failed," more info.
Exception in thread ""main"" java.lang.NullPointerException: Cannot read field ""declaringClass"" because ""mb"" is null
	at org.eclipse.jdt.internal.compiler.ast.ReferenceExpression.generateCode(ReferenceExpression.java:353)
	at org.eclipse.jdt.internal.compiler.ast.Statement.generateArguments(Statement.java:444)
	at org.eclipse.jdt.internal.compiler.ast.MessageSend.generateCode(MessageSend.java:553)
	at org.eclipse.jdt.internal.compiler.ast.MessageSend.generateCode(MessageSend.java:546)
",2026-09-04T22:21:11
git@github.com:SAP/SapMachine.git,9348514::data class,9348514.0,data class,complexity,ck_failed," more info.
Exception in thread ""main"" java.lang.NullPointerException: Cannot read field ""declaringClass"" because ""mb"" is null
	at org.eclipse.jdt.internal.compiler.ast.ReferenceExpression.generateCode(ReferenceExpression.java:353)
	at org.eclipse.jdt.internal.compiler.ast.Statement.generateArguments(Statement.java:444)
	at org.eclipse.jdt.internal.compiler.ast.MessageSend.generateCode(MessageSend.java:553)
	at org.eclipse.jdt.internal.compiler.ast.MessageSend.generateCode(MessageSend.java:546)
",2026-09-04T22:21:11
git@github.com:SAP/SapMachine.git,9350950::feature envy,9350950.0,feature envy,complexity,ck_failed," more info.
Exception in thread ""main"" java.lang.NullPointerException: Cannot read field ""declaringClass"" because ""mb"" is null
	at org.eclipse.jdt.internal.compiler.ast.ReferenceExpression.generateCode(ReferenceExpression.java:353)
	at org.eclipse.jdt.internal.compiler.ast.Statement.generateArguments(Statement.java:444)
	at org.eclipse.jdt.internal.compiler.ast.MessageSend.generateCode(MessageSend.java:553)
	at org.eclipse.jdt.internal.compiler.ast.MessageSend.generateCode(MessageSend.java:546)
",2026-09-04T22:21:11
git@github.com:SAP/SapMachine.git,9350950::long method,9350950.0,long method,complexity,ck_failed," more info.
Exception in thread ""main"" java.lang.NullPointerException: Cannot read field ""declaringClass"" because ""mb"" is null
	at org.eclipse.jdt.internal.compiler.ast.ReferenceExpression.generateCode(ReferenceExpression.java:353)
	at org.eclipse.jdt.internal.compiler.ast.Statement.generateArguments(Statement.java:444)
	at org.eclipse.jdt.internal.compiler.ast.MessageSend.generateCode(MessageSend.java:553)
	at org.eclipse.jdt.internal.compiler.ast.MessageSend.generateCode(MessageSend.java:546)
",2026-09-04T22:21:11
git@github.com:SAP/SapMachine.git,9352823::feature envy,9352823.0,feature envy,complexity,ck_failed," more info.
Exception in thread ""main"" java.lang.NullPointerException: Cannot read field ""declaringClass"" because ""mb"" is null
	at org.eclipse.jdt.internal.compiler.ast.ReferenceExpression.generateCode(ReferenceExpression.java:353)
	at org.eclipse.jdt.internal.compiler.ast.Statement.generateArguments(Statement.java:444)
	at org.eclipse.jdt.internal.compiler.ast.MessageSend.generateCode(MessageSend.java:553)
	at org.eclipse.jdt.internal.compiler.ast.MessageSend.generateCode(MessageSend.java:546)
",2026-09-04T22:21:11
git@github.com:SAP/SapMachine.git,9352823::long method,9352823.0,long method,complexity,ck_failed," more info.
Exception in thread ""main"" java.lang.NullPointerException: Cannot read field ""declaringClass"" because ""mb"" is null
	at org.eclipse.jdt.internal.compiler.ast.ReferenceExpression.generateCode(ReferenceExpression.java:353)
	at org.eclipse.jdt.internal.compiler.ast.Statement.generateArguments(Statement.java:444)
	at org.eclipse.jdt.internal.compiler.ast.MessageSend.generateCode(MessageSend.java:553)
	at org.eclipse.jdt.internal.compiler.ast.MessageSend.generateCode(MessageSend.java:546)
",2026-09-04T22:21:11
git@github.com:SAP/SapMachine.git,9355318::blob,9355318.0,blob,complexity,ck_failed," more info.
Exception in thread ""main"" java.lang.NullPointerException: Cannot read field ""declaringClass"" because ""mb"" is null
	at org.eclipse.jdt.internal.compiler.ast.ReferenceExpression.generateCode(ReferenceExpression.java:353)
	at org.eclipse.jdt.internal.compiler.ast.Statement.generateArguments(Statement.java:444)
	at org.eclipse.jdt.internal.compiler.ast.MessageSend.generateCode(MessageSend.java:553)
	at org.eclipse.jdt.internal.compiler.ast.MessageSend.generateCode(MessageSend.java:546)
",2026-09-04T22:21:11
git@github.com:SAP/SapMachine.git,9355318::data class,9355318.0,data class,complexity,ck_failed," more info.
Exception in thread ""main"" java.lang.NullPointerException: Cannot read field ""declaringClass"" because ""mb"" is null
	at org.eclipse.jdt.internal.compiler.ast.ReferenceExpression.generateCode(ReferenceExpression.java:353)
	at org.eclipse.jdt.internal.compiler.ast.Statement.generateArguments(Statement.java:444)
	at org.eclipse.jdt.internal.compiler.ast.MessageSend.generateCode(MessageSend.java:553)
	at org.eclipse.jdt.internal.compiler.ast.MessageSend.generateCode(MessageSend.java:546)
",2026-09-04T22:21:11
git@github.com:SAP/SapMachine.git,9357604::blob,9357604.0,blob,complexity,ck_failed," more info.
Exception in thread ""main"" java.lang.NullPointerException: Cannot read field ""declaringClass"" because ""mb"" is null
	at org.eclipse.jdt.internal.compiler.ast.ReferenceExpression.generateCode(ReferenceExpression.java:353)
	at org.eclipse.jdt.internal.compiler.ast.Statement.generateArguments(Statement.java:444)
	at org.eclipse.jdt.internal.compiler.ast.MessageSend.generateCode(MessageSend.java:553)
	at org.eclipse.jdt.internal.compiler.ast.MessageSend.generateCode(MessageSend.java:546)
",2026-09-04T22:21:11
git@github.com:SAP/SapMachine.git,9357604::data class,9357604.0,data class,complexity,ck_failed," more info.
Exception in thread ""main"" java.lang.NullPointerException: Cannot read field ""declaringClass"" because ""mb"" is null
	at org.eclipse.jdt.internal.compiler.ast.ReferenceExpression.generateCode(ReferenceExpression.java:353)
	at org.eclipse.jdt.internal.compiler.ast.Statement.generateArguments(Statement.java:444)
	at org.eclipse.jdt.internal.compiler.ast.MessageSend.generateCode(MessageSend.java:553)
	at org.eclipse.jdt.internal.compiler.ast.MessageSend.generateCode(MessageSend.java:546)
",2026-09-04T22:21:11
git@github.com:SAP/SapMachine.git,9359683::blob,9359683.0,blob,complexity,ck_failed," more info.
Exception in thread ""main"" java.lang.NullPointerException: Cannot read field ""declaringClass"" because ""mb"" is null
	at org.eclipse.jdt.internal.compiler.ast.ReferenceExpression.generateCode(ReferenceExpression.java:353)
	at org.eclipse.jdt.internal.compiler.ast.Statement.generateArguments(Statement.java:444)
	at org.eclipse.jdt.internal.compiler.ast.MessageSend.generateCode(MessageSend.java:553)
	at org.eclipse.jdt.internal.compiler.ast.MessageSend.generateCode(MessageSend.java:546)
",2026-09-04T22:21:11
git@github.com:SAP/SapMachine.git,9359683::data class,9359683.0,data class,complexity,ck_failed," more info.
Exception in thread ""main"" java.lang.NullPointerException: Cannot read field ""declaringClass"" because ""mb"" is null
	at org.eclipse.jdt.internal.compiler.ast.ReferenceExpression.generateCode(ReferenceExpression.java:353)
	at org.eclipse.jdt.internal.compiler.ast.Statement.generateArguments(Statement.java:444)
	at org.eclipse.jdt.internal.compiler.ast.MessageSend.generateCode(MessageSend.java:553)
	at org.eclipse.jdt.internal.compiler.ast.MessageSend.generateCode(MessageSend.java:546)
",2026-09-04T22:21:11
git@github.com:SAP/SapMachine.git,9361156::feature envy,9361156.0,feature envy,complexity,ck_failed," more info.
Exception in thread ""main"" java.lang.NullPointerException: Cannot read field ""declaringClass"" because ""mb"" is null
	at org.eclipse.jdt.internal.compiler.ast.ReferenceExpression.generateCode(ReferenceExpression.java:353)
	at org.eclipse.jdt.internal.compiler.ast.Statement.generateArguments(Statement.java:444)
	at org.eclipse.jdt.internal.compiler.ast.MessageSend.generateCode(MessageSend.java:553)
	at org.eclipse.jdt.internal.compiler.ast.MessageSend.generateCode(MessageSend.java:546)
",2026-09-04T22:21:11
git@github.com:SAP/SapMachine.git,9361156::long method,9361156.0,long method,complexity,ck_failed," more info.
Exception in thread ""main"" java.lang.NullPointerException: Cannot read field ""declaringClass"" because ""mb"" is null
	at org.eclipse.jdt.internal.compiler.ast.ReferenceExpression.generateCode(ReferenceExpression.java:353)
	at org.eclipse.jdt.internal.compiler.ast.Statement.generateArguments(Statement.java:444)
	at org.eclipse.jdt.internal.compiler.ast.MessageSend.generateCode(MessageSend.java:553)
	at org.eclipse.jdt.internal.compiler.ast.MessageSend.generateCode(MessageSend.java:546)
",2026-09-04T22:21:11
git@github.com:SAP/SapMachine.git,9366675::blob,9366675.0,blob,complexity,ck_failed," more info.
Exception in thread ""main"" java.lang.NullPointerException: Cannot read field ""declaringClass"" because ""mb"" is null
	at org.eclipse.jdt.internal.compiler.ast.ReferenceExpression.generateCode(ReferenceExpression.java:353)
	at org.eclipse.jdt.internal.compiler.ast.Statement.generateArguments(Statement.java:444)
	at org.eclipse.jdt.internal.compiler.ast.MessageSend.generateCode(MessageSend.java:553)
	at org.eclipse.jdt.internal.compiler.ast.MessageSend.generateCode(MessageSend.java:546)
",2026-09-04T22:21:11
git@github.com:SAP/SapMachine.git,9366675::data class,9366675.0,data class,complexity,ck_failed," more info.
Exception in thread ""main"" java.lang.NullPointerException: Cannot read field ""declaringClass"" because ""mb"" is null
	at org.eclipse.jdt.internal.compiler.ast.ReferenceExpression.generateCode(ReferenceExpression.java:353)
	at org.eclipse.jdt.internal.compiler.ast.Statement.generateArguments(Statement.java:444)
	at org.eclipse.jdt.internal.compiler.ast.MessageSend.generateCode(MessageSend.java:553)
	at org.eclipse.jdt.internal.compiler.ast.MessageSend.generateCode(MessageSend.java:546)
",2026-09-04T22:21:11
git@github.com:SAP/SapMachine.git,9367707::blob,9367707.0,blob,complexity,ck_failed," more info.
Exception in thread ""main"" java.lang.NullPointerException: Cannot read field ""declaringClass"" because ""mb"" is null
	at org.eclipse.jdt.internal.compiler.ast.ReferenceExpression.generateCode(ReferenceExpression.java:353)
	at org.eclipse.jdt.internal.compiler.ast.Statement.generateArguments(Statement.java:444)
	at org.eclipse.jdt.internal.compiler.ast.MessageSend.generateCode(MessageSend.java:553)
	at org.eclipse.jdt.internal.compiler.ast.MessageSend.generateCode(MessageSend.java:546)
",2026-09-04T22:21:11
git@github.com:SAP/SapMachine.git,9367707::data class,9367707.0,data class,complexity,ck_failed," more info.
Exception in thread ""main"" java.lang.NullPointerException: Cannot read field ""declaringClass"" because ""mb"" is null
	at org.eclipse.jdt.internal.compiler.ast.ReferenceExpression.generateCode(ReferenceExpression.java:353)
	at org.eclipse.jdt.internal.compiler.ast.Statement.generateArguments(Statement.java:444)
	at org.eclipse.jdt.internal.compiler.ast.MessageSend.generateCode(MessageSend.java:553)
	at org.eclipse.jdt.internal.compiler.ast.MessageSend.generateCode(MessageSend.java:546)
",2026-09-04T22:21:11
git@github.com:SAP/SapMachine.git,9369034::blob,9369034.0,blob,complexity,ck_failed," more info.
Exception in thread ""main"" java.lang.NullPointerException: Cannot read field ""declaringClass"" because ""mb"" is null
	at org.eclipse.jdt.internal.compiler.ast.ReferenceExpression.generateCode(ReferenceExpression.java:353)
	at org.eclipse.jdt.internal.compiler.ast.Statement.generateArguments(Statement.java:444)
	at org.eclipse.jdt.internal.compiler.ast.MessageSend.generateCode(MessageSend.java:553)
	at org.eclipse.jdt.internal.compiler.ast.MessageSend.generateCode(MessageSend.java:546)
",2026-09-04T22:21:11
git@github.com:SAP/SapMachine.git,9369034::data class,9369034.0,data class,complexity,ck_failed," more info.
Exception in thread ""main"" java.lang.NullPointerException: Cannot read field ""declaringClass"" because ""mb"" is null
	at org.eclipse.jdt.internal.compiler.ast.ReferenceExpression.generateCode(ReferenceExpression.java:353)
	at org.eclipse.jdt.internal.compiler.ast.Statement.generateArguments(Statement.java:444)
	at org.eclipse.jdt.internal.compiler.ast.MessageSend.generateCode(MessageSend.java:553)
	at org.eclipse.jdt.internal.compiler.ast.MessageSend.generateCode(MessageSend.java:546)
",2026-09-04T22:21:11
git@github.com:SAP/SapMachine.git,9371099::feature envy,9371099.0,feature envy,complexity,ck_failed," more info.
Exception in thread ""main"" java.lang.NullPointerException: Cannot read field ""declaringClass"" because ""mb"" is null
	at org.eclipse.jdt.internal.compiler.ast.ReferenceExpression.generateCode(ReferenceExpression.java:353)
	at org.eclipse.jdt.internal.compiler.ast.Statement.generateArguments(Statement.java:444)
	at org.eclipse.jdt.internal.compiler.ast.MessageSend.generateCode(MessageSend.java:553)
	at org.eclipse.jdt.internal.compiler.ast.MessageSend.generateCode(MessageSend.java:546)
",2026-09-04T22:21:11
git@github.com:SAP/SapMachine.git,9371099::long method,9371099.0,long method,complexity,ck_failed," more info.
Exception in thread ""main"" java.lang.NullPointerException: Cannot read field ""declaringClass"" because ""mb"" is null
	at org.eclipse.jdt.internal.compiler.ast.ReferenceExpression.generateCode(ReferenceExpression.java:353)
	at org.eclipse.jdt.internal.compiler.ast.Statement.generateArguments(Statement.java:444)
	at org.eclipse.jdt.internal.compiler.ast.MessageSend.generateCode(MessageSend.java:553)
	at org.eclipse.jdt.internal.compiler.ast.MessageSend.generateCode(MessageSend.java:546)
",2026-09-04T22:21:11
git@github.com:SAP/SapMachine.git,9371177::blob,9371177.0,blob,complexity,ck_failed," more info.
Exception in thread ""main"" java.lang.NullPointerException: Cannot read field ""declaringClass"" because ""mb"" is null
	at org.eclipse.jdt.internal.compiler.ast.ReferenceExpression.generateCode(ReferenceExpression.java:353)
	at org.eclipse.jdt.internal.compiler.ast.Statement.generateArguments(Statement.java:444)
	at org.eclipse.jdt.internal.compiler.ast.MessageSend.generateCode(MessageSend.java:553)
	at org.eclipse.jdt.internal.compiler.ast.MessageSend.generateCode(MessageSend.java:546)
",2026-09-04T22:21:11
git@github.com:SAP/SapMachine.git,9371177::data class,9371177.0,data class,complexity,ck_failed," more info.
Exception in thread ""main"" java.lang.NullPointerException: Cannot read field ""declaringClass"" because ""mb"" is null
	at org.eclipse.jdt.internal.compiler.ast.ReferenceExpression.generateCode(ReferenceExpression.java:353)
	at org.eclipse.jdt.internal.compiler.ast.Statement.generateArguments(Statement.java:444)
	at org.eclipse.jdt.internal.compiler.ast.MessageSend.generateCode(MessageSend.java:553)
	at org.eclipse.jdt.internal.compiler.ast.MessageSend.generateCode(MessageSend.java:546)
",2026-09-04T22:21:11
git@github.com:SAP/SapMachine.git,9375078::feature envy,9375078.0,feature envy,complexity,ck_failed," more info.
Exception in thread ""main"" java.lang.NullPointerException: Cannot read field ""declaringClass"" because ""mb"" is null
	at org.eclipse.jdt.internal.compiler.ast.ReferenceExpression.generateCode(ReferenceExpression.java:353)
	at org.eclipse.jdt.internal.compiler.ast.Statement.generateArguments(Statement.java:444)
	at org.eclipse.jdt.internal.compiler.ast.MessageSend.generateCode(MessageSend.java:553)
	at org.eclipse.jdt.internal.compiler.ast.MessageSend.generateCode(MessageSend.java:546)
",2026-09-04T22:21:11
git@github.com:SAP/SapMachine.git,9375078::long method,9375078.0,long method,complexity,ck_failed," more info.
Exception in thread ""main"" java.lang.NullPointerException: Cannot read field ""declaringClass"" because ""mb"" is null
	at org.eclipse.jdt.internal.compiler.ast.ReferenceExpression.generateCode(ReferenceExpression.java:353)
	at org.eclipse.jdt.internal.compiler.ast.Statement.generateArguments(Statement.java:444)
	at org.eclipse.jdt.internal.compiler.ast.MessageSend.generateCode(MessageSend.java:553)
	at org.eclipse.jdt.internal.compiler.ast.MessageSend.generateCode(MessageSend.java:546)
",2026-09-04T22:21:11
git@github.com:SAP/SapMachine.git,9376700::feature envy,9376700.0,feature envy,complexity,ck_failed," more info.
Exception in thread ""main"" java.lang.NullPointerException: Cannot read field ""declaringClass"" because ""mb"" is null
	at org.eclipse.jdt.internal.compiler.ast.ReferenceExpression.generateCode(ReferenceExpression.java:353)
	at org.eclipse.jdt.internal.compiler.ast.Statement.generateArguments(Statement.java:444)
	at org.eclipse.jdt.internal.compiler.ast.MessageSend.generateCode(MessageSend.java:553)
	at org.eclipse.jdt.internal.compiler.ast.MessageSend.generateCode(MessageSend.java:546)
",2026-09-04T22:21:11
git@github.com:SAP/SapMachine.git,9376700::long method,9376700.0,long method,complexity,ck_failed," more info.
Exception in thread ""main"" java.lang.NullPointerException: Cannot read field ""declaringClass"" because ""mb"" is null
	at org.eclipse.jdt.internal.compiler.ast.ReferenceExpression.generateCode(ReferenceExpression.java:353)
	at org.eclipse.jdt.internal.compiler.ast.Statement.generateArguments(Statement.java:444)
	at org.eclipse.jdt.internal.compiler.ast.MessageSend.generateCode(MessageSend.java:553)
	at org.eclipse.jdt.internal.compiler.ast.MessageSend.generateCode(MessageSend.java:546)
",2026-09-04T22:21:11
git@github.com:SAP/SapMachine.git,9377204::feature envy,9377204.0,feature envy,complexity,ck_failed," more info.
Exception in thread ""main"" java.lang.NullPointerException: Cannot read field ""declaringClass"" because ""mb"" is null
	at org.eclipse.jdt.internal.compiler.ast.ReferenceExpression.generateCode(ReferenceExpression.java:353)
	at org.eclipse.jdt.internal.compiler.ast.Statement.generateArguments(Statement.java:444)
	at org.eclipse.jdt.internal.compiler.ast.MessageSend.generateCode(MessageSend.java:553)
	at org.eclipse.jdt.internal.compiler.ast.MessageSend.generateCode(MessageSend.java:546)
",2026-09-04T22:21:11
git@github.com:SAP/SapMachine.git,9377204::long method,9377204.0,long method,complexity,ck_failed," more info.
Exception in thread ""main"" java.lang.NullPointerException: Cannot read field ""declaringClass"" because ""mb"" is null
	at org.eclipse.jdt.internal.compiler.ast.ReferenceExpression.generateCode(ReferenceExpression.java:353)
	at org.eclipse.jdt.internal.compiler.ast.Statement.generateArguments(Statement.java:444)
	at org.eclipse.jdt.internal.compiler.ast.MessageSend.generateCode(MessageSend.java:553)
	at org.eclipse.jdt.internal.compiler.ast.MessageSend.generateCode(MessageSend.java:546)
",2026-09-04T22:21:11
git@github.com:SAP/SapMachine.git,9379644::feature envy,9379644.0,feature envy,complexity,ck_failed," more info.
Exception in thread ""main"" java.lang.NullPointerException: Cannot read field ""declaringClass"" because ""mb"" is null
	at org.eclipse.jdt.internal.compiler.ast.ReferenceExpression.generateCode(ReferenceExpression.java:353)
	at org.eclipse.jdt.internal.compiler.ast.Statement.generateArguments(Statement.java:444)
	at org.eclipse.jdt.internal.compiler.ast.MessageSend.generateCode(MessageSend.java:553)
	at org.eclipse.jdt.internal.compiler.ast.MessageSend.generateCode(MessageSend.java:546)
",2026-09-04T22:21:11
git@github.com:SAP/SapMachine.git,9379644::long method,9379644.0,long method,complexity,ck_failed," more info.
Exception in thread ""main"" java.lang.NullPointerException: Cannot read field ""declaringClass"" because ""mb"" is null
	at org.eclipse.jdt.internal.compiler.ast.ReferenceExpression.generateCode(ReferenceExpression.java:353)
	at org.eclipse.jdt.internal.compiler.ast.Statement.generateArguments(Statement.java:444)
	at org.eclipse.jdt.internal.compiler.ast.MessageSend.generateCode(MessageSend.java:553)
	at org.eclipse.jdt.internal.compiler.ast.MessageSend.generateCode(MessageSend.java:546)
",2026-09-04T22:21:11
git@github.com:SAP/SapMachine.git,9380244::blob,9380244.0,blob,complexity,ck_failed," more info.
Exception in thread ""main"" java.lang.NullPointerException: Cannot read field ""declaringClass"" because ""mb"" is null
	at org.eclipse.jdt.internal.compiler.ast.ReferenceExpression.generateCode(ReferenceExpression.java:353)
	at org.eclipse.jdt.internal.compiler.ast.Statement.generateArguments(Statement.java:444)
	at org.eclipse.jdt.internal.compiler.ast.MessageSend.generateCode(MessageSend.java:553)
	at org.eclipse.jdt.internal.compiler.ast.MessageSend.generateCode(MessageSend.java:546)
",2026-09-04T22:21:11
git@github.com:SAP/SapMachine.git,9380244::data class,9380244.0,data class,complexity,ck_failed," more info.
Exception in thread ""main"" java.lang.NullPointerException: Cannot read field ""declaringClass"" because ""mb"" is null
	at org.eclipse.jdt.internal.compiler.ast.ReferenceExpression.generateCode(ReferenceExpression.java:353)
	at org.eclipse.jdt.internal.compiler.ast.Statement.generateArguments(Statement.java:444)
	at org.eclipse.jdt.internal.compiler.ast.MessageSend.generateCode(MessageSend.java:553)
	at org.eclipse.jdt.internal.compiler.ast.MessageSend.generateCode(MessageSend.java:546)
",2026-09-04T22:21:11
git@github.com:SAP/SapMachine.git,9383985::blob,9383985.0,blob,complexity,ck_failed," more info.
Exception in thread ""main"" java.lang.NullPointerException: Cannot read field ""declaringClass"" because ""mb"" is null
	at org.eclipse.jdt.internal.compiler.ast.ReferenceExpression.generateCode(ReferenceExpression.java:353)
	at org.eclipse.jdt.internal.compiler.ast.Statement.generateArguments(Statement.java:444)
	at org.eclipse.jdt.internal.compiler.ast.MessageSend.generateCode(MessageSend.java:553)
	at org.eclipse.jdt.internal.compiler.ast.MessageSend.generateCode(MessageSend.java:546)
",2026-09-04T22:21:11
git@github.com:SAP/SapMachine.git,9383985::data class,9383985.0,data class,complexity,ck_failed," more info.
Exception in thread ""main"" java.lang.NullPointerException: Cannot read field ""declaringClass"" because ""mb"" is null
	at org.eclipse.jdt.internal.compiler.ast.ReferenceExpression.generateCode(ReferenceExpression.java:353)
	at org.eclipse.jdt.internal.compiler.ast.Statement.generateArguments(Statement.java:444)
	at org.eclipse.jdt.internal.compiler.ast.MessageSend.generateCode(MessageSend.java:553)
	at org.eclipse.jdt.internal.compiler.ast.MessageSend.generateCode(MessageSend.java:546)
",2026-09-04T22:21:11
git@github.com:SAP/SapMachine.git,9388648::blob,9388648.0,blob,complexity,ck_failed," more info.
Exception in thread ""main"" java.lang.NullPointerException: Cannot read field ""declaringClass"" because ""mb"" is null
	at org.eclipse.jdt.internal.compiler.ast.ReferenceExpression.generateCode(ReferenceExpression.java:353)
	at org.eclipse.jdt.internal.compiler.ast.Statement.generateArguments(Statement.java:444)
	at org.eclipse.jdt.internal.compiler.ast.MessageSend.generateCode(MessageSend.java:553)
	at org.eclipse.jdt.internal.compiler.ast.MessageSend.generateCode(MessageSend.java:546)
",2026-09-04T22:21:11
git@github.com:SAP/SapMachine.git,9388648::data class,9388648.0,data class,complexity,ck_failed," more info.
Exception in thread ""main"" java.lang.NullPointerException: Cannot read field ""declaringClass"" because ""mb"" is null
	at org.eclipse.jdt.internal.compiler.ast.ReferenceExpression.generateCode(ReferenceExpression.java:353)
	at org.eclipse.jdt.internal.compiler.ast.Statement.generateArguments(Statement.java:444)
	at org.eclipse.jdt.internal.compiler.ast.MessageSend.generateCode(MessageSend.java:553)
	at org.eclipse.jdt.internal.compiler.ast.MessageSend.generateCode(MessageSend.java:546)
",2026-09-04T22:21:11
git@github.com:SAP/SapMachine.git,9388855::blob,9388855.0,blob,complexity,ck_failed," more info.
Exception in thread ""main"" java.lang.NullPointerException: Cannot read field ""declaringClass"" because ""mb"" is null
	at org.eclipse.jdt.internal.compiler.ast.ReferenceExpression.generateCode(ReferenceExpression.java:353)
	at org.eclipse.jdt.internal.compiler.ast.Statement.generateArguments(Statement.java:444)
	at org.eclipse.jdt.internal.compiler.ast.MessageSend.generateCode(MessageSend.java:553)
	at org.eclipse.jdt.internal.compiler.ast.MessageSend.generateCode(MessageSend.java:546)
",2026-09-04T22:21:11
git@github.com:SAP/SapMachine.git,9388855::data class,9388855.0,data class,complexity,ck_failed," more info.
Exception in thread ""main"" java.lang.NullPointerException: Cannot read field ""declaringClass"" because ""mb"" is null
	at org.eclipse.jdt.internal.compiler.ast.ReferenceExpression.generateCode(ReferenceExpression.java:353)
	at org.eclipse.jdt.internal.compiler.ast.Statement.generateArguments(Statement.java:444)
	at org.eclipse.jdt.internal.compiler.ast.MessageSend.generateCode(MessageSend.java:553)
	at org.eclipse.jdt.internal.compiler.ast.MessageSend.generateCode(MessageSend.java:546)
",2026-09-04T22:21:11
git@github.com:SAP/SapMachine.git,9390001::feature envy,9390001.0,feature envy,complexity,ck_failed," more info.
Exception in thread ""main"" java.lang.NullPointerException: Cannot read field ""declaringClass"" because ""mb"" is null
	at org.eclipse.jdt.internal.compiler.ast.ReferenceExpression.generateCode(ReferenceExpression.java:353)
	at org.eclipse.jdt.internal.compiler.ast.Statement.generateArguments(Statement.java:444)
	at org.eclipse.jdt.internal.compiler.ast.MessageSend.generateCode(MessageSend.java:553)
	at org.eclipse.jdt.internal.compiler.ast.MessageSend.generateCode(MessageSend.java:546)
",2026-09-04T22:21:11
git@github.com:SAP/SapMachine.git,9390001::long method,9390001.0,long method,complexity,ck_failed," more info.
Exception in thread ""main"" java.lang.NullPointerException: Cannot read field ""declaringClass"" because ""mb"" is null
	at org.eclipse.jdt.internal.compiler.ast.ReferenceExpression.generateCode(ReferenceExpression.java:353)
	at org.eclipse.jdt.internal.compiler.ast.Statement.generateArguments(Statement.java:444)
	at org.eclipse.jdt.internal.compiler.ast.MessageSend.generateCode(MessageSend.java:553)
	at org.eclipse.jdt.internal.compiler.ast.MessageSend.generateCode(MessageSend.java:546)
",2026-09-04T22:21:11
git@github.com:SAP/SapMachine.git,9393147::feature envy,9393147.0,feature envy,complexity,ck_failed," more info.
Exception in thread ""main"" java.lang.NullPointerException: Cannot read field ""declaringClass"" because ""mb"" is null
	at org.eclipse.jdt.internal.compiler.ast.ReferenceExpression.generateCode(ReferenceExpression.java:353)
	at org.eclipse.jdt.internal.compiler.ast.Statement.generateArguments(Statement.java:444)
	at org.eclipse.jdt.internal.compiler.ast.MessageSend.generateCode(MessageSend.java:553)
	at org.eclipse.jdt.internal.compiler.ast.MessageSend.generateCode(MessageSend.java:546)
",2026-09-04T22:21:11
git@github.com:SAP/SapMachine.git,9393147::long method,9393147.0,long method,complexity,ck_failed," more info.
Exception in thread ""main"" java.lang.NullPointerException: Cannot read field ""declaringClass"" because ""mb"" is null
	at org.eclipse.jdt.internal.compiler.ast.ReferenceExpression.generateCode(ReferenceExpression.java:353)
	at org.eclipse.jdt.internal.compiler.ast.Statement.generateArguments(Statement.java:444)
	at org.eclipse.jdt.internal.compiler.ast.MessageSend.generateCode(MessageSend.java:553)
	at org.eclipse.jdt.internal.compiler.ast.MessageSend.generateCode(MessageSend.java:546)
",2026-09-04T22:21:11
git@github.com:SAP/SapMachine.git,9394020::blob,9394020.0,blob,complexity,ck_failed," more info.
Exception in thread ""main"" java.lang.NullPointerException: Cannot read field ""declaringClass"" because ""mb"" is null
	at org.eclipse.jdt.internal.compiler.ast.ReferenceExpression.generateCode(ReferenceExpression.java:353)
	at org.eclipse.jdt.internal.compiler.ast.Statement.generateArguments(Statement.java:444)
	at org.eclipse.jdt.internal.compiler.ast.MessageSend.generateCode(MessageSend.java:553)
	at org.eclipse.jdt.internal.compiler.ast.MessageSend.generateCode(MessageSend.java:546)
",2026-09-04T22:21:11
git@github.com:SAP/SapMachine.git,9394020::data class,9394020.0,data class,complexity,ck_failed," more info.
Exception in thread ""main"" java.lang.NullPointerException: Cannot read field ""declaringClass"" because ""mb"" is null
	at org.eclipse.jdt.internal.compiler.ast.ReferenceExpression.generateCode(ReferenceExpression.java:353)
	at org.eclipse.jdt.internal.compiler.ast.Statement.generateArguments(Statement.java:444)
	at org.eclipse.jdt.internal.compiler.ast.MessageSend.generateCode(MessageSend.java:553)
	at org.eclipse.jdt.internal.compiler.ast.MessageSend.generateCode(MessageSend.java:546)
",2026-09-04T22:21:11
git@github.com:SAP/SapMachine.git,9394449::blob,9394449.0,blob,complexity,ck_failed," more info.
Exception in thread ""main"" java.lang.NullPointerException: Cannot read field ""declaringClass"" because ""mb"" is null
	at org.eclipse.jdt.internal.compiler.ast.ReferenceExpression.generateCode(ReferenceExpression.java:353)
	at org.eclipse.jdt.internal.compiler.ast.Statement.generateArguments(Statement.java:444)
	at org.eclipse.jdt.internal.compiler.ast.MessageSend.generateCode(MessageSend.java:553)
	at org.eclipse.jdt.internal.compiler.ast.MessageSend.generateCode(MessageSend.java:546)
",2026-09-04T22:21:11
git@github.com:SAP/SapMachine.git,9394449::data class,9394449.0,data class,complexity,ck_failed," more info.
Exception in thread ""main"" java.lang.NullPointerException: Cannot read field ""declaringClass"" because ""mb"" is null
	at org.eclipse.jdt.internal.compiler.ast.ReferenceExpression.generateCode(ReferenceExpression.java:353)
	at org.eclipse.jdt.internal.compiler.ast.Statement.generateArguments(Statement.java:444)
	at org.eclipse.jdt.internal.compiler.ast.MessageSend.generateCode(MessageSend.java:553)
	at org.eclipse.jdt.internal.compiler.ast.MessageSend.generateCode(MessageSend.java:546)
",2026-09-04T22:21:11
git@github.com:SAP/SapMachine.git,9394464::blob,9394464.0,blob,complexity,ck_failed," more info.
Exception in thread ""main"" java.lang.NullPointerException: Cannot read field ""declaringClass"" because ""mb"" is null
	at org.eclipse.jdt.internal.compiler.ast.ReferenceExpression.generateCode(ReferenceExpression.java:353)
	at org.eclipse.jdt.internal.compiler.ast.Statement.generateArguments(Statement.java:444)
	at org.eclipse.jdt.internal.compiler.ast.MessageSend.generateCode(MessageSend.java:553)
	at org.eclipse.jdt.internal.compiler.ast.MessageSend.generateCode(MessageSend.java:546)
",2026-09-04T22:21:11
git@github.com:SAP/SapMachine.git,9394464::data class,9394464.0,data class,complexity,ck_failed," more info.
Exception in thread ""main"" java.lang.NullPointerException: Cannot read field ""declaringClass"" because ""mb"" is null
	at org.eclipse.jdt.internal.compiler.ast.ReferenceExpression.generateCode(ReferenceExpression.java:353)
	at org.eclipse.jdt.internal.compiler.ast.Statement.generateArguments(Statement.java:444)
	at org.eclipse.jdt.internal.compiler.ast.MessageSend.generateCode(MessageSend.java:553)
	at org.eclipse.jdt.internal.compiler.ast.MessageSend.generateCode(MessageSend.java:546)
",2026-09-04T22:21:11
git@github.com:SAP/SapMachine.git,9395153::blob,9395153.0,blob,complexity,ck_failed," more info.
Exception in thread ""main"" java.lang.NullPointerException: Cannot read field ""declaringClass"" because ""mb"" is null
	at org.eclipse.jdt.internal.compiler.ast.ReferenceExpression.generateCode(ReferenceExpression.java:353)
	at org.eclipse.jdt.internal.compiler.ast.Statement.generateArguments(Statement.java:444)
	at org.eclipse.jdt.internal.compiler.ast.MessageSend.generateCode(MessageSend.java:553)
	at org.eclipse.jdt.internal.compiler.ast.MessageSend.generateCode(MessageSend.java:546)
",2026-09-04T22:21:11
git@github.com:SAP/SapMachine.git,9395153::data class,9395153.0,data class,complexity,ck_failed," more info.
Exception in thread ""main"" java.lang.NullPointerException: Cannot read field ""declaringClass"" because ""mb"" is null
	at org.eclipse.jdt.internal.compiler.ast.ReferenceExpression.generateCode(ReferenceExpression.java:353)
	at org.eclipse.jdt.internal.compiler.ast.Statement.generateArguments(Statement.java:444)
	at org.eclipse.jdt.internal.compiler.ast.MessageSend.generateCode(MessageSend.java:553)
	at org.eclipse.jdt.internal.compiler.ast.MessageSend.generateCode(MessageSend.java:546)
",2026-09-04T22:21:11
git@github.com:SAP/SapMachine.git,9396435::feature envy,9396435.0,feature envy,complexity,ck_failed," more info.
Exception in thread ""main"" java.lang.NullPointerException: Cannot read field ""declaringClass"" because ""mb"" is null
	at org.eclipse.jdt.internal.compiler.ast.ReferenceExpression.generateCode(ReferenceExpression.java:353)
	at org.eclipse.jdt.internal.compiler.ast.Statement.generateArguments(Statement.java:444)
	at org.eclipse.jdt.internal.compiler.ast.MessageSend.generateCode(MessageSend.java:553)
	at org.eclipse.jdt.internal.compiler.ast.MessageSend.generateCode(MessageSend.java:546)
",2026-09-04T22:21:11
git@github.com:SAP/SapMachine.git,9396435::long method,9396435.0,long method,complexity,ck_failed," more info.
Exception in thread ""main"" java.lang.NullPointerException: Cannot read field ""declaringClass"" because ""mb"" is null
	at org.eclipse.jdt.internal.compiler.ast.ReferenceExpression.generateCode(ReferenceExpression.java:353)
	at org.eclipse.jdt.internal.compiler.ast.Statement.generateArguments(Statement.java:444)
	at org.eclipse.jdt.internal.compiler.ast.MessageSend.generateCode(MessageSend.java:553)
	at org.eclipse.jdt.internal.compiler.ast.MessageSend.generateCode(MessageSend.java:546)
",2026-09-04T22:21:11
git@github.com:SAP/SapMachine.git,9397250::blob,9397250.0,blob,complexity,ck_failed," more info.
Exception in thread ""main"" java.lang.NullPointerException: Cannot read field ""declaringClass"" because ""mb"" is null
	at org.eclipse.jdt.internal.compiler.ast.ReferenceExpression.generateCode(ReferenceExpression.java:353)
	at org.eclipse.jdt.internal.compiler.ast.Statement.generateArguments(Statement.java:444)
	at org.eclipse.jdt.internal.compiler.ast.MessageSend.generateCode(MessageSend.java:553)
	at org.eclipse.jdt.internal.compiler.ast.MessageSend.generateCode(MessageSend.java:546)
",2026-09-04T22:21:11
git@github.com:SAP/SapMachine.git,9397250::data class,9397250.0,data class,complexity,ck_failed," more info.
Exception in thread ""main"" java.lang.NullPointerException: Cannot read field ""declaringClass"" because ""mb"" is null
	at org.eclipse.jdt.internal.compiler.ast.ReferenceExpression.generateCode(ReferenceExpression.java:353)
	at org.eclipse.jdt.internal.compiler.ast.Statement.generateArguments(Statement.java:444)
	at org.eclipse.jdt.internal.compiler.ast.MessageSend.generateCode(MessageSend.java:553)
	at org.eclipse.jdt.internal.compiler.ast.MessageSend.generateCode(MessageSend.java:546)
",2026-09-04T22:21:11
git@github.com:SAP/SapMachine.git,9398714::blob,9398714.0,blob,complexity,ck_failed," more info.
Exception in thread ""main"" java.lang.NullPointerException: Cannot read field ""declaringClass"" because ""mb"" is null
	at org.eclipse.jdt.internal.compiler.ast.ReferenceExpression.generateCode(ReferenceExpression.java:353)
	at org.eclipse.jdt.internal.compiler.ast.Statement.generateArguments(Statement.java:444)
	at org.eclipse.jdt.internal.compiler.ast.MessageSend.generateCode(MessageSend.java:553)
	at org.eclipse.jdt.internal.compiler.ast.MessageSend.generateCode(MessageSend.java:546)
",2026-09-04T22:21:11
git@github.com:SAP/SapMachine.git,9398714::data class,9398714.0,data class,complexity,ck_failed," more info.
Exception in thread ""main"" java.lang.NullPointerException: Cannot read field ""declaringClass"" because ""mb"" is null
	at org.eclipse.jdt.internal.compiler.ast.ReferenceExpression.generateCode(ReferenceExpression.java:353)
	at org.eclipse.jdt.internal.compiler.ast.Statement.generateArguments(Statement.java:444)
	at org.eclipse.jdt.internal.compiler.ast.MessageSend.generateCode(MessageSend.java:553)
	at org.eclipse.jdt.internal.compiler.ast.MessageSend.generateCode(MessageSend.java:546)
",2026-09-04T22:21:11
git@github.com:SAP/SapMachine.git,9402805::blob,9402805.0,blob,complexity,ck_failed," more info.
Exception in thread ""main"" java.lang.NullPointerException: Cannot read field ""declaringClass"" because ""mb"" is null
	at org.eclipse.jdt.internal.compiler.ast.ReferenceExpression.generateCode(ReferenceExpression.java:353)
	at org.eclipse.jdt.internal.compiler.ast.Statement.generateArguments(Statement.java:444)
	at org.eclipse.jdt.internal.compiler.ast.MessageSend.generateCode(MessageSend.java:553)
	at org.eclipse.jdt.internal.compiler.ast.MessageSend.generateCode(MessageSend.java:546)
",2026-09-04T22:21:11
git@github.com:SAP/SapMachine.git,9402805::data class,9402805.0,data class,complexity,ck_failed," more info.
Exception in thread ""main"" java.lang.NullPointerException: Cannot read field ""declaringClass"" because ""mb"" is null
	at org.eclipse.jdt.internal.compiler.ast.ReferenceExpression.generateCode(ReferenceExpression.java:353)
	at org.eclipse.jdt.internal.compiler.ast.Statement.generateArguments(Statement.java:444)
	at org.eclipse.jdt.internal.compiler.ast.MessageSend.generateCode(MessageSend.java:553)
	at org.eclipse.jdt.internal.compiler.ast.MessageSend.generateCode(MessageSend.java:546)
",2026-09-04T22:21:11
git@github.com:SAP/SapMachine.git,9403827::feature envy,9403827.0,feature envy,complexity,ck_failed," more info.
Exception in thread ""main"" java.lang.NullPointerException: Cannot read field ""declaringClass"" because ""mb"" is null
	at org.eclipse.jdt.internal.compiler.ast.ReferenceExpression.generateCode(ReferenceExpression.java:353)
	at org.eclipse.jdt.internal.compiler.ast.Statement.generateArguments(Statement.java:444)
	at org.eclipse.jdt.internal.compiler.ast.MessageSend.generateCode(MessageSend.java:553)
	at org.eclipse.jdt.internal.compiler.ast.MessageSend.generateCode(MessageSend.java:546)
",2026-09-04T22:21:11
git@github.com:SAP/SapMachine.git,9403827::long method,9403827.0,long method,complexity,ck_failed," more info.
Exception in thread ""main"" java.lang.NullPointerException: Cannot read field ""declaringClass"" because ""mb"" is null
	at org.eclipse.jdt.internal.compiler.ast.ReferenceExpression.generateCode(ReferenceExpression.java:353)
	at org.eclipse.jdt.internal.compiler.ast.Statement.generateArguments(Statement.java:444)
	at org.eclipse.jdt.internal.compiler.ast.MessageSend.generateCode(MessageSend.java:553)
	at org.eclipse.jdt.internal.compiler.ast.MessageSend.generateCode(MessageSend.java:546)
",2026-09-04T22:21:11
git@github.com:SAP/SapMachine.git,9405775::feature envy,9405775.0,feature envy,complexity,ck_failed," more info.
Exception in thread ""main"" java.lang.NullPointerException: Cannot read field ""declaringClass"" because ""mb"" is null
	at org.eclipse.jdt.internal.compiler.ast.ReferenceExpression.generateCode(ReferenceExpression.java:353)
	at org.eclipse.jdt.internal.compiler.ast.Statement.generateArguments(Statement.java:444)
	at org.eclipse.jdt.internal.compiler.ast.MessageSend.generateCode(MessageSend.java:553)
	at org.eclipse.jdt.internal.compiler.ast.MessageSend.generateCode(MessageSend.java:546)
",2026-09-04T22:21:11
git@github.com:SAP/SapMachine.git,9405775::long method,9405775.0,long method,complexity,ck_failed," more info.
Exception in thread ""main"" java.lang.NullPointerException: Cannot read field ""declaringClass"" because ""mb"" is null
	at org.eclipse.jdt.internal.compiler.ast.ReferenceExpression.generateCode(ReferenceExpression.java:353)
	at org.eclipse.jdt.internal.compiler.ast.Statement.generateArguments(Statement.java:444)
	at org.eclipse.jdt.internal.compiler.ast.MessageSend.generateCode(MessageSend.java:553)
	at org.eclipse.jdt.internal.compiler.ast.MessageSend.generateCode(MessageSend.java:546)
",2026-09-04T22:21:11
git@github.com:SAP/SapMachine.git,9407577::feature envy,9407577.0,feature envy,complexity,ck_failed," more info.
Exception in thread ""main"" java.lang.NullPointerException: Cannot read field ""declaringClass"" because ""mb"" is null
	at org.eclipse.jdt.internal.compiler.ast.ReferenceExpression.generateCode(ReferenceExpression.java:353)
	at org.eclipse.jdt.internal.compiler.ast.Statement.generateArguments(Statement.java:444)
	at org.eclipse.jdt.internal.compiler.ast.MessageSend.generateCode(MessageSend.java:553)
	at org.eclipse.jdt.internal.compiler.ast.MessageSend.generateCode(MessageSend.java:546)
",2026-09-04T22:21:11
git@github.com:SAP/SapMachine.git,9407577::long method,9407577.0,long method,complexity,ck_failed," more info.
Exception in thread ""main"" java.lang.NullPointerException: Cannot read field ""declaringClass"" because ""mb"" is null
	at org.eclipse.jdt.internal.compiler.ast.ReferenceExpression.generateCode(ReferenceExpression.java:353)
	at org.eclipse.jdt.internal.compiler.ast.Statement.generateArguments(Statement.java:444)
	at org.eclipse.jdt.internal.compiler.ast.MessageSend.generateCode(MessageSend.java:553)
	at org.eclipse.jdt.internal.compiler.ast.MessageSend.generateCode(MessageSend.java:546)
",2026-09-04T22:21:11
git@github.com:SAP/SapMachine.git,9409389::blob,9409389.0,blob,complexity,ck_failed," more info.
Exception in thread ""main"" java.lang.NullPointerException: Cannot read field ""declaringClass"" because ""mb"" is null
	at org.eclipse.jdt.internal.compiler.ast.ReferenceExpression.generateCode(ReferenceExpression.java:353)
	at org.eclipse.jdt.internal.compiler.ast.Statement.generateArguments(Statement.java:444)
	at org.eclipse.jdt.internal.compiler.ast.MessageSend.generateCode(MessageSend.java:553)
	at org.eclipse.jdt.internal.compiler.ast.MessageSend.generateCode(MessageSend.java:546)
",2026-09-04T22:21:11
git@github.com:SAP/SapMachine.git,9409389::data class,9409389.0,data class,complexity,ck_failed," more info.
Exception in thread ""main"" java.lang.NullPointerException: Cannot read field ""declaringClass"" because ""mb"" is null
	at org.eclipse.jdt.internal.compiler.ast.ReferenceExpression.generateCode(ReferenceExpression.java:353)
	at org.eclipse.jdt.internal.compiler.ast.Statement.generateArguments(Statement.java:444)
	at org.eclipse.jdt.internal.compiler.ast.MessageSend.generateCode(MessageSend.java:553)
	at org.eclipse.jdt.internal.compiler.ast.MessageSend.generateCode(MessageSend.java:546)
",2026-09-04T22:21:11
git@github.com:SAP/SapMachine.git,9409891::feature envy,9409891.0,feature envy,complexity,ck_failed," more info.
Exception in thread ""main"" java.lang.NullPointerException: Cannot read field ""declaringClass"" because ""mb"" is null
	at org.eclipse.jdt.internal.compiler.ast.ReferenceExpression.generateCode(ReferenceExpression.java:353)
	at org.eclipse.jdt.internal.compiler.ast.Statement.generateArguments(Statement.java:444)
	at org.eclipse.jdt.internal.compiler.ast.MessageSend.generateCode(MessageSend.java:553)
	at org.eclipse.jdt.internal.compiler.ast.MessageSend.generateCode(MessageSend.java:546)
",2026-09-04T22:21:11
git@github.com:SAP/SapMachine.git,9409891::long method,9409891.0,long method,complexity,ck_failed," more info.
Exception in thread ""main"" java.lang.NullPointerException: Cannot read field ""declaringClass"" because ""mb"" is null
	at org.eclipse.jdt.internal.compiler.ast.ReferenceExpression.generateCode(ReferenceExpression.java:353)
	at org.eclipse.jdt.internal.compiler.ast.Statement.generateArguments(Statement.java:444)
	at org.eclipse.jdt.internal.compiler.ast.MessageSend.generateCode(MessageSend.java:553)
	at org.eclipse.jdt.internal.compiler.ast.MessageSend.generateCode(MessageSend.java:546)
",2026-09-04T22:21:11
git@github.com:SAP/SapMachine.git,9410474::feature envy,9410474.0,feature envy,complexity,ck_failed," more info.
Exception in thread ""main"" java.lang.NullPointerException: Cannot read field ""declaringClass"" because ""mb"" is null
	at org.eclipse.jdt.internal.compiler.ast.ReferenceExpression.generateCode(ReferenceExpression.java:353)
	at org.eclipse.jdt.internal.compiler.ast.Statement.generateArguments(Statement.java:444)
	at org.eclipse.jdt.internal.compiler.ast.MessageSend.generateCode(MessageSend.java:553)
	at org.eclipse.jdt.internal.compiler.ast.MessageSend.generateCode(MessageSend.java:546)
",2026-09-04T22:21:11
git@github.com:SAP/SapMachine.git,9410474::long method,9410474.0,long method,complexity,ck_failed," more info.
Exception in thread ""main"" java.lang.NullPointerException: Cannot read field ""declaringClass"" because ""mb"" is null
	at org.eclipse.jdt.internal.compiler.ast.ReferenceExpression.generateCode(ReferenceExpression.java:353)
	at org.eclipse.jdt.internal.compiler.ast.Statement.generateArguments(Statement.java:444)
	at org.eclipse.jdt.internal.compiler.ast.MessageSend.generateCode(MessageSend.java:553)
	at org.eclipse.jdt.internal.compiler.ast.MessageSend.generateCode(MessageSend.java:546)
",2026-09-04T22:21:11
git@github.com:SAP/SapMachine.git,9411658::blob,9411658.0,blob,complexity,ck_failed," more info.
Exception in thread ""main"" java.lang.NullPointerException: Cannot read field ""declaringClass"" because ""mb"" is null
	at org.eclipse.jdt.internal.compiler.ast.ReferenceExpression.generateCode(ReferenceExpression.java:353)
	at org.eclipse.jdt.internal.compiler.ast.Statement.generateArguments(Statement.java:444)
	at org.eclipse.jdt.internal.compiler.ast.MessageSend.generateCode(MessageSend.java:553)
	at org.eclipse.jdt.internal.compiler.ast.MessageSend.generateCode(MessageSend.java:546)
",2026-09-04T22:21:11
git@github.com:SAP/SapMachine.git,9411658::data class,9411658.0,data class,complexity,ck_failed," more info.
Exception in thread ""main"" java.lang.NullPointerException: Cannot read field ""declaringClass"" because ""mb"" is null
	at org.eclipse.jdt.internal.compiler.ast.ReferenceExpression.generateCode(ReferenceExpression.java:353)
	at org.eclipse.jdt.internal.compiler.ast.Statement.generateArguments(Statement.java:444)
	at org.eclipse.jdt.internal.compiler.ast.MessageSend.generateCode(MessageSend.java:553)
	at org.eclipse.jdt.internal.compiler.ast.MessageSend.generateCode(MessageSend.java:546)
",2026-09-04T22:21:11
git@github.com:SAP/SapMachine.git,9413571::feature envy,9413571.0,feature envy,complexity,ck_failed," more info.
Exception in thread ""main"" java.lang.NullPointerException: Cannot read field ""declaringClass"" because ""mb"" is null
	at org.eclipse.jdt.internal.compiler.ast.ReferenceExpression.generateCode(ReferenceExpression.java:353)
	at org.eclipse.jdt.internal.compiler.ast.Statement.generateArguments(Statement.java:444)
	at org.eclipse.jdt.internal.compiler.ast.MessageSend.generateCode(MessageSend.java:553)
	at org.eclipse.jdt.internal.compiler.ast.MessageSend.generateCode(MessageSend.java:546)
",2026-09-04T22:21:11
git@github.com:SAP/SapMachine.git,9413571::long method,9413571.0,long method,complexity,ck_failed," more info.
Exception in thread ""main"" java.lang.NullPointerException: Cannot read field ""declaringClass"" because ""mb"" is null
	at org.eclipse.jdt.internal.compiler.ast.ReferenceExpression.generateCode(ReferenceExpression.java:353)
	at org.eclipse.jdt.internal.compiler.ast.Statement.generateArguments(Statement.java:444)
	at org.eclipse.jdt.internal.compiler.ast.MessageSend.generateCode(MessageSend.java:553)
	at org.eclipse.jdt.internal.compiler.ast.MessageSend.generateCode(MessageSend.java:546)
",2026-09-04T22:21:11
git@github.com:SAP/SapMachine.git,9414619::feature envy,9414619.0,feature envy,complexity,ck_failed," more info.
Exception in thread ""main"" java.lang.NullPointerException: Cannot read field ""declaringClass"" because ""mb"" is null
	at org.eclipse.jdt.internal.compiler.ast.ReferenceExpression.generateCode(ReferenceExpression.java:353)
	at org.eclipse.jdt.internal.compiler.ast.Statement.generateArguments(Statement.java:444)
	at org.eclipse.jdt.internal.compiler.ast.MessageSend.generateCode(MessageSend.java:553)
	at org.eclipse.jdt.internal.compiler.ast.MessageSend.generateCode(MessageSend.java:546)
",2026-09-04T22:21:11
git@github.com:SAP/SapMachine.git,9414619::long method,9414619.0,long method,complexity,ck_failed," more info.
Exception in thread ""main"" java.lang.NullPointerException: Cannot read field ""declaringClass"" because ""mb"" is null
	at org.eclipse.jdt.internal.compiler.ast.ReferenceExpression.generateCode(ReferenceExpression.java:353)
	at org.eclipse.jdt.internal.compiler.ast.Statement.generateArguments(Statement.java:444)
	at org.eclipse.jdt.internal.compiler.ast.MessageSend.generateCode(MessageSend.java:553)
	at org.eclipse.jdt.internal.compiler.ast.MessageSend.generateCode(MessageSend.java:546)
",2026-09-04T22:21:11
git@github.com:SAP/SapMachine.git,9420761::blob,9420761.0,blob,complexity,ck_failed," more info.
Exception in thread ""main"" java.lang.NullPointerException: Cannot read field ""declaringClass"" because ""mb"" is null
	at org.eclipse.jdt.internal.compiler.ast.ReferenceExpression.generateCode(ReferenceExpression.java:353)
	at org.eclipse.jdt.internal.compiler.ast.Statement.generateArguments(Statement.java:444)
	at org.eclipse.jdt.internal.compiler.ast.MessageSend.generateCode(MessageSend.java:553)
	at org.eclipse.jdt.internal.compiler.ast.MessageSend.generateCode(MessageSend.java:546)
",2026-09-04T22:21:11
git@github.com:SAP/SapMachine.git,9420761::data class,9420761.0,data class,complexity,ck_failed," more info.
Exception in thread ""main"" java.lang.NullPointerException: Cannot read field ""declaringClass"" because ""mb"" is null
	at org.eclipse.jdt.internal.compiler.ast.ReferenceExpression.generateCode(ReferenceExpression.java:353)
	at org.eclipse.jdt.internal.compiler.ast.Statement.generateArguments(Statement.java:444)
	at org.eclipse.jdt.internal.compiler.ast.MessageSend.generateCode(MessageSend.java:553)
	at org.eclipse.jdt.internal.compiler.ast.MessageSend.generateCode(MessageSend.java:546)
",2026-09-04T22:21:11
git@github.com:SAP/SapMachine.git,9421191::blob,9421191.0,blob,complexity,ck_failed," more info.
Exception in thread ""main"" java.lang.NullPointerException: Cannot read field ""declaringClass"" because ""mb"" is null
	at org.eclipse.jdt.internal.compiler.ast.ReferenceExpression.generateCode(ReferenceExpression.java:353)
	at org.eclipse.jdt.internal.compiler.ast.Statement.generateArguments(Statement.java:444)
	at org.eclipse.jdt.internal.compiler.ast.MessageSend.generateCode(MessageSend.java:553)
	at org.eclipse.jdt.internal.compiler.ast.MessageSend.generateCode(MessageSend.java:546)
",2026-09-04T22:21:11
git@github.com:SAP/SapMachine.git,9421191::data class,9421191.0,data class,complexity,ck_failed," more info.
Exception in thread ""main"" java.lang.NullPointerException: Cannot read field ""declaringClass"" because ""mb"" is null
	at org.eclipse.jdt.internal.compiler.ast.ReferenceExpression.generateCode(ReferenceExpression.java:353)
	at org.eclipse.jdt.internal.compiler.ast.Statement.generateArguments(Statement.java:444)
	at org.eclipse.jdt.internal.compiler.ast.MessageSend.generateCode(MessageSend.java:553)
	at org.eclipse.jdt.internal.compiler.ast.MessageSend.generateCode(MessageSend.java:546)
",2026-09-04T22:21:11
git@github.com:SAP/SapMachine.git,9421769::feature envy,9421769.0,feature envy,complexity,ck_failed," more info.
Exception in thread ""main"" java.lang.NullPointerException: Cannot read field ""declaringClass"" because ""mb"" is null
	at org.eclipse.jdt.internal.compiler.ast.ReferenceExpression.generateCode(ReferenceExpression.java:353)
	at org.eclipse.jdt.internal.compiler.ast.Statement.generateArguments(Statement.java:444)
	at org.eclipse.jdt.internal.compiler.ast.MessageSend.generateCode(MessageSend.java:553)
	at org.eclipse.jdt.internal.compiler.ast.MessageSend.generateCode(MessageSend.java:546)
",2026-09-04T22:21:11
git@github.com:SAP/SapMachine.git,9421769::long method,9421769.0,long method,complexity,ck_failed," more info.
Exception in thread ""main"" java.lang.NullPointerException: Cannot read field ""declaringClass"" because ""mb"" is null
	at org.eclipse.jdt.internal.compiler.ast.ReferenceExpression.generateCode(ReferenceExpression.java:353)
	at org.eclipse.jdt.internal.compiler.ast.Statement.generateArguments(Statement.java:444)
	at org.eclipse.jdt.internal.compiler.ast.MessageSend.generateCode(MessageSend.java:553)
	at org.eclipse.jdt.internal.compiler.ast.MessageSend.generateCode(MessageSend.java:546)
",2026-09-04T22:21:11
git@github.com:SAP/SapMachine.git,9421857::blob,9421857.0,blob,complexity,ck_failed," more info.
Exception in thread ""main"" java.lang.NullPointerException: Cannot read field ""declaringClass"" because ""mb"" is null
	at org.eclipse.jdt.internal.compiler.ast.ReferenceExpression.generateCode(ReferenceExpression.java:353)
	at org.eclipse.jdt.internal.compiler.ast.Statement.generateArguments(Statement.java:444)
	at org.eclipse.jdt.internal.compiler.ast.MessageSend.generateCode(MessageSend.java:553)
	at org.eclipse.jdt.internal.compiler.ast.MessageSend.generateCode(MessageSend.java:546)
",2026-09-04T22:21:11
git@github.com:SAP/SapMachine.git,9421857::data class,9421857.0,data class,complexity,ck_failed," more info.
Exception in thread ""main"" java.lang.NullPointerException: Cannot read field ""declaringClass"" because ""mb"" is null
	at org.eclipse.jdt.internal.compiler.ast.ReferenceExpression.generateCode(ReferenceExpression.java:353)
	at org.eclipse.jdt.internal.compiler.ast.Statement.generateArguments(Statement.java:444)
	at org.eclipse.jdt.internal.compiler.ast.MessageSend.generateCode(MessageSend.java:553)
	at org.eclipse.jdt.internal.compiler.ast.MessageSend.generateCode(MessageSend.java:546)
",2026-09-04T22:21:11
git@github.com:SAP/SapMachine.git,9426716::feature envy,9426716.0,feature envy,complexity,ck_failed," more info.
Exception in thread ""main"" java.lang.NullPointerException: Cannot read field ""declaringClass"" because ""mb"" is null
	at org.eclipse.jdt.internal.compiler.ast.ReferenceExpression.generateCode(ReferenceExpression.java:353)
	at org.eclipse.jdt.internal.compiler.ast.Statement.generateArguments(Statement.java:444)
	at org.eclipse.jdt.internal.compiler.ast.MessageSend.generateCode(MessageSend.java:553)
	at org.eclipse.jdt.internal.compiler.ast.MessageSend.generateCode(MessageSend.java:546)
",2026-09-04T22:21:11
git@github.com:SAP/SapMachine.git,9426716::long method,9426716.0,long method,complexity,ck_failed," more info.
Exception in thread ""main"" java.lang.NullPointerException: Cannot read field ""declaringClass"" because ""mb"" is null
	at org.eclipse.jdt.internal.compiler.ast.ReferenceExpression.generateCode(ReferenceExpression.java:353)
	at org.eclipse.jdt.internal.compiler.ast.Statement.generateArguments(Statement.java:444)
	at org.eclipse.jdt.internal.compiler.ast.MessageSend.generateCode(MessageSend.java:553)
	at org.eclipse.jdt.internal.compiler.ast.MessageSend.generateCode(MessageSend.java:546)
",2026-09-04T22:21:11
git@github.com:SAP/SapMachine.git,9429785::blob,9429785.0,blob,complexity,ck_failed," more info.
Exception in thread ""main"" java.lang.NullPointerException: Cannot read field ""declaringClass"" because ""mb"" is null
	at org.eclipse.jdt.internal.compiler.ast.ReferenceExpression.generateCode(ReferenceExpression.java:353)
	at org.eclipse.jdt.internal.compiler.ast.Statement.generateArguments(Statement.java:444)
	at org.eclipse.jdt.internal.compiler.ast.MessageSend.generateCode(MessageSend.java:553)
	at org.eclipse.jdt.internal.compiler.ast.MessageSend.generateCode(MessageSend.java:546)
",2026-09-04T22:21:11
git@github.com:SAP/SapMachine.git,9429785::data class,9429785.0,data class,complexity,ck_failed," more info.
Exception in thread ""main"" java.lang.NullPointerException: Cannot read field ""declaringClass"" because ""mb"" is null
	at org.eclipse.jdt.internal.compiler.ast.ReferenceExpression.generateCode(ReferenceExpression.java:353)
	at org.eclipse.jdt.internal.compiler.ast.Statement.generateArguments(Statement.java:444)
	at org.eclipse.jdt.internal.compiler.ast.MessageSend.generateCode(MessageSend.java:553)
	at org.eclipse.jdt.internal.compiler.ast.MessageSend.generateCode(MessageSend.java:546)
",2026-09-04T22:21:11
git@github.com:SAP/SapMachine.git,9431580::blob,9431580.0,blob,complexity,ck_failed," more info.
Exception in thread ""main"" java.lang.NullPointerException: Cannot read field ""declaringClass"" because ""mb"" is null
	at org.eclipse.jdt.internal.compiler.ast.ReferenceExpression.generateCode(ReferenceExpression.java:353)
	at org.eclipse.jdt.internal.compiler.ast.Statement.generateArguments(Statement.java:444)
	at org.eclipse.jdt.internal.compiler.ast.MessageSend.generateCode(MessageSend.java:553)
	at org.eclipse.jdt.internal.compiler.ast.MessageSend.generateCode(MessageSend.java:546)
",2026-09-04T22:21:11
git@github.com:SAP/SapMachine.git,9431580::data class,9431580.0,data class,complexity,ck_failed," more info.
Exception in thread ""main"" java.lang.NullPointerException: Cannot read field ""declaringClass"" because ""mb"" is null
	at org.eclipse.jdt.internal.compiler.ast.ReferenceExpression.generateCode(ReferenceExpression.java:353)
	at org.eclipse.jdt.internal.compiler.ast.Statement.generateArguments(Statement.java:444)
	at org.eclipse.jdt.internal.compiler.ast.MessageSend.generateCode(MessageSend.java:553)
	at org.eclipse.jdt.internal.compiler.ast.MessageSend.generateCode(MessageSend.java:546)
",2026-09-04T22:21:11
git@github.com:SAP/SapMachine.git,9432587::blob,9432587.0,blob,complexity,ck_failed," more info.
Exception in thread ""main"" java.lang.NullPointerException: Cannot read field ""declaringClass"" because ""mb"" is null
	at org.eclipse.jdt.internal.compiler.ast.ReferenceExpression.generateCode(ReferenceExpression.java:353)
	at org.eclipse.jdt.internal.compiler.ast.Statement.generateArguments(Statement.java:444)
	at org.eclipse.jdt.internal.compiler.ast.MessageSend.generateCode(MessageSend.java:553)
	at org.eclipse.jdt.internal.compiler.ast.MessageSend.generateCode(MessageSend.java:546)
",2026-09-04T22:21:11
git@github.com:SAP/SapMachine.git,9432587::data class,9432587.0,data class,complexity,ck_failed," more info.
Exception in thread ""main"" java.lang.NullPointerException: Cannot read field ""declaringClass"" because ""mb"" is null
	at org.eclipse.jdt.internal.compiler.ast.ReferenceExpression.generateCode(ReferenceExpression.java:353)
	at org.eclipse.jdt.internal.compiler.ast.Statement.generateArguments(Statement.java:444)
	at org.eclipse.jdt.internal.compiler.ast.MessageSend.generateCode(MessageSend.java:553)
	at org.eclipse.jdt.internal.compiler.ast.MessageSend.generateCode(MessageSend.java:546)
",2026-09-04T22:21:11
git@github.com:SAP/SapMachine.git,9433104::feature envy,9433104.0,feature envy,complexity,ck_failed," more info.
Exception in thread ""main"" java.lang.NullPointerException: Cannot read field ""declaringClass"" because ""mb"" is null
	at org.eclipse.jdt.internal.compiler.ast.ReferenceExpression.generateCode(ReferenceExpression.java:353)
	at org.eclipse.jdt.internal.compiler.ast.Statement.generateArguments(Statement.java:444)
	at org.eclipse.jdt.internal.compiler.ast.MessageSend.generateCode(MessageSend.java:553)
	at org.eclipse.jdt.internal.compiler.ast.MessageSend.generateCode(MessageSend.java:546)
",2026-09-04T22:21:11
git@github.com:SAP/SapMachine.git,9433104::long method,9433104.0,long method,complexity,ck_failed," more info.
Exception in thread ""main"" java.lang.NullPointerException: Cannot read field ""declaringClass"" because ""mb"" is null
	at org.eclipse.jdt.internal.compiler.ast.ReferenceExpression.generateCode(ReferenceExpression.java:353)
	at org.eclipse.jdt.internal.compiler.ast.Statement.generateArguments(Statement.java:444)
	at org.eclipse.jdt.internal.compiler.ast.MessageSend.generateCode(MessageSend.java:553)
	at org.eclipse.jdt.internal.compiler.ast.MessageSend.generateCode(MessageSend.java:546)
",2026-09-04T22:21:11
git@github.com:SAP/SapMachine.git,9439755::blob,9439755.0,blob,complexity,ck_failed," more info.
Exception in thread ""main"" java.lang.NullPointerException: Cannot read field ""declaringClass"" because ""mb"" is null
	at org.eclipse.jdt.internal.compiler.ast.ReferenceExpression.generateCode(ReferenceExpression.java:353)
	at org.eclipse.jdt.internal.compiler.ast.Statement.generateArguments(Statement.java:444)
	at org.eclipse.jdt.internal.compiler.ast.MessageSend.generateCode(MessageSend.java:553)
	at org.eclipse.jdt.internal.compiler.ast.MessageSend.generateCode(MessageSend.java:546)
",2026-09-04T22:21:11
git@github.com:SAP/SapMachine.git,9439755::data class,9439755.0,data class,complexity,ck_failed," more info.
Exception in thread ""main"" java.lang.NullPointerException: Cannot read field ""declaringClass"" because ""mb"" is null
	at org.eclipse.jdt.internal.compiler.ast.ReferenceExpression.generateCode(ReferenceExpression.java:353)
	at org.eclipse.jdt.internal.compiler.ast.Statement.generateArguments(Statement.java:444)
	at org.eclipse.jdt.internal.compiler.ast.MessageSend.generateCode(MessageSend.java:553)
	at org.eclipse.jdt.internal.compiler.ast.MessageSend.generateCode(MessageSend.java:546)
",2026-09-04T22:21:11
git@github.com:SAP/SapMachine.git,9440897::feature envy,9440897.0,feature envy,complexity,ck_failed," more info.
Exception in thread ""main"" java.lang.NullPointerException: Cannot read field ""declaringClass"" because ""mb"" is null
	at org.eclipse.jdt.internal.compiler.ast.ReferenceExpression.generateCode(ReferenceExpression.java:353)
	at org.eclipse.jdt.internal.compiler.ast.Statement.generateArguments(Statement.java:444)
	at org.eclipse.jdt.internal.compiler.ast.MessageSend.generateCode(MessageSend.java:553)
	at org.eclipse.jdt.internal.compiler.ast.MessageSend.generateCode(MessageSend.java:546)
",2026-09-04T22:21:11
git@github.com:SAP/SapMachine.git,9440897::long method,9440897.0,long method,complexity,ck_failed," more info.
Exception in thread ""main"" java.lang.NullPointerException: Cannot read field ""declaringClass"" because ""mb"" is null
	at org.eclipse.jdt.internal.compiler.ast.ReferenceExpression.generateCode(ReferenceExpression.java:353)
	at org.eclipse.jdt.internal.compiler.ast.Statement.generateArguments(Statement.java:444)
	at org.eclipse.jdt.internal.compiler.ast.MessageSend.generateCode(MessageSend.java:553)
	at org.eclipse.jdt.internal.compiler.ast.MessageSend.generateCode(MessageSend.java:546)
",2026-09-04T22:21:11
git@github.com:SAP/SapMachine.git,9442366::feature envy,9442366.0,feature envy,complexity,ck_failed," more info.
Exception in thread ""main"" java.lang.NullPointerException: Cannot read field ""declaringClass"" because ""mb"" is null
	at org.eclipse.jdt.internal.compiler.ast.ReferenceExpression.generateCode(ReferenceExpression.java:353)
	at org.eclipse.jdt.internal.compiler.ast.Statement.generateArguments(Statement.java:444)
	at org.eclipse.jdt.internal.compiler.ast.MessageSend.generateCode(MessageSend.java:553)
	at org.eclipse.jdt.internal.compiler.ast.MessageSend.generateCode(MessageSend.java:546)
",2026-09-04T22:21:11
git@github.com:SAP/SapMachine.git,9442366::long method,9442366.0,long method,complexity,ck_failed," more info.
Exception in thread ""main"" java.lang.NullPointerException: Cannot read field ""declaringClass"" because ""mb"" is null
	at org.eclipse.jdt.internal.compiler.ast.ReferenceExpression.generateCode(ReferenceExpression.java:353)
	at org.eclipse.jdt.internal.compiler.ast.Statement.generateArguments(Statement.java:444)
	at org.eclipse.jdt.internal.compiler.ast.MessageSend.generateCode(MessageSend.java:553)
	at org.eclipse.jdt.internal.compiler.ast.MessageSend.generateCode(MessageSend.java:546)
",2026-09-04T22:21:11
git@github.com:SAP/SapMachine.git,9443834::blob,9443834.0,blob,complexity,ck_failed," more info.
Exception in thread ""main"" java.lang.NullPointerException: Cannot read field ""declaringClass"" because ""mb"" is null
	at org.eclipse.jdt.internal.compiler.ast.ReferenceExpression.generateCode(ReferenceExpression.java:353)
	at org.eclipse.jdt.internal.compiler.ast.Statement.generateArguments(Statement.java:444)
	at org.eclipse.jdt.internal.compiler.ast.MessageSend.generateCode(MessageSend.java:553)
	at org.eclipse.jdt.internal.compiler.ast.MessageSend.generateCode(MessageSend.java:546)
",2026-09-04T22:21:11
git@github.com:SAP/SapMachine.git,9443834::data class,9443834.0,data class,complexity,ck_failed," more info.
Exception in thread ""main"" java.lang.NullPointerException: Cannot read field ""declaringClass"" because ""mb"" is null
	at org.eclipse.jdt.internal.compiler.ast.ReferenceExpression.generateCode(ReferenceExpression.java:353)
	at org.eclipse.jdt.internal.compiler.ast.Statement.generateArguments(Statement.java:444)
	at org.eclipse.jdt.internal.compiler.ast.MessageSend.generateCode(MessageSend.java:553)
	at org.eclipse.jdt.internal.compiler.ast.MessageSend.generateCode(MessageSend.java:546)
",2026-09-04T22:21:11
git@github.com:SAP/SapMachine.git,9446238::feature envy,9446238.0,feature envy,complexity,ck_failed," more info.
Exception in thread ""main"" java.lang.NullPointerException: Cannot read field ""declaringClass"" because ""mb"" is null
	at org.eclipse.jdt.internal.compiler.ast.ReferenceExpression.generateCode(ReferenceExpression.java:353)
	at org.eclipse.jdt.internal.compiler.ast.Statement.generateArguments(Statement.java:444)
	at org.eclipse.jdt.internal.compiler.ast.MessageSend.generateCode(MessageSend.java:553)
	at org.eclipse.jdt.internal.compiler.ast.MessageSend.generateCode(MessageSend.java:546)
",2026-09-04T22:21:11
git@github.com:SAP/SapMachine.git,9446238::long method,9446238.0,long method,complexity,ck_failed," more info.
Exception in thread ""main"" java.lang.NullPointerException: Cannot read field ""declaringClass"" because ""mb"" is null
	at org.eclipse.jdt.internal.compiler.ast.ReferenceExpression.generateCode(ReferenceExpression.java:353)
	at org.eclipse.jdt.internal.compiler.ast.Statement.generateArguments(Statement.java:444)
	at org.eclipse.jdt.internal.compiler.ast.MessageSend.generateCode(MessageSend.java:553)
	at org.eclipse.jdt.internal.compiler.ast.MessageSend.generateCode(MessageSend.java:546)
",2026-09-04T22:21:11
git@github.com:SAP/SapMachine.git,9449118::feature envy,9449118.0,feature envy,complexity,ck_failed," more info.
Exception in thread ""main"" java.lang.NullPointerException: Cannot read field ""declaringClass"" because ""mb"" is null
	at org.eclipse.jdt.internal.compiler.ast.ReferenceExpression.generateCode(ReferenceExpression.java:353)
	at org.eclipse.jdt.internal.compiler.ast.Statement.generateArguments(Statement.java:444)
	at org.eclipse.jdt.internal.compiler.ast.MessageSend.generateCode(MessageSend.java:553)
	at org.eclipse.jdt.internal.compiler.ast.MessageSend.generateCode(MessageSend.java:546)
",2026-09-04T22:21:11
git@github.com:SAP/SapMachine.git,9449118::long method,9449118.0,long method,complexity,ck_failed," more info.
Exception in thread ""main"" java.lang.NullPointerException: Cannot read field ""declaringClass"" because ""mb"" is null
	at org.eclipse.jdt.internal.compiler.ast.ReferenceExpression.generateCode(ReferenceExpression.java:353)
	at org.eclipse.jdt.internal.compiler.ast.Statement.generateArguments(Statement.java:444)
	at org.eclipse.jdt.internal.compiler.ast.MessageSend.generateCode(MessageSend.java:553)
	at org.eclipse.jdt.internal.compiler.ast.MessageSend.generateCode(MessageSend.java:546)
",2026-09-04T22:21:11
git@github.com:apache/incubator-netbeans-html4j.git,4745033::feature envy,4745033.0,feature envy,complexity,ck_failed,"log4j:WARN No appenders could be found for logger (com.github.mauricioaniche.ck.CK).
log4j:WARN Please initialize the log4j system properly.
log4j:WARN See http://logging.apache.org/log4j/1.2/faq.html#noconfig for more info.
Exception in thread ""main"" java.lang.NullPointerException: Cannot read field ""declaringClass"" because ""mb"" is null
	at org.eclipse.jdt.internal.compiler.ast.ReferenceExpression.generateCode(ReferenceExpression.java:353)
	at org.eclipse.jdt.internal.compiler.ast.Statement.gen",2026-09-04T22:49:38
git@github.com:apache/incubator-netbeans-html4j.git,4745033::long method,4745033.0,long method,complexity,ck_failed,"log4j:WARN No appenders could be found for logger (com.github.mauricioaniche.ck.CK).
log4j:WARN Please initialize the log4j system properly.
log4j:WARN See http://logging.apache.org/log4j/1.2/faq.html#noconfig for more info.
Exception in thread ""main"" java.lang.NullPointerException: Cannot read field ""declaringClass"" because ""mb"" is null
	at org.eclipse.jdt.internal.compiler.ast.ReferenceExpression.generateCode(ReferenceExpression.java:353)
	at org.eclipse.jdt.internal.compiler.ast.Statement.gen",2026-09-04T22:49:38
git@github.com:apache/incubator-netbeans-html4j.git,4745312::blob,4745312.0,blob,complexity,ck_failed,"log4j:WARN No appenders could be found for logger (com.github.mauricioaniche.ck.CK).
log4j:WARN Please initialize the log4j system properly.
log4j:WARN See http://logging.apache.org/log4j/1.2/faq.html#noconfig for more info.
Exception in thread ""main"" java.lang.NullPointerException: Cannot read field ""declaringClass"" because ""mb"" is null
	at org.eclipse.jdt.internal.compiler.ast.ReferenceExpression.generateCode(ReferenceExpression.java:353)
	at org.eclipse.jdt.internal.compiler.ast.Statement.gen",2026-09-04T22:49:38
git@github.com:apache/incubator-netbeans-html4j.git,4745312::data class,4745312.0,data class,complexity,ck_failed,"log4j:WARN No appenders could be found for logger (com.github.mauricioaniche.ck.CK).
log4j:WARN Please initialize the log4j system properly.
log4j:WARN See http://logging.apache.org/log4j/1.2/faq.html#noconfig for more info.
Exception in thread ""main"" java.lang.NullPointerException: Cannot read field ""declaringClass"" because ""mb"" is null
	at org.eclipse.jdt.internal.compiler.ast.ReferenceExpression.generateCode(ReferenceExpression.java:353)
	at org.eclipse.jdt.internal.compiler.ast.Statement.gen",2026-09-04T22:49:38
git@github.com:apache/incubator-netbeans-html4j.git,4745800::feature envy,4745800.0,feature envy,complexity,ck_failed,"log4j:WARN No appenders could be found for logger (com.github.mauricioaniche.ck.CK).
log4j:WARN Please initialize the log4j system properly.
log4j:WARN See http://logging.apache.org/log4j/1.2/faq.html#noconfig for more info.
Exception in thread ""main"" java.lang.NullPointerException: Cannot read field ""declaringClass"" because ""mb"" is null
	at org.eclipse.jdt.internal.compiler.ast.ReferenceExpression.generateCode(ReferenceExpression.java:353)
	at org.eclipse.jdt.internal.compiler.ast.Statement.gen",2026-09-04T22:49:38
git@github.com:apache/incubator-netbeans-html4j.git,4745800::long method,4745800.0,long method,complexity,ck_failed,"log4j:WARN No appenders could be found for logger (com.github.mauricioaniche.ck.CK).
log4j:WARN Please initialize the log4j system properly.
log4j:WARN See http://logging.apache.org/log4j/1.2/faq.html#noconfig for more info.
Exception in thread ""main"" java.lang.NullPointerException: Cannot read field ""declaringClass"" because ""mb"" is null
	at org.eclipse.jdt.internal.compiler.ast.ReferenceExpression.generateCode(ReferenceExpression.java:353)
	at org.eclipse.jdt.internal.compiler.ast.Statement.gen",2026-09-04T22:49:38
git@github.com:eclipse/ceylon.git,6060474::feature envy,6060474.0,feature envy,complexity,ck_failed,"     [][][][][][][][][][]
        [][][][][][][][][][]
        [][][][][][][][][][]
        [][][][][][][][][][]
        [][][][][][][][][][]
        [][][][][][][][][][]
        [][][][][][][][][][]
        [][][][][][][][][][]
        [][][][][][][][][][]
        [][][][][][][][][][]
        [][][][][][][][][][]
        [][][][][][][][][][]
        [][][][][][][][][][]
        [][][][][][][][][][]
        [][][][][][][][][][]
        [][][][][][][][][][]
        [][][][][][][][][][]
        []",2026-09-04T23:19:43
git@github.com:eclipse/ceylon.git,6060474::long method,6060474.0,long method,complexity,ck_failed,"     [][][][][][][][][][]
        [][][][][][][][][][]
        [][][][][][][][][][]
        [][][][][][][][][][]
        [][][][][][][][][][]
        [][][][][][][][][][]
        [][][][][][][][][][]
        [][][][][][][][][][]
        [][][][][][][][][][]
        [][][][][][][][][][]
        [][][][][][][][][][]
        [][][][][][][][][][]
        [][][][][][][][][][]
        [][][][][][][][][][]
        [][][][][][][][][][]
        [][][][][][][][][][]
        [][][][][][][][][][]
        []",2026-09-04T23:19:43
git@github.com:eclipse/ceylon.git,6060996::blob,6060996.0,blob,complexity,ck_failed,"     [][][][][][][][][][]
        [][][][][][][][][][]
        [][][][][][][][][][]
        [][][][][][][][][][]
        [][][][][][][][][][]
        [][][][][][][][][][]
        [][][][][][][][][][]
        [][][][][][][][][][]
        [][][][][][][][][][]
        [][][][][][][][][][]
        [][][][][][][][][][]
        [][][][][][][][][][]
        [][][][][][][][][][]
        [][][][][][][][][][]
        [][][][][][][][][][]
        [][][][][][][][][][]
        [][][][][][][][][][]
        []",2026-09-04T23:19:43
git@github.com:eclipse/ceylon.git,6060996::data class,6060996.0,data class,complexity,ck_failed,"     [][][][][][][][][][]
        [][][][][][][][][][]
        [][][][][][][][][][]
        [][][][][][][][][][]
        [][][][][][][][][][]
        [][][][][][][][][][]
        [][][][][][][][][][]
        [][][][][][][][][][]
        [][][][][][][][][][]
        [][][][][][][][][][]
        [][][][][][][][][][]
        [][][][][][][][][][]
        [][][][][][][][][][]
        [][][][][][][][][][]
        [][][][][][][][][][]
        [][][][][][][][][][]
        [][][][][][][][][][]
        []",2026-09-04T23:19:43
git@github.com:eclipse/ceylon.git,6062576::feature envy,6062576.0,feature envy,complexity,ck_failed,"     [][][][][][][][][][]
        [][][][][][][][][][]
        [][][][][][][][][][]
        [][][][][][][][][][]
        [][][][][][][][][][]
        [][][][][][][][][][]
        [][][][][][][][][][]
        [][][][][][][][][][]
        [][][][][][][][][][]
        [][][][][][][][][][]
        [][][][][][][][][][]
        [][][][][][][][][][]
        [][][][][][][][][][]
        [][][][][][][][][][]
        [][][][][][][][][][]
        [][][][][][][][][][]
        [][][][][][][][][][]
        []",2026-09-04T23:19:43
git@github.com:eclipse/ceylon.git,6062576::long method,6062576.0,long method,complexity,ck_failed,"     [][][][][][][][][][]
        [][][][][][][][][][]
        [][][][][][][][][][]
        [][][][][][][][][][]
        [][][][][][][][][][]
        [][][][][][][][][][]
        [][][][][][][][][][]
        [][][][][][][][][][]
        [][][][][][][][][][]
        [][][][][][][][][][]
        [][][][][][][][][][]
        [][][][][][][][][][]
        [][][][][][][][][][]
        [][][][][][][][][][]
        [][][][][][][][][][]
        [][][][][][][][][][]
        [][][][][][][][][][]
        []",2026-09-04T23:19:43
git@github.com:eclipse/ceylon.git,6066851::blob,6066851.0,blob,complexity,ck_failed,"     [][][][][][][][][][]
        [][][][][][][][][][]
        [][][][][][][][][][]
        [][][][][][][][][][]
        [][][][][][][][][][]
        [][][][][][][][][][]
        [][][][][][][][][][]
        [][][][][][][][][][]
        [][][][][][][][][][]
        [][][][][][][][][][]
        [][][][][][][][][][]
        [][][][][][][][][][]
        [][][][][][][][][][]
        [][][][][][][][][][]
        [][][][][][][][][][]
        [][][][][][][][][][]
        [][][][][][][][][][]
        []",2026-09-04T23:19:43
git@github.com:eclipse/ceylon.git,6066851::data class,6066851.0,data class,complexity,ck_failed,"     [][][][][][][][][][]
        [][][][][][][][][][]
        [][][][][][][][][][]
        [][][][][][][][][][]
        [][][][][][][][][][]
        [][][][][][][][][][]
        [][][][][][][][][][]
        [][][][][][][][][][]
        [][][][][][][][][][]
        [][][][][][][][][][]
        [][][][][][][][][][]
        [][][][][][][][][][]
        [][][][][][][][][][]
        [][][][][][][][][][]
        [][][][][][][][][][]
        [][][][][][][][][][]
        [][][][][][][][][][]
        []",2026-09-04T23:19:43
git@github.com:eclipse/ceylon.git,6073850::blob,6073850.0,blob,complexity,ck_failed,"     [][][][][][][][][][]
        [][][][][][][][][][]
        [][][][][][][][][][]
        [][][][][][][][][][]
        [][][][][][][][][][]
        [][][][][][][][][][]
        [][][][][][][][][][]
        [][][][][][][][][][]
        [][][][][][][][][][]
        [][][][][][][][][][]
        [][][][][][][][][][]
        [][][][][][][][][][]
        [][][][][][][][][][]
        [][][][][][][][][][]
        [][][][][][][][][][]
        [][][][][][][][][][]
        [][][][][][][][][][]
        []",2026-09-04T23:19:43
git@github.com:eclipse/ceylon.git,6073850::data class,6073850.0,data class,complexity,ck_failed,"     [][][][][][][][][][]
        [][][][][][][][][][]
        [][][][][][][][][][]
        [][][][][][][][][][]
        [][][][][][][][][][]
        [][][][][][][][][][]
        [][][][][][][][][][]
        [][][][][][][][][][]
        [][][][][][][][][][]
        [][][][][][][][][][]
        [][][][][][][][][][]
        [][][][][][][][][][]
        [][][][][][][][][][]
        [][][][][][][][][][]
        [][][][][][][][][][]
        [][][][][][][][][][]
        [][][][][][][][][][]
        []",2026-09-04T23:19:43
git@github.com:eclipse/ceylon.git,6073975::feature envy,6073975.0,feature envy,complexity,ck_failed,"     [][][][][][][][][][]
        [][][][][][][][][][]
        [][][][][][][][][][]
        [][][][][][][][][][]
        [][][][][][][][][][]
        [][][][][][][][][][]
        [][][][][][][][][][]
        [][][][][][][][][][]
        [][][][][][][][][][]
        [][][][][][][][][][]
        [][][][][][][][][][]
        [][][][][][][][][][]
        [][][][][][][][][][]
        [][][][][][][][][][]
        [][][][][][][][][][]
        [][][][][][][][][][]
        [][][][][][][][][][]
        []",2026-09-04T23:19:43
git@github.com:eclipse/ceylon.git,6073975::long method,6073975.0,long method,complexity,ck_failed,"     [][][][][][][][][][]
        [][][][][][][][][][]
        [][][][][][][][][][]
        [][][][][][][][][][]
        [][][][][][][][][][]
        [][][][][][][][][][]
        [][][][][][][][][][]
        [][][][][][][][][][]
        [][][][][][][][][][]
        [][][][][][][][][][]
        [][][][][][][][][][]
        [][][][][][][][][][]
        [][][][][][][][][][]
        [][][][][][][][][][]
        [][][][][][][][][][]
        [][][][][][][][][][]
        [][][][][][][][][][]
        []",2026-09-04T23:19:43
git@github.com:eclipse/ceylon.git,6078015::blob,6078015.0,blob,complexity,ck_failed,"     [][][][][][][][][][]
        [][][][][][][][][][]
        [][][][][][][][][][]
        [][][][][][][][][][]
        [][][][][][][][][][]
        [][][][][][][][][][]
        [][][][][][][][][][]
        [][][][][][][][][][]
        [][][][][][][][][][]
        [][][][][][][][][][]
        [][][][][][][][][][]
        [][][][][][][][][][]
        [][][][][][][][][][]
        [][][][][][][][][][]
        [][][][][][][][][][]
        [][][][][][][][][][]
        [][][][][][][][][][]
        []",2026-09-04T23:19:43
git@github.com:eclipse/ceylon.git,6078015::data class,6078015.0,data class,complexity,ck_failed,"     [][][][][][][][][][]
        [][][][][][][][][][]
        [][][][][][][][][][]
        [][][][][][][][][][]
        [][][][][][][][][][]
        [][][][][][][][][][]
        [][][][][][][][][][]
        [][][][][][][][][][]
        [][][][][][][][][][]
        [][][][][][][][][][]
        [][][][][][][][][][]
        [][][][][][][][][][]
        [][][][][][][][][][]
        [][][][][][][][][][]
        [][][][][][][][][][]
        [][][][][][][][][][]
        [][][][][][][][][][]
        []",2026-09-04T23:19:43
git@github.com:eclipse/ceylon.git,6080166::blob,6080166.0,blob,complexity,ck_failed,"     [][][][][][][][][][]
        [][][][][][][][][][]
        [][][][][][][][][][]
        [][][][][][][][][][]
        [][][][][][][][][][]
        [][][][][][][][][][]
        [][][][][][][][][][]
        [][][][][][][][][][]
        [][][][][][][][][][]
        [][][][][][][][][][]
        [][][][][][][][][][]
        [][][][][][][][][][]
        [][][][][][][][][][]
        [][][][][][][][][][]
        [][][][][][][][][][]
        [][][][][][][][][][]
        [][][][][][][][][][]
        []",2026-09-04T23:19:43
git@github.com:eclipse/ceylon.git,6080166::data class,6080166.0,data class,complexity,ck_failed,"     [][][][][][][][][][]
        [][][][][][][][][][]
        [][][][][][][][][][]
        [][][][][][][][][][]
        [][][][][][][][][][]
        [][][][][][][][][][]
        [][][][][][][][][][]
        [][][][][][][][][][]
        [][][][][][][][][][]
        [][][][][][][][][][]
        [][][][][][][][][][]
        [][][][][][][][][][]
        [][][][][][][][][][]
        [][][][][][][][][][]
        [][][][][][][][][][]
        [][][][][][][][][][]
        [][][][][][][][][][]
        []",2026-09-04T23:19:43
git@github.com:eclipse/ceylon.git,6084033::blob,6084033.0,blob,complexity,ck_failed,"     [][][][][][][][][][]
        [][][][][][][][][][]
        [][][][][][][][][][]
        [][][][][][][][][][]
        [][][][][][][][][][]
        [][][][][][][][][][]
        [][][][][][][][][][]
        [][][][][][][][][][]
        [][][][][][][][][][]
        [][][][][][][][][][]
        [][][][][][][][][][]
        [][][][][][][][][][]
        [][][][][][][][][][]
        [][][][][][][][][][]
        [][][][][][][][][][]
        [][][][][][][][][][]
        [][][][][][][][][][]
        []",2026-09-04T23:19:43
git@github.com:eclipse/ceylon.git,6084033::data class,6084033.0,data class,complexity,ck_failed,"     [][][][][][][][][][]
        [][][][][][][][][][]
        [][][][][][][][][][]
        [][][][][][][][][][]
        [][][][][][][][][][]
        [][][][][][][][][][]
        [][][][][][][][][][]
        [][][][][][][][][][]
        [][][][][][][][][][]
        [][][][][][][][][][]
        [][][][][][][][][][]
        [][][][][][][][][][]
        [][][][][][][][][][]
        [][][][][][][][][][]
        [][][][][][][][][][]
        [][][][][][][][][][]
        [][][][][][][][][][]
        []",2026-09-04T23:19:43
git@github.com:eclipse/ceylon.git,6085688::feature envy,6085688.0,feature envy,complexity,ck_failed,"     [][][][][][][][][][]
        [][][][][][][][][][]
        [][][][][][][][][][]
        [][][][][][][][][][]
        [][][][][][][][][][]
        [][][][][][][][][][]
        [][][][][][][][][][]
        [][][][][][][][][][]
        [][][][][][][][][][]
        [][][][][][][][][][]
        [][][][][][][][][][]
        [][][][][][][][][][]
        [][][][][][][][][][]
        [][][][][][][][][][]
        [][][][][][][][][][]
        [][][][][][][][][][]
        [][][][][][][][][][]
        []",2026-09-04T23:19:43
git@github.com:eclipse/ceylon.git,6085688::long method,6085688.0,long method,complexity,ck_failed,"     [][][][][][][][][][]
        [][][][][][][][][][]
        [][][][][][][][][][]
        [][][][][][][][][][]
        [][][][][][][][][][]
        [][][][][][][][][][]
        [][][][][][][][][][]
        [][][][][][][][][][]
        [][][][][][][][][][]
        [][][][][][][][][][]
        [][][][][][][][][][]
        [][][][][][][][][][]
        [][][][][][][][][][]
        [][][][][][][][][][]
        [][][][][][][][][][]
        [][][][][][][][][][]
        [][][][][][][][][][]
        []",2026-09-04T23:19:43
git@github.com:eclipse/ceylon.git,6085704::blob,6085704.0,blob,complexity,ck_failed,"     [][][][][][][][][][]
        [][][][][][][][][][]
        [][][][][][][][][][]
        [][][][][][][][][][]
        [][][][][][][][][][]
        [][][][][][][][][][]
        [][][][][][][][][][]
        [][][][][][][][][][]
        [][][][][][][][][][]
        [][][][][][][][][][]
        [][][][][][][][][][]
        [][][][][][][][][][]
        [][][][][][][][][][]
        [][][][][][][][][][]
        [][][][][][][][][][]
        [][][][][][][][][][]
        [][][][][][][][][][]
        []",2026-09-04T23:19:43
git@github.com:eclipse/ceylon.git,6085704::data class,6085704.0,data class,complexity,ck_failed,"     [][][][][][][][][][]
        [][][][][][][][][][]
        [][][][][][][][][][]
        [][][][][][][][][][]
        [][][][][][][][][][]
        [][][][][][][][][][]
        [][][][][][][][][][]
        [][][][][][][][][][]
        [][][][][][][][][][]
        [][][][][][][][][][]
        [][][][][][][][][][]
        [][][][][][][][][][]
        [][][][][][][][][][]
        [][][][][][][][][][]
        [][][][][][][][][][]
        [][][][][][][][][][]
        [][][][][][][][][][]
        []",2026-09-04T23:19:43
git@github.com:eclipse/ceylon.git,6086287::blob,6086287.0,blob,complexity,ck_failed,"     [][][][][][][][][][]
        [][][][][][][][][][]
        [][][][][][][][][][]
        [][][][][][][][][][]
        [][][][][][][][][][]
        [][][][][][][][][][]
        [][][][][][][][][][]
        [][][][][][][][][][]
        [][][][][][][][][][]
        [][][][][][][][][][]
        [][][][][][][][][][]
        [][][][][][][][][][]
        [][][][][][][][][][]
        [][][][][][][][][][]
        [][][][][][][][][][]
        [][][][][][][][][][]
        [][][][][][][][][][]
        []",2026-09-04T23:19:43
git@github.com:eclipse/ceylon.git,6086287::data class,6086287.0,data class,complexity,ck_failed,"     [][][][][][][][][][]
        [][][][][][][][][][]
        [][][][][][][][][][]
        [][][][][][][][][][]
        [][][][][][][][][][]
        [][][][][][][][][][]
        [][][][][][][][][][]
        [][][][][][][][][][]
        [][][][][][][][][][]
        [][][][][][][][][][]
        [][][][][][][][][][]
        [][][][][][][][][][]
        [][][][][][][][][][]
        [][][][][][][][][][]
        [][][][][][][][][][]
        [][][][][][][][][][]
        [][][][][][][][][][]
        []",2026-09-04T23:19:43
git@github.com:eclipse/ceylon.git,6088559::feature envy,6088559.0,feature envy,complexity,ck_failed,"     [][][][][][][][][][]
        [][][][][][][][][][]
        [][][][][][][][][][]
        [][][][][][][][][][]
        [][][][][][][][][][]
        [][][][][][][][][][]
        [][][][][][][][][][]
        [][][][][][][][][][]
        [][][][][][][][][][]
        [][][][][][][][][][]
        [][][][][][][][][][]
        [][][][][][][][][][]
        [][][][][][][][][][]
        [][][][][][][][][][]
        [][][][][][][][][][]
        [][][][][][][][][][]
        [][][][][][][][][][]
        []",2026-09-04T23:19:43
git@github.com:eclipse/ceylon.git,6088559::long method,6088559.0,long method,complexity,ck_failed,"     [][][][][][][][][][]
        [][][][][][][][][][]
        [][][][][][][][][][]
        [][][][][][][][][][]
        [][][][][][][][][][]
        [][][][][][][][][][]
        [][][][][][][][][][]
        [][][][][][][][][][]
        [][][][][][][][][][]
        [][][][][][][][][][]
        [][][][][][][][][][]
        [][][][][][][][][][]
        [][][][][][][][][][]
        [][][][][][][][][][]
        [][][][][][][][][][]
        [][][][][][][][][][]
        [][][][][][][][][][]
        []",2026-09-04T23:19:43
git@github.com:eclipse/ceylon.git,6097003::blob,6097003.0,blob,complexity,ck_failed,"     [][][][][][][][][][]
        [][][][][][][][][][]
        [][][][][][][][][][]
        [][][][][][][][][][]
        [][][][][][][][][][]
        [][][][][][][][][][]
        [][][][][][][][][][]
        [][][][][][][][][][]
        [][][][][][][][][][]
        [][][][][][][][][][]
        [][][][][][][][][][]
        [][][][][][][][][][]
        [][][][][][][][][][]
        [][][][][][][][][][]
        [][][][][][][][][][]
        [][][][][][][][][][]
        [][][][][][][][][][]
        []",2026-09-04T23:19:43
git@github.com:eclipse/ceylon.git,6097003::data class,6097003.0,data class,complexity,ck_failed,"     [][][][][][][][][][]
        [][][][][][][][][][]
        [][][][][][][][][][]
        [][][][][][][][][][]
        [][][][][][][][][][]
        [][][][][][][][][][]
        [][][][][][][][][][]
        [][][][][][][][][][]
        [][][][][][][][][][]
        [][][][][][][][][][]
        [][][][][][][][][][]
        [][][][][][][][][][]
        [][][][][][][][][][]
        [][][][][][][][][][]
        [][][][][][][][][][]
        [][][][][][][][][][]
        [][][][][][][][][][]
        []",2026-09-04T23:19:43
git@github.com:eclipse/ceylon.git,6099482::blob,6099482.0,blob,complexity,ck_failed,"     [][][][][][][][][][]
        [][][][][][][][][][]
        [][][][][][][][][][]
        [][][][][][][][][][]
        [][][][][][][][][][]
        [][][][][][][][][][]
        [][][][][][][][][][]
        [][][][][][][][][][]
        [][][][][][][][][][]
        [][][][][][][][][][]
        [][][][][][][][][][]
        [][][][][][][][][][]
        [][][][][][][][][][]
        [][][][][][][][][][]
        [][][][][][][][][][]
        [][][][][][][][][][]
        [][][][][][][][][][]
        []",2026-09-04T23:19:43
git@github.com:eclipse/ceylon.git,6099482::data class,6099482.0,data class,complexity,ck_failed,"     [][][][][][][][][][]
        [][][][][][][][][][]
        [][][][][][][][][][]
        [][][][][][][][][][]
        [][][][][][][][][][]
        [][][][][][][][][][]
        [][][][][][][][][][]
        [][][][][][][][][][]
        [][][][][][][][][][]
        [][][][][][][][][][]
        [][][][][][][][][][]
        [][][][][][][][][][]
        [][][][][][][][][][]
        [][][][][][][][][][]
        [][][][][][][][][][]
        [][][][][][][][][][]
        [][][][][][][][][][]
        []",2026-09-04T23:19:43
git@github.com:eclipse/openj9.git,6450144::blob,6450144.0,blob,complexity,ck_failed,"g for more info.
Exception in thread ""main"" java.lang.ArrayIndexOutOfBoundsException: Index 3 out of bounds for length 2
	at org.eclipse.jdt.internal.compiler.problem.ProblemReporter.invalidType(ProblemReporter.java:4877)
	at org.eclipse.jdt.internal.compiler.ast.TypeReference.reportInvalidType(TypeReference.java:607)
	at org.eclipse.jdt.internal.compiler.ast.ParameterizedQualifiedTypeReference.internalResolveLeafType(ParameterizedQualifiedTypeReference.java:223)
	at org.eclipse.jdt.internal.com",2026-09-04T23:26:59
git@github.com:eclipse/openj9.git,6450144::data class,6450144.0,data class,complexity,ck_failed,"g for more info.
Exception in thread ""main"" java.lang.ArrayIndexOutOfBoundsException: Index 3 out of bounds for length 2
	at org.eclipse.jdt.internal.compiler.problem.ProblemReporter.invalidType(ProblemReporter.java:4877)
	at org.eclipse.jdt.internal.compiler.ast.TypeReference.reportInvalidType(TypeReference.java:607)
	at org.eclipse.jdt.internal.compiler.ast.ParameterizedQualifiedTypeReference.internalResolveLeafType(ParameterizedQualifiedTypeReference.java:223)
	at org.eclipse.jdt.internal.com",2026-09-04T23:26:59
git@github.com:eclipse/openj9.git,6452606::blob,6452606.0,blob,complexity,ck_failed,"g for more info.
Exception in thread ""main"" java.lang.ArrayIndexOutOfBoundsException: Index 3 out of bounds for length 2
	at org.eclipse.jdt.internal.compiler.problem.ProblemReporter.invalidType(ProblemReporter.java:4877)
	at org.eclipse.jdt.internal.compiler.ast.TypeReference.reportInvalidType(TypeReference.java:607)
	at org.eclipse.jdt.internal.compiler.ast.ParameterizedQualifiedTypeReference.internalResolveLeafType(ParameterizedQualifiedTypeReference.java:223)
	at org.eclipse.jdt.internal.com",2026-09-04T23:26:59
git@github.com:eclipse/openj9.git,6452606::data class,6452606.0,data class,complexity,ck_failed,"g for more info.
Exception in thread ""main"" java.lang.ArrayIndexOutOfBoundsException: Index 3 out of bounds for length 2
	at org.eclipse.jdt.internal.compiler.problem.ProblemReporter.invalidType(ProblemReporter.java:4877)
	at org.eclipse.jdt.internal.compiler.ast.TypeReference.reportInvalidType(TypeReference.java:607)
	at org.eclipse.jdt.internal.compiler.ast.ParameterizedQualifiedTypeReference.internalResolveLeafType(ParameterizedQualifiedTypeReference.java:223)
	at org.eclipse.jdt.internal.com",2026-09-04T23:26:59
git@github.com:eclipse/openj9.git,6454619::feature envy,6454619.0,feature envy,complexity,ck_failed,"g for more info.
Exception in thread ""main"" java.lang.ArrayIndexOutOfBoundsException: Index 3 out of bounds for length 2
	at org.eclipse.jdt.internal.compiler.problem.ProblemReporter.invalidType(ProblemReporter.java:4877)
	at org.eclipse.jdt.internal.compiler.ast.TypeReference.reportInvalidType(TypeReference.java:607)
	at org.eclipse.jdt.internal.compiler.ast.ParameterizedQualifiedTypeReference.internalResolveLeafType(ParameterizedQualifiedTypeReference.java:223)
	at org.eclipse.jdt.internal.com",2026-09-04T23:26:59
git@github.com:eclipse/openj9.git,6454619::long method,6454619.0,long method,complexity,ck_failed,"g for more info.
Exception in thread ""main"" java.lang.ArrayIndexOutOfBoundsException: Index 3 out of bounds for length 2
	at org.eclipse.jdt.internal.compiler.problem.ProblemReporter.invalidType(ProblemReporter.java:4877)
	at org.eclipse.jdt.internal.compiler.ast.TypeReference.reportInvalidType(TypeReference.java:607)
	at org.eclipse.jdt.internal.compiler.ast.ParameterizedQualifiedTypeReference.internalResolveLeafType(ParameterizedQualifiedTypeReference.java:223)
	at org.eclipse.jdt.internal.com",2026-09-04T23:26:59
git@github.com:eclipse/openj9.git,6455346::feature envy,6455346.0,feature envy,complexity,ck_failed,"g for more info.
Exception in thread ""main"" java.lang.ArrayIndexOutOfBoundsException: Index 3 out of bounds for length 2
	at org.eclipse.jdt.internal.compiler.problem.ProblemReporter.invalidType(ProblemReporter.java:4877)
	at org.eclipse.jdt.internal.compiler.ast.TypeReference.reportInvalidType(TypeReference.java:607)
	at org.eclipse.jdt.internal.compiler.ast.ParameterizedQualifiedTypeReference.internalResolveLeafType(ParameterizedQualifiedTypeReference.java:223)
	at org.eclipse.jdt.internal.com",2026-09-04T23:26:59
git@github.com:eclipse/openj9.git,6455346::long method,6455346.0,long method,complexity,ck_failed,"g for more info.
Exception in thread ""main"" java.lang.ArrayIndexOutOfBoundsException: Index 3 out of bounds for length 2
	at org.eclipse.jdt.internal.compiler.problem.ProblemReporter.invalidType(ProblemReporter.java:4877)
	at org.eclipse.jdt.internal.compiler.ast.TypeReference.reportInvalidType(TypeReference.java:607)
	at org.eclipse.jdt.internal.compiler.ast.ParameterizedQualifiedTypeReference.internalResolveLeafType(ParameterizedQualifiedTypeReference.java:223)
	at org.eclipse.jdt.internal.com",2026-09-04T23:26:59
git@github.com:eclipse/openj9.git,6457258::feature envy,6457258.0,feature envy,complexity,ck_failed,"g for more info.
Exception in thread ""main"" java.lang.ArrayIndexOutOfBoundsException: Index 3 out of bounds for length 2
	at org.eclipse.jdt.internal.compiler.problem.ProblemReporter.invalidType(ProblemReporter.java:4877)
	at org.eclipse.jdt.internal.compiler.ast.TypeReference.reportInvalidType(TypeReference.java:607)
	at org.eclipse.jdt.internal.compiler.ast.ParameterizedQualifiedTypeReference.internalResolveLeafType(ParameterizedQualifiedTypeReference.java:223)
	at org.eclipse.jdt.internal.com",2026-09-04T23:26:59
git@github.com:eclipse/openj9.git,6457258::long method,6457258.0,long method,complexity,ck_failed,"g for more info.
Exception in thread ""main"" java.lang.ArrayIndexOutOfBoundsException: Index 3 out of bounds for length 2
	at org.eclipse.jdt.internal.compiler.problem.ProblemReporter.invalidType(ProblemReporter.java:4877)
	at org.eclipse.jdt.internal.compiler.ast.TypeReference.reportInvalidType(TypeReference.java:607)
	at org.eclipse.jdt.internal.compiler.ast.ParameterizedQualifiedTypeReference.internalResolveLeafType(ParameterizedQualifiedTypeReference.java:223)
	at org.eclipse.jdt.internal.com",2026-09-04T23:26:59
git@github.com:eclipse/openj9.git,6464947::blob,6464947.0,blob,complexity,ck_failed,"g for more info.
Exception in thread ""main"" java.lang.ArrayIndexOutOfBoundsException: Index 3 out of bounds for length 2
	at org.eclipse.jdt.internal.compiler.problem.ProblemReporter.invalidType(ProblemReporter.java:4877)
	at org.eclipse.jdt.internal.compiler.ast.TypeReference.reportInvalidType(TypeReference.java:607)
	at org.eclipse.jdt.internal.compiler.ast.ParameterizedQualifiedTypeReference.internalResolveLeafType(ParameterizedQualifiedTypeReference.java:223)
	at org.eclipse.jdt.internal.com",2026-09-04T23:26:59
git@github.com:eclipse/openj9.git,6464947::data class,6464947.0,data class,complexity,ck_failed,"g for more info.
Exception in thread ""main"" java.lang.ArrayIndexOutOfBoundsException: Index 3 out of bounds for length 2
	at org.eclipse.jdt.internal.compiler.problem.ProblemReporter.invalidType(ProblemReporter.java:4877)
	at org.eclipse.jdt.internal.compiler.ast.TypeReference.reportInvalidType(TypeReference.java:607)
	at org.eclipse.jdt.internal.compiler.ast.ParameterizedQualifiedTypeReference.internalResolveLeafType(ParameterizedQualifiedTypeReference.java:223)
	at org.eclipse.jdt.internal.com",2026-09-04T23:26:59
git@github.com:eclipse/openj9.git,6464959::feature envy,6464959.0,feature envy,complexity,ck_failed,"g for more info.
Exception in thread ""main"" java.lang.ArrayIndexOutOfBoundsException: Index 3 out of bounds for length 2
	at org.eclipse.jdt.internal.compiler.problem.ProblemReporter.invalidType(ProblemReporter.java:4877)
	at org.eclipse.jdt.internal.compiler.ast.TypeReference.reportInvalidType(TypeReference.java:607)
	at org.eclipse.jdt.internal.compiler.ast.ParameterizedQualifiedTypeReference.internalResolveLeafType(ParameterizedQualifiedTypeReference.java:223)
	at org.eclipse.jdt.internal.com",2026-09-04T23:26:59
git@github.com:eclipse/openj9.git,6464959::long method,6464959.0,long method,complexity,ck_failed,"g for more info.
Exception in thread ""main"" java.lang.ArrayIndexOutOfBoundsException: Index 3 out of bounds for length 2
	at org.eclipse.jdt.internal.compiler.problem.ProblemReporter.invalidType(ProblemReporter.java:4877)
	at org.eclipse.jdt.internal.compiler.ast.TypeReference.reportInvalidType(TypeReference.java:607)
	at org.eclipse.jdt.internal.compiler.ast.ParameterizedQualifiedTypeReference.internalResolveLeafType(ParameterizedQualifiedTypeReference.java:223)
	at org.eclipse.jdt.internal.com",2026-09-04T23:26:59
git@github.com:eclipse/openj9.git,6464966::blob,6464966.0,blob,complexity,ck_failed,"g for more info.
Exception in thread ""main"" java.lang.ArrayIndexOutOfBoundsException: Index 3 out of bounds for length 2
	at org.eclipse.jdt.internal.compiler.problem.ProblemReporter.invalidType(ProblemReporter.java:4877)
	at org.eclipse.jdt.internal.compiler.ast.TypeReference.reportInvalidType(TypeReference.java:607)
	at org.eclipse.jdt.internal.compiler.ast.ParameterizedQualifiedTypeReference.internalResolveLeafType(ParameterizedQualifiedTypeReference.java:223)
	at org.eclipse.jdt.internal.com",2026-09-04T23:26:59
git@github.com:eclipse/openj9.git,6464966::data class,6464966.0,data class,complexity,ck_failed,"g for more info.
Exception in thread ""main"" java.lang.ArrayIndexOutOfBoundsException: Index 3 out of bounds for length 2
	at org.eclipse.jdt.internal.compiler.problem.ProblemReporter.invalidType(ProblemReporter.java:4877)
	at org.eclipse.jdt.internal.compiler.ast.TypeReference.reportInvalidType(TypeReference.java:607)
	at org.eclipse.jdt.internal.compiler.ast.ParameterizedQualifiedTypeReference.internalResolveLeafType(ParameterizedQualifiedTypeReference.java:223)
	at org.eclipse.jdt.internal.com",2026-09-04T23:26:59
git@github.com:eclipse/openj9.git,6468434::blob,6468434.0,blob,complexity,ck_failed,"g for more info.
Exception in thread ""main"" java.lang.ArrayIndexOutOfBoundsException: Index 3 out of bounds for length 2
	at org.eclipse.jdt.internal.compiler.problem.ProblemReporter.invalidType(ProblemReporter.java:4877)
	at org.eclipse.jdt.internal.compiler.ast.TypeReference.reportInvalidType(TypeReference.java:607)
	at org.eclipse.jdt.internal.compiler.ast.ParameterizedQualifiedTypeReference.internalResolveLeafType(ParameterizedQualifiedTypeReference.java:223)
	at org.eclipse.jdt.internal.com",2026-09-04T23:26:59
git@github.com:eclipse/openj9.git,6468434::data class,6468434.0,data class,complexity,ck_failed,"g for more info.
Exception in thread ""main"" java.lang.ArrayIndexOutOfBoundsException: Index 3 out of bounds for length 2
	at org.eclipse.jdt.internal.compiler.problem.ProblemReporter.invalidType(ProblemReporter.java:4877)
	at org.eclipse.jdt.internal.compiler.ast.TypeReference.reportInvalidType(TypeReference.java:607)
	at org.eclipse.jdt.internal.compiler.ast.ParameterizedQualifiedTypeReference.internalResolveLeafType(ParameterizedQualifiedTypeReference.java:223)
	at org.eclipse.jdt.internal.com",2026-09-04T23:26:59
git@github.com:eclipse/openj9.git,6470076::blob,6470076.0,blob,complexity,ck_failed,"g for more info.
Exception in thread ""main"" java.lang.ArrayIndexOutOfBoundsException: Index 3 out of bounds for length 2
	at org.eclipse.jdt.internal.compiler.problem.ProblemReporter.invalidType(ProblemReporter.java:4877)
	at org.eclipse.jdt.internal.compiler.ast.TypeReference.reportInvalidType(TypeReference.java:607)
	at org.eclipse.jdt.internal.compiler.ast.ParameterizedQualifiedTypeReference.internalResolveLeafType(ParameterizedQualifiedTypeReference.java:223)
	at org.eclipse.jdt.internal.com",2026-09-04T23:26:59
git@github.com:eclipse/openj9.git,6470076::data class,6470076.0,data class,complexity,ck_failed,"g for more info.
Exception in thread ""main"" java.lang.ArrayIndexOutOfBoundsException: Index 3 out of bounds for length 2
	at org.eclipse.jdt.internal.compiler.problem.ProblemReporter.invalidType(ProblemReporter.java:4877)
	at org.eclipse.jdt.internal.compiler.ast.TypeReference.reportInvalidType(TypeReference.java:607)
	at org.eclipse.jdt.internal.compiler.ast.ParameterizedQualifiedTypeReference.internalResolveLeafType(ParameterizedQualifiedTypeReference.java:223)
	at org.eclipse.jdt.internal.com",2026-09-04T23:26:59
git@github.com:eclipse/openj9.git,6470701::blob,6470701.0,blob,complexity,ck_failed,"g for more info.
Exception in thread ""main"" java.lang.ArrayIndexOutOfBoundsException: Index 3 out of bounds for length 2
	at org.eclipse.jdt.internal.compiler.problem.ProblemReporter.invalidType(ProblemReporter.java:4877)
	at org.eclipse.jdt.internal.compiler.ast.TypeReference.reportInvalidType(TypeReference.java:607)
	at org.eclipse.jdt.internal.compiler.ast.ParameterizedQualifiedTypeReference.internalResolveLeafType(ParameterizedQualifiedTypeReference.java:223)
	at org.eclipse.jdt.internal.com",2026-09-04T23:26:59
git@github.com:eclipse/openj9.git,6470701::data class,6470701.0,data class,complexity,ck_failed,"g for more info.
Exception in thread ""main"" java.lang.ArrayIndexOutOfBoundsException: Index 3 out of bounds for length 2
	at org.eclipse.jdt.internal.compiler.problem.ProblemReporter.invalidType(ProblemReporter.java:4877)
	at org.eclipse.jdt.internal.compiler.ast.TypeReference.reportInvalidType(TypeReference.java:607)
	at org.eclipse.jdt.internal.compiler.ast.ParameterizedQualifiedTypeReference.internalResolveLeafType(ParameterizedQualifiedTypeReference.java:223)
	at org.eclipse.jdt.internal.com",2026-09-04T23:26:59
git@github.com:eclipse/openj9.git,6471245::feature envy,6471245.0,feature envy,complexity,ck_failed,"g for more info.
Exception in thread ""main"" java.lang.ArrayIndexOutOfBoundsException: Index 3 out of bounds for length 2
	at org.eclipse.jdt.internal.compiler.problem.ProblemReporter.invalidType(ProblemReporter.java:4877)
	at org.eclipse.jdt.internal.compiler.ast.TypeReference.reportInvalidType(TypeReference.java:607)
	at org.eclipse.jdt.internal.compiler.ast.ParameterizedQualifiedTypeReference.internalResolveLeafType(ParameterizedQualifiedTypeReference.java:223)
	at org.eclipse.jdt.internal.com",2026-09-04T23:26:59
git@github.com:eclipse/openj9.git,6471245::long method,6471245.0,long method,complexity,ck_failed,"g for more info.
Exception in thread ""main"" java.lang.ArrayIndexOutOfBoundsException: Index 3 out of bounds for length 2
	at org.eclipse.jdt.internal.compiler.problem.ProblemReporter.invalidType(ProblemReporter.java:4877)
	at org.eclipse.jdt.internal.compiler.ast.TypeReference.reportInvalidType(TypeReference.java:607)
	at org.eclipse.jdt.internal.compiler.ast.ParameterizedQualifiedTypeReference.internalResolveLeafType(ParameterizedQualifiedTypeReference.java:223)
	at org.eclipse.jdt.internal.com",2026-09-04T23:26:59
git@github.com:eclipse/openj9.git,6475184::feature envy,6475184.0,feature envy,complexity,ck_failed,"g for more info.
Exception in thread ""main"" java.lang.ArrayIndexOutOfBoundsException: Index 3 out of bounds for length 2
	at org.eclipse.jdt.internal.compiler.problem.ProblemReporter.invalidType(ProblemReporter.java:4877)
	at org.eclipse.jdt.internal.compiler.ast.TypeReference.reportInvalidType(TypeReference.java:607)
	at org.eclipse.jdt.internal.compiler.ast.ParameterizedQualifiedTypeReference.internalResolveLeafType(ParameterizedQualifiedTypeReference.java:223)
	at org.eclipse.jdt.internal.com",2026-09-04T23:26:59
git@github.com:eclipse/openj9.git,6475184::long method,6475184.0,long method,complexity,ck_failed,"g for more info.
Exception in thread ""main"" java.lang.ArrayIndexOutOfBoundsException: Index 3 out of bounds for length 2
	at org.eclipse.jdt.internal.compiler.problem.ProblemReporter.invalidType(ProblemReporter.java:4877)
	at org.eclipse.jdt.internal.compiler.ast.TypeReference.reportInvalidType(TypeReference.java:607)
	at org.eclipse.jdt.internal.compiler.ast.ParameterizedQualifiedTypeReference.internalResolveLeafType(ParameterizedQualifiedTypeReference.java:223)
	at org.eclipse.jdt.internal.com",2026-09-04T23:26:59
git@github.com:eclipse/openj9.git,6483071::blob,6483071.0,blob,complexity,ck_failed,"g for more info.
Exception in thread ""main"" java.lang.ArrayIndexOutOfBoundsException: Index 3 out of bounds for length 2
	at org.eclipse.jdt.internal.compiler.problem.ProblemReporter.invalidType(ProblemReporter.java:4877)
	at org.eclipse.jdt.internal.compiler.ast.TypeReference.reportInvalidType(TypeReference.java:607)
	at org.eclipse.jdt.internal.compiler.ast.ParameterizedQualifiedTypeReference.internalResolveLeafType(ParameterizedQualifiedTypeReference.java:223)
	at org.eclipse.jdt.internal.com",2026-09-04T23:26:59
git@github.com:eclipse/openj9.git,6483071::data class,6483071.0,data class,complexity,ck_failed,"g for more info.
Exception in thread ""main"" java.lang.ArrayIndexOutOfBoundsException: Index 3 out of bounds for length 2
	at org.eclipse.jdt.internal.compiler.problem.ProblemReporter.invalidType(ProblemReporter.java:4877)
	at org.eclipse.jdt.internal.compiler.ast.TypeReference.reportInvalidType(TypeReference.java:607)
	at org.eclipse.jdt.internal.compiler.ast.ParameterizedQualifiedTypeReference.internalResolveLeafType(ParameterizedQualifiedTypeReference.java:223)
	at org.eclipse.jdt.internal.com",2026-09-04T23:26:59
git@github.com:eclipse/openj9.git,6483192::blob,6483192.0,blob,complexity,ck_failed,"g for more info.
Exception in thread ""main"" java.lang.ArrayIndexOutOfBoundsException: Index 3 out of bounds for length 2
	at org.eclipse.jdt.internal.compiler.problem.ProblemReporter.invalidType(ProblemReporter.java:4877)
	at org.eclipse.jdt.internal.compiler.ast.TypeReference.reportInvalidType(TypeReference.java:607)
	at org.eclipse.jdt.internal.compiler.ast.ParameterizedQualifiedTypeReference.internalResolveLeafType(ParameterizedQualifiedTypeReference.java:223)
	at org.eclipse.jdt.internal.com",2026-09-04T23:26:59
git@github.com:eclipse/openj9.git,6483192::data class,6483192.0,data class,complexity,ck_failed,"g for more info.
Exception in thread ""main"" java.lang.ArrayIndexOutOfBoundsException: Index 3 out of bounds for length 2
	at org.eclipse.jdt.internal.compiler.problem.ProblemReporter.invalidType(ProblemReporter.java:4877)
	at org.eclipse.jdt.internal.compiler.ast.TypeReference.reportInvalidType(TypeReference.java:607)
	at org.eclipse.jdt.internal.compiler.ast.ParameterizedQualifiedTypeReference.internalResolveLeafType(ParameterizedQualifiedTypeReference.java:223)
	at org.eclipse.jdt.internal.com",2026-09-04T23:26:59
git@github.com:eclipse/openj9.git,6484821::blob,6484821.0,blob,complexity,ck_failed,"g for more info.
Exception in thread ""main"" java.lang.ArrayIndexOutOfBoundsException: Index 3 out of bounds for length 2
	at org.eclipse.jdt.internal.compiler.problem.ProblemReporter.invalidType(ProblemReporter.java:4877)
	at org.eclipse.jdt.internal.compiler.ast.TypeReference.reportInvalidType(TypeReference.java:607)
	at org.eclipse.jdt.internal.compiler.ast.ParameterizedQualifiedTypeReference.internalResolveLeafType(ParameterizedQualifiedTypeReference.java:223)
	at org.eclipse.jdt.internal.com",2026-09-04T23:26:59
git@github.com:eclipse/openj9.git,6484821::data class,6484821.0,data class,complexity,ck_failed,"g for more info.
Exception in thread ""main"" java.lang.ArrayIndexOutOfBoundsException: Index 3 out of bounds for length 2
	at org.eclipse.jdt.internal.compiler.problem.ProblemReporter.invalidType(ProblemReporter.java:4877)
	at org.eclipse.jdt.internal.compiler.ast.TypeReference.reportInvalidType(TypeReference.java:607)
	at org.eclipse.jdt.internal.compiler.ast.ParameterizedQualifiedTypeReference.internalResolveLeafType(ParameterizedQualifiedTypeReference.java:223)
	at org.eclipse.jdt.internal.com",2026-09-04T23:26:59
git@github.com:eclipse/openj9.git,6486798::feature envy,6486798.0,feature envy,complexity,ck_failed,"g for more info.
Exception in thread ""main"" java.lang.ArrayIndexOutOfBoundsException: Index 3 out of bounds for length 2
	at org.eclipse.jdt.internal.compiler.problem.ProblemReporter.invalidType(ProblemReporter.java:4877)
	at org.eclipse.jdt.internal.compiler.ast.TypeReference.reportInvalidType(TypeReference.java:607)
	at org.eclipse.jdt.internal.compiler.ast.ParameterizedQualifiedTypeReference.internalResolveLeafType(ParameterizedQualifiedTypeReference.java:223)
	at org.eclipse.jdt.internal.com",2026-09-04T23:26:59
git@github.com:eclipse/openj9.git,6486798::long method,6486798.0,long method,complexity,ck_failed,"g for more info.
Exception in thread ""main"" java.lang.ArrayIndexOutOfBoundsException: Index 3 out of bounds for length 2
	at org.eclipse.jdt.internal.compiler.problem.ProblemReporter.invalidType(ProblemReporter.java:4877)
	at org.eclipse.jdt.internal.compiler.ast.TypeReference.reportInvalidType(TypeReference.java:607)
	at org.eclipse.jdt.internal.compiler.ast.ParameterizedQualifiedTypeReference.internalResolveLeafType(ParameterizedQualifiedTypeReference.java:223)
	at org.eclipse.jdt.internal.com",2026-09-04T23:26:59
git@github.com:eclipse/openj9.git,6487817::feature envy,6487817.0,feature envy,complexity,ck_failed,"g for more info.
Exception in thread ""main"" java.lang.ArrayIndexOutOfBoundsException: Index 3 out of bounds for length 2
	at org.eclipse.jdt.internal.compiler.problem.ProblemReporter.invalidType(ProblemReporter.java:4877)
	at org.eclipse.jdt.internal.compiler.ast.TypeReference.reportInvalidType(TypeReference.java:607)
	at org.eclipse.jdt.internal.compiler.ast.ParameterizedQualifiedTypeReference.internalResolveLeafType(ParameterizedQualifiedTypeReference.java:223)
	at org.eclipse.jdt.internal.com",2026-09-04T23:26:59
git@github.com:eclipse/openj9.git,6487817::long method,6487817.0,long method,complexity,ck_failed,"g for more info.
Exception in thread ""main"" java.lang.ArrayIndexOutOfBoundsException: Index 3 out of bounds for length 2
	at org.eclipse.jdt.internal.compiler.problem.ProblemReporter.invalidType(ProblemReporter.java:4877)
	at org.eclipse.jdt.internal.compiler.ast.TypeReference.reportInvalidType(TypeReference.java:607)
	at org.eclipse.jdt.internal.compiler.ast.ParameterizedQualifiedTypeReference.internalResolveLeafType(ParameterizedQualifiedTypeReference.java:223)
	at org.eclipse.jdt.internal.com",2026-09-04T23:26:59
git@github.com:eclipse/openj9.git,6488574::feature envy,6488574.0,feature envy,complexity,ck_failed,"g for more info.
Exception in thread ""main"" java.lang.ArrayIndexOutOfBoundsException: Index 3 out of bounds for length 2
	at org.eclipse.jdt.internal.compiler.problem.ProblemReporter.invalidType(ProblemReporter.java:4877)
	at org.eclipse.jdt.internal.compiler.ast.TypeReference.reportInvalidType(TypeReference.java:607)
	at org.eclipse.jdt.internal.compiler.ast.ParameterizedQualifiedTypeReference.internalResolveLeafType(ParameterizedQualifiedTypeReference.java:223)
	at org.eclipse.jdt.internal.com",2026-09-04T23:26:59
git@github.com:eclipse/openj9.git,6488574::long method,6488574.0,long method,complexity,ck_failed,"g for more info.
Exception in thread ""main"" java.lang.ArrayIndexOutOfBoundsException: Index 3 out of bounds for length 2
	at org.eclipse.jdt.internal.compiler.problem.ProblemReporter.invalidType(ProblemReporter.java:4877)
	at org.eclipse.jdt.internal.compiler.ast.TypeReference.reportInvalidType(TypeReference.java:607)
	at org.eclipse.jdt.internal.compiler.ast.ParameterizedQualifiedTypeReference.internalResolveLeafType(ParameterizedQualifiedTypeReference.java:223)
	at org.eclipse.jdt.internal.com",2026-09-04T23:26:59
git@github.com:eclipse/reddeer.git,6493712::blob,6493712.0,blob,complexity,ck_failed,"ception in thread ""main"" java.lang.NullPointerException: Cannot read the array length because ""str"" is null
	at java.base/java.lang.AbstractStringBuilder.append(AbstractStringBuilder.java:709)
	at java.base/java.lang.StringBuffer.append(StringBuffer.java:400)
	at org.eclipse.jdt.internal.compiler.lookup.SourceTypeBinding.computeUniqueKey(SourceTypeBinding.java:1085)
	at org.eclipse.jdt.internal.compiler.lookup.MethodBinding.computeUniqueKey(MethodBinding.java:441)
	at org.eclipse.jdt.internal.co",2026-09-04T23:28:11
git@github.com:eclipse/reddeer.git,6493712::data class,6493712.0,data class,complexity,ck_failed,"ception in thread ""main"" java.lang.NullPointerException: Cannot read the array length because ""str"" is null
	at java.base/java.lang.AbstractStringBuilder.append(AbstractStringBuilder.java:709)
	at java.base/java.lang.StringBuffer.append(StringBuffer.java:400)
	at org.eclipse.jdt.internal.compiler.lookup.SourceTypeBinding.computeUniqueKey(SourceTypeBinding.java:1085)
	at org.eclipse.jdt.internal.compiler.lookup.MethodBinding.computeUniqueKey(MethodBinding.java:441)
	at org.eclipse.jdt.internal.co",2026-09-04T23:28:11
git@github.com:eclipse/reddeer.git,6493734::feature envy,6493734.0,feature envy,complexity,ck_failed,"ception in thread ""main"" java.lang.NullPointerException: Cannot read the array length because ""str"" is null
	at java.base/java.lang.AbstractStringBuilder.append(AbstractStringBuilder.java:709)
	at java.base/java.lang.StringBuffer.append(StringBuffer.java:400)
	at org.eclipse.jdt.internal.compiler.lookup.SourceTypeBinding.computeUniqueKey(SourceTypeBinding.java:1085)
	at org.eclipse.jdt.internal.compiler.lookup.MethodBinding.computeUniqueKey(MethodBinding.java:441)
	at org.eclipse.jdt.internal.co",2026-09-04T23:28:11
git@github.com:eclipse/reddeer.git,6493734::long method,6493734.0,long method,complexity,ck_failed,"ception in thread ""main"" java.lang.NullPointerException: Cannot read the array length because ""str"" is null
	at java.base/java.lang.AbstractStringBuilder.append(AbstractStringBuilder.java:709)
	at java.base/java.lang.StringBuffer.append(StringBuffer.java:400)
	at org.eclipse.jdt.internal.compiler.lookup.SourceTypeBinding.computeUniqueKey(SourceTypeBinding.java:1085)
	at org.eclipse.jdt.internal.compiler.lookup.MethodBinding.computeUniqueKey(MethodBinding.java:441)
	at org.eclipse.jdt.internal.co",2026-09-04T23:28:11
git@github.com:eclipse/reddeer.git,6494643::blob,6494643.0,blob,complexity,ck_failed,"ception in thread ""main"" java.lang.NullPointerException: Cannot read the array length because ""str"" is null
	at java.base/java.lang.AbstractStringBuilder.append(AbstractStringBuilder.java:709)
	at java.base/java.lang.StringBuffer.append(StringBuffer.java:400)
	at org.eclipse.jdt.internal.compiler.lookup.SourceTypeBinding.computeUniqueKey(SourceTypeBinding.java:1085)
	at org.eclipse.jdt.internal.compiler.lookup.MethodBinding.computeUniqueKey(MethodBinding.java:441)
	at org.eclipse.jdt.internal.co",2026-09-04T23:28:11
git@github.com:eclipse/reddeer.git,6494643::data class,6494643.0,data class,complexity,ck_failed,"ception in thread ""main"" java.lang.NullPointerException: Cannot read the array length because ""str"" is null
	at java.base/java.lang.AbstractStringBuilder.append(AbstractStringBuilder.java:709)
	at java.base/java.lang.StringBuffer.append(StringBuffer.java:400)
	at org.eclipse.jdt.internal.compiler.lookup.SourceTypeBinding.computeUniqueKey(SourceTypeBinding.java:1085)
	at org.eclipse.jdt.internal.compiler.lookup.MethodBinding.computeUniqueKey(MethodBinding.java:441)
	at org.eclipse.jdt.internal.co",2026-09-04T23:28:11
git@github.com:eclipse/reddeer.git,6496450::feature envy,6496450.0,feature envy,complexity,ck_failed,"ception in thread ""main"" java.lang.NullPointerException: Cannot read the array length because ""str"" is null
	at java.base/java.lang.AbstractStringBuilder.append(AbstractStringBuilder.java:709)
	at java.base/java.lang.StringBuffer.append(StringBuffer.java:400)
	at org.eclipse.jdt.internal.compiler.lookup.SourceTypeBinding.computeUniqueKey(SourceTypeBinding.java:1085)
	at org.eclipse.jdt.internal.compiler.lookup.MethodBinding.computeUniqueKey(MethodBinding.java:441)
	at org.eclipse.jdt.internal.co",2026-09-04T23:28:11
git@github.com:eclipse/reddeer.git,6496450::long method,6496450.0,long method,complexity,ck_failed,"ception in thread ""main"" java.lang.NullPointerException: Cannot read the array length because ""str"" is null
	at java.base/java.lang.AbstractStringBuilder.append(AbstractStringBuilder.java:709)
	at java.base/java.lang.StringBuffer.append(StringBuffer.java:400)
	at org.eclipse.jdt.internal.compiler.lookup.SourceTypeBinding.computeUniqueKey(SourceTypeBinding.java:1085)
	at org.eclipse.jdt.internal.compiler.lookup.MethodBinding.computeUniqueKey(MethodBinding.java:441)
	at org.eclipse.jdt.internal.co",2026-09-04T23:28:11
git@github.com:eclipse/reddeer.git,6500087::feature envy,6500087.0,feature envy,complexity,ck_failed,"ception in thread ""main"" java.lang.NullPointerException: Cannot read the array length because ""str"" is null
	at java.base/java.lang.AbstractStringBuilder.append(AbstractStringBuilder.java:709)
	at java.base/java.lang.StringBuffer.append(StringBuffer.java:400)
	at org.eclipse.jdt.internal.compiler.lookup.SourceTypeBinding.computeUniqueKey(SourceTypeBinding.java:1085)
	at org.eclipse.jdt.internal.compiler.lookup.MethodBinding.computeUniqueKey(MethodBinding.java:441)
	at org.eclipse.jdt.internal.co",2026-09-04T23:28:11
git@github.com:eclipse/reddeer.git,6500087::long method,6500087.0,long method,complexity,ck_failed,"ception in thread ""main"" java.lang.NullPointerException: Cannot read the array length because ""str"" is null
	at java.base/java.lang.AbstractStringBuilder.append(AbstractStringBuilder.java:709)
	at java.base/java.lang.StringBuffer.append(StringBuffer.java:400)
	at org.eclipse.jdt.internal.compiler.lookup.SourceTypeBinding.computeUniqueKey(SourceTypeBinding.java:1085)
	at org.eclipse.jdt.internal.compiler.lookup.MethodBinding.computeUniqueKey(MethodBinding.java:441)
	at org.eclipse.jdt.internal.co",2026-09-04T23:28:11
git@github.com:eclipse/reddeer.git,6501266::blob,6501266.0,blob,complexity,ck_failed,"ception in thread ""main"" java.lang.NullPointerException: Cannot read the array length because ""str"" is null
	at java.base/java.lang.AbstractStringBuilder.append(AbstractStringBuilder.java:709)
	at java.base/java.lang.StringBuffer.append(StringBuffer.java:400)
	at org.eclipse.jdt.internal.compiler.lookup.SourceTypeBinding.computeUniqueKey(SourceTypeBinding.java:1085)
	at org.eclipse.jdt.internal.compiler.lookup.MethodBinding.computeUniqueKey(MethodBinding.java:441)
	at org.eclipse.jdt.internal.co",2026-09-04T23:28:11
git@github.com:eclipse/reddeer.git,6501266::data class,6501266.0,data class,complexity,ck_failed,"ception in thread ""main"" java.lang.NullPointerException: Cannot read the array length because ""str"" is null
	at java.base/java.lang.AbstractStringBuilder.append(AbstractStringBuilder.java:709)
	at java.base/java.lang.StringBuffer.append(StringBuffer.java:400)
	at org.eclipse.jdt.internal.compiler.lookup.SourceTypeBinding.computeUniqueKey(SourceTypeBinding.java:1085)
	at org.eclipse.jdt.internal.compiler.lookup.MethodBinding.computeUniqueKey(MethodBinding.java:441)
	at org.eclipse.jdt.internal.co",2026-09-04T23:28:11
git@github.com:eclipse/reddeer.git,6503132::blob,6503132.0,blob,complexity,ck_failed,"ception in thread ""main"" java.lang.NullPointerException: Cannot read the array length because ""str"" is null
	at java.base/java.lang.AbstractStringBuilder.append(AbstractStringBuilder.java:709)
	at java.base/java.lang.StringBuffer.append(StringBuffer.java:400)
	at org.eclipse.jdt.internal.compiler.lookup.SourceTypeBinding.computeUniqueKey(SourceTypeBinding.java:1085)
	at org.eclipse.jdt.internal.compiler.lookup.MethodBinding.computeUniqueKey(MethodBinding.java:441)
	at org.eclipse.jdt.internal.co",2026-09-04T23:28:11
git@github.com:eclipse/reddeer.git,6503132::data class,6503132.0,data class,complexity,ck_failed,"ception in thread ""main"" java.lang.NullPointerException: Cannot read the array length because ""str"" is null
	at java.base/java.lang.AbstractStringBuilder.append(AbstractStringBuilder.java:709)
	at java.base/java.lang.StringBuffer.append(StringBuffer.java:400)
	at org.eclipse.jdt.internal.compiler.lookup.SourceTypeBinding.computeUniqueKey(SourceTypeBinding.java:1085)
	at org.eclipse.jdt.internal.compiler.lookup.MethodBinding.computeUniqueKey(MethodBinding.java:441)
	at org.eclipse.jdt.internal.co",2026-09-04T23:28:11
git@github.com:google/error-prone-javac.git,6879905::blob,6879905.0,blob,complexity,ck_failed,"erly.
log4j:WARN See http://logging.apache.org/log4j/1.2/faq.html#noconfig for more info.
Exception in thread ""main"" java.lang.ClassCastException: class org.eclipse.jdt.internal.compiler.lookup.NullTypeBinding cannot be cast to class org.eclipse.jdt.internal.compiler.lookup.ArrayBinding (org.eclipse.jdt.internal.compiler.lookup.NullTypeBinding and org.eclipse.jdt.internal.compiler.lookup.ArrayBinding are in unnamed module of loader 'app')
	at org.eclipse.jdt.internal.compiler.codegen.Verificatio",2026-09-04T23:39:29
git@github.com:google/error-prone-javac.git,6879905::data class,6879905.0,data class,complexity,ck_failed,"erly.
log4j:WARN See http://logging.apache.org/log4j/1.2/faq.html#noconfig for more info.
Exception in thread ""main"" java.lang.ClassCastException: class org.eclipse.jdt.internal.compiler.lookup.NullTypeBinding cannot be cast to class org.eclipse.jdt.internal.compiler.lookup.ArrayBinding (org.eclipse.jdt.internal.compiler.lookup.NullTypeBinding and org.eclipse.jdt.internal.compiler.lookup.ArrayBinding are in unnamed module of loader 'app')
	at org.eclipse.jdt.internal.compiler.codegen.Verificatio",2026-09-04T23:39:29
git@github.com:google/error-prone-javac.git,6888310::feature envy,6888310.0,feature envy,complexity,ck_failed,"erly.
log4j:WARN See http://logging.apache.org/log4j/1.2/faq.html#noconfig for more info.
Exception in thread ""main"" java.lang.ClassCastException: class org.eclipse.jdt.internal.compiler.lookup.NullTypeBinding cannot be cast to class org.eclipse.jdt.internal.compiler.lookup.ArrayBinding (org.eclipse.jdt.internal.compiler.lookup.NullTypeBinding and org.eclipse.jdt.internal.compiler.lookup.ArrayBinding are in unnamed module of loader 'app')
	at org.eclipse.jdt.internal.compiler.codegen.Verificatio",2026-09-04T23:39:29
git@github.com:google/error-prone-javac.git,6888310::long method,6888310.0,long method,complexity,ck_failed,"erly.
log4j:WARN See http://logging.apache.org/log4j/1.2/faq.html#noconfig for more info.
Exception in thread ""main"" java.lang.ClassCastException: class org.eclipse.jdt.internal.compiler.lookup.NullTypeBinding cannot be cast to class org.eclipse.jdt.internal.compiler.lookup.ArrayBinding (org.eclipse.jdt.internal.compiler.lookup.NullTypeBinding and org.eclipse.jdt.internal.compiler.lookup.ArrayBinding are in unnamed module of loader 'app')
	at org.eclipse.jdt.internal.compiler.codegen.Verificatio",2026-09-04T23:39:29
git@github.com:google/error-prone-javac.git,6888470::feature envy,6888470.0,feature envy,complexity,ck_failed,"erly.
log4j:WARN See http://logging.apache.org/log4j/1.2/faq.html#noconfig for more info.
Exception in thread ""main"" java.lang.ClassCastException: class org.eclipse.jdt.internal.compiler.lookup.NullTypeBinding cannot be cast to class org.eclipse.jdt.internal.compiler.lookup.ArrayBinding (org.eclipse.jdt.internal.compiler.lookup.NullTypeBinding and org.eclipse.jdt.internal.compiler.lookup.ArrayBinding are in unnamed module of loader 'app')
	at org.eclipse.jdt.internal.compiler.codegen.Verificatio",2026-09-04T23:39:29
git@github.com:google/error-prone-javac.git,6888470::long method,6888470.0,long method,complexity,ck_failed,"erly.
log4j:WARN See http://logging.apache.org/log4j/1.2/faq.html#noconfig for more info.
Exception in thread ""main"" java.lang.ClassCastException: class org.eclipse.jdt.internal.compiler.lookup.NullTypeBinding cannot be cast to class org.eclipse.jdt.internal.compiler.lookup.ArrayBinding (org.eclipse.jdt.internal.compiler.lookup.NullTypeBinding and org.eclipse.jdt.internal.compiler.lookup.ArrayBinding are in unnamed module of loader 'app')
	at org.eclipse.jdt.internal.compiler.codegen.Verificatio",2026-09-04T23:39:29
git@github.com:google/error-prone-javac.git,6890147::blob,6890147.0,blob,complexity,ck_failed,"erly.
log4j:WARN See http://logging.apache.org/log4j/1.2/faq.html#noconfig for more info.
Exception in thread ""main"" java.lang.ClassCastException: class org.eclipse.jdt.internal.compiler.lookup.NullTypeBinding cannot be cast to class org.eclipse.jdt.internal.compiler.lookup.ArrayBinding (org.eclipse.jdt.internal.compiler.lookup.NullTypeBinding and org.eclipse.jdt.internal.compiler.lookup.ArrayBinding are in unnamed module of loader 'app')
	at org.eclipse.jdt.internal.compiler.codegen.Verificatio",2026-09-04T23:39:29
git@github.com:google/error-prone-javac.git,6890147::data class,6890147.0,data class,complexity,ck_failed,"erly.
log4j:WARN See http://logging.apache.org/log4j/1.2/faq.html#noconfig for more info.
Exception in thread ""main"" java.lang.ClassCastException: class org.eclipse.jdt.internal.compiler.lookup.NullTypeBinding cannot be cast to class org.eclipse.jdt.internal.compiler.lookup.ArrayBinding (org.eclipse.jdt.internal.compiler.lookup.NullTypeBinding and org.eclipse.jdt.internal.compiler.lookup.ArrayBinding are in unnamed module of loader 'app')
	at org.eclipse.jdt.internal.compiler.codegen.Verificatio",2026-09-04T23:39:29
git@github.com:google/error-prone-javac.git,6892868::feature envy,6892868.0,feature envy,complexity,ck_failed,"erly.
log4j:WARN See http://logging.apache.org/log4j/1.2/faq.html#noconfig for more info.
Exception in thread ""main"" java.lang.ClassCastException: class org.eclipse.jdt.internal.compiler.lookup.NullTypeBinding cannot be cast to class org.eclipse.jdt.internal.compiler.lookup.ArrayBinding (org.eclipse.jdt.internal.compiler.lookup.NullTypeBinding and org.eclipse.jdt.internal.compiler.lookup.ArrayBinding are in unnamed module of loader 'app')
	at org.eclipse.jdt.internal.compiler.codegen.Verificatio",2026-09-04T23:39:29
git@github.com:google/error-prone-javac.git,6892868::long method,6892868.0,long method,complexity,ck_failed,"erly.
log4j:WARN See http://logging.apache.org/log4j/1.2/faq.html#noconfig for more info.
Exception in thread ""main"" java.lang.ClassCastException: class org.eclipse.jdt.internal.compiler.lookup.NullTypeBinding cannot be cast to class org.eclipse.jdt.internal.compiler.lookup.ArrayBinding (org.eclipse.jdt.internal.compiler.lookup.NullTypeBinding and org.eclipse.jdt.internal.compiler.lookup.ArrayBinding are in unnamed module of loader 'app')
	at org.eclipse.jdt.internal.compiler.codegen.Verificatio",2026-09-04T23:39:29
git@github.com:google/error-prone-javac.git,6893083::feature envy,6893083.0,feature envy,complexity,ck_failed,"erly.
log4j:WARN See http://logging.apache.org/log4j/1.2/faq.html#noconfig for more info.
Exception in thread ""main"" java.lang.ClassCastException: class org.eclipse.jdt.internal.compiler.lookup.NullTypeBinding cannot be cast to class org.eclipse.jdt.internal.compiler.lookup.ArrayBinding (org.eclipse.jdt.internal.compiler.lookup.NullTypeBinding and org.eclipse.jdt.internal.compiler.lookup.ArrayBinding are in unnamed module of loader 'app')
	at org.eclipse.jdt.internal.compiler.codegen.Verificatio",2026-09-04T23:39:29
git@github.com:google/error-prone-javac.git,6893083::long method,6893083.0,long method,complexity,ck_failed,"erly.
log4j:WARN See http://logging.apache.org/log4j/1.2/faq.html#noconfig for more info.
Exception in thread ""main"" java.lang.ClassCastException: class org.eclipse.jdt.internal.compiler.lookup.NullTypeBinding cannot be cast to class org.eclipse.jdt.internal.compiler.lookup.ArrayBinding (org.eclipse.jdt.internal.compiler.lookup.NullTypeBinding and org.eclipse.jdt.internal.compiler.lookup.ArrayBinding are in unnamed module of loader 'app')
	at org.eclipse.jdt.internal.compiler.codegen.Verificatio",2026-09-04T23:39:29
git@github.com:google/error-prone-javac.git,6893505::blob,6893505.0,blob,complexity,ck_failed,"erly.
log4j:WARN See http://logging.apache.org/log4j/1.2/faq.html#noconfig for more info.
Exception in thread ""main"" java.lang.ClassCastException: class org.eclipse.jdt.internal.compiler.lookup.NullTypeBinding cannot be cast to class org.eclipse.jdt.internal.compiler.lookup.ArrayBinding (org.eclipse.jdt.internal.compiler.lookup.NullTypeBinding and org.eclipse.jdt.internal.compiler.lookup.ArrayBinding are in unnamed module of loader 'app')
	at org.eclipse.jdt.internal.compiler.codegen.Verificatio",2026-09-04T23:39:29
git@github.com:google/error-prone-javac.git,6893505::data class,6893505.0,data class,complexity,ck_failed,"erly.
log4j:WARN See http://logging.apache.org/log4j/1.2/faq.html#noconfig for more info.
Exception in thread ""main"" java.lang.ClassCastException: class org.eclipse.jdt.internal.compiler.lookup.NullTypeBinding cannot be cast to class org.eclipse.jdt.internal.compiler.lookup.ArrayBinding (org.eclipse.jdt.internal.compiler.lookup.NullTypeBinding and org.eclipse.jdt.internal.compiler.lookup.ArrayBinding are in unnamed module of loader 'app')
	at org.eclipse.jdt.internal.compiler.codegen.Verificatio",2026-09-04T23:39:29
git@github.com:google/error-prone-javac.git,6897923::blob,6897923.0,blob,complexity,ck_failed,"erly.
log4j:WARN See http://logging.apache.org/log4j/1.2/faq.html#noconfig for more info.
Exception in thread ""main"" java.lang.ClassCastException: class org.eclipse.jdt.internal.compiler.lookup.NullTypeBinding cannot be cast to class org.eclipse.jdt.internal.compiler.lookup.ArrayBinding (org.eclipse.jdt.internal.compiler.lookup.NullTypeBinding and org.eclipse.jdt.internal.compiler.lookup.ArrayBinding are in unnamed module of loader 'app')
	at org.eclipse.jdt.internal.compiler.codegen.Verificatio",2026-09-04T23:39:29
git@github.com:google/error-prone-javac.git,6897923::data class,6897923.0,data class,complexity,ck_failed,"erly.
log4j:WARN See http://logging.apache.org/log4j/1.2/faq.html#noconfig for more info.
Exception in thread ""main"" java.lang.ClassCastException: class org.eclipse.jdt.internal.compiler.lookup.NullTypeBinding cannot be cast to class org.eclipse.jdt.internal.compiler.lookup.ArrayBinding (org.eclipse.jdt.internal.compiler.lookup.NullTypeBinding and org.eclipse.jdt.internal.compiler.lookup.ArrayBinding are in unnamed module of loader 'app')
	at org.eclipse.jdt.internal.compiler.codegen.Verificatio",2026-09-04T23:39:29
git@github.com:google/error-prone-javac.git,6898198::feature envy,6898198.0,feature envy,complexity,ck_failed,"erly.
log4j:WARN See http://logging.apache.org/log4j/1.2/faq.html#noconfig for more info.
Exception in thread ""main"" java.lang.ClassCastException: class org.eclipse.jdt.internal.compiler.lookup.NullTypeBinding cannot be cast to class org.eclipse.jdt.internal.compiler.lookup.ArrayBinding (org.eclipse.jdt.internal.compiler.lookup.NullTypeBinding and org.eclipse.jdt.internal.compiler.lookup.ArrayBinding are in unnamed module of loader 'app')
	at org.eclipse.jdt.internal.compiler.codegen.Verificatio",2026-09-04T23:39:29
git@github.com:google/error-prone-javac.git,6898198::long method,6898198.0,long method,complexity,ck_failed,"erly.
log4j:WARN See http://logging.apache.org/log4j/1.2/faq.html#noconfig for more info.
Exception in thread ""main"" java.lang.ClassCastException: class org.eclipse.jdt.internal.compiler.lookup.NullTypeBinding cannot be cast to class org.eclipse.jdt.internal.compiler.lookup.ArrayBinding (org.eclipse.jdt.internal.compiler.lookup.NullTypeBinding and org.eclipse.jdt.internal.compiler.lookup.ArrayBinding are in unnamed module of loader 'app')
	at org.eclipse.jdt.internal.compiler.codegen.Verificatio",2026-09-04T23:39:29
git@github.com:google/error-prone-javac.git,6899793::feature envy,6899793.0,feature envy,complexity,ck_failed,"erly.
log4j:WARN See http://logging.apache.org/log4j/1.2/faq.html#noconfig for more info.
Exception in thread ""main"" java.lang.ClassCastException: class org.eclipse.jdt.internal.compiler.lookup.NullTypeBinding cannot be cast to class org.eclipse.jdt.internal.compiler.lookup.ArrayBinding (org.eclipse.jdt.internal.compiler.lookup.NullTypeBinding and org.eclipse.jdt.internal.compiler.lookup.ArrayBinding are in unnamed module of loader 'app')
	at org.eclipse.jdt.internal.compiler.codegen.Verificatio",2026-09-04T23:39:29
git@github.com:google/error-prone-javac.git,6899793::long method,6899793.0,long method,complexity,ck_failed,"erly.
log4j:WARN See http://logging.apache.org/log4j/1.2/faq.html#noconfig for more info.
Exception in thread ""main"" java.lang.ClassCastException: class org.eclipse.jdt.internal.compiler.lookup.NullTypeBinding cannot be cast to class org.eclipse.jdt.internal.compiler.lookup.ArrayBinding (org.eclipse.jdt.internal.compiler.lookup.NullTypeBinding and org.eclipse.jdt.internal.compiler.lookup.ArrayBinding are in unnamed module of loader 'app')
	at org.eclipse.jdt.internal.compiler.codegen.Verificatio",2026-09-04T23:39:29
git@github.com:google/error-prone-javac.git,6904320::feature envy,6904320.0,feature envy,complexity,ck_failed,"erly.
log4j:WARN See http://logging.apache.org/log4j/1.2/faq.html#noconfig for more info.
Exception in thread ""main"" java.lang.ClassCastException: class org.eclipse.jdt.internal.compiler.lookup.NullTypeBinding cannot be cast to class org.eclipse.jdt.internal.compiler.lookup.ArrayBinding (org.eclipse.jdt.internal.compiler.lookup.NullTypeBinding and org.eclipse.jdt.internal.compiler.lookup.ArrayBinding are in unnamed module of loader 'app')
	at org.eclipse.jdt.internal.compiler.codegen.Verificatio",2026-09-04T23:39:29
git@github.com:google/error-prone-javac.git,6904320::long method,6904320.0,long method,complexity,ck_failed,"erly.
log4j:WARN See http://logging.apache.org/log4j/1.2/faq.html#noconfig for more info.
Exception in thread ""main"" java.lang.ClassCastException: class org.eclipse.jdt.internal.compiler.lookup.NullTypeBinding cannot be cast to class org.eclipse.jdt.internal.compiler.lookup.ArrayBinding (org.eclipse.jdt.internal.compiler.lookup.NullTypeBinding and org.eclipse.jdt.internal.compiler.lookup.ArrayBinding are in unnamed module of loader 'app')
	at org.eclipse.jdt.internal.compiler.codegen.Verificatio",2026-09-04T23:39:29
git@github.com:google/error-prone-javac.git,6904479::feature envy,6904479.0,feature envy,complexity,ck_failed,"erly.
log4j:WARN See http://logging.apache.org/log4j/1.2/faq.html#noconfig for more info.
Exception in thread ""main"" java.lang.ClassCastException: class org.eclipse.jdt.internal.compiler.lookup.NullTypeBinding cannot be cast to class org.eclipse.jdt.internal.compiler.lookup.ArrayBinding (org.eclipse.jdt.internal.compiler.lookup.NullTypeBinding and org.eclipse.jdt.internal.compiler.lookup.ArrayBinding are in unnamed module of loader 'app')
	at org.eclipse.jdt.internal.compiler.codegen.Verificatio",2026-09-04T23:39:29
git@github.com:google/error-prone-javac.git,6904479::long method,6904479.0,long method,complexity,ck_failed,"erly.
log4j:WARN See http://logging.apache.org/log4j/1.2/faq.html#noconfig for more info.
Exception in thread ""main"" java.lang.ClassCastException: class org.eclipse.jdt.internal.compiler.lookup.NullTypeBinding cannot be cast to class org.eclipse.jdt.internal.compiler.lookup.ArrayBinding (org.eclipse.jdt.internal.compiler.lookup.NullTypeBinding and org.eclipse.jdt.internal.compiler.lookup.ArrayBinding are in unnamed module of loader 'app')
	at org.eclipse.jdt.internal.compiler.codegen.Verificatio",2026-09-04T23:39:29
git@github.com:google/error-prone-javac.git,6905888::feature envy,6905888.0,feature envy,complexity,ck_failed,"erly.
log4j:WARN See http://logging.apache.org/log4j/1.2/faq.html#noconfig for more info.
Exception in thread ""main"" java.lang.ClassCastException: class org.eclipse.jdt.internal.compiler.lookup.NullTypeBinding cannot be cast to class org.eclipse.jdt.internal.compiler.lookup.ArrayBinding (org.eclipse.jdt.internal.compiler.lookup.NullTypeBinding and org.eclipse.jdt.internal.compiler.lookup.ArrayBinding are in unnamed module of loader 'app')
	at org.eclipse.jdt.internal.compiler.codegen.Verificatio",2026-09-04T23:39:29
git@github.com:google/error-prone-javac.git,6905888::long method,6905888.0,long method,complexity,ck_failed,"erly.
log4j:WARN See http://logging.apache.org/log4j/1.2/faq.html#noconfig for more info.
Exception in thread ""main"" java.lang.ClassCastException: class org.eclipse.jdt.internal.compiler.lookup.NullTypeBinding cannot be cast to class org.eclipse.jdt.internal.compiler.lookup.ArrayBinding (org.eclipse.jdt.internal.compiler.lookup.NullTypeBinding and org.eclipse.jdt.internal.compiler.lookup.ArrayBinding are in unnamed module of loader 'app')
	at org.eclipse.jdt.internal.compiler.codegen.Verificatio",2026-09-04T23:39:29
git@github.com:google/error-prone-javac.git,6909063::feature envy,6909063.0,feature envy,complexity,ck_failed,"erly.
log4j:WARN See http://logging.apache.org/log4j/1.2/faq.html#noconfig for more info.
Exception in thread ""main"" java.lang.ClassCastException: class org.eclipse.jdt.internal.compiler.lookup.NullTypeBinding cannot be cast to class org.eclipse.jdt.internal.compiler.lookup.ArrayBinding (org.eclipse.jdt.internal.compiler.lookup.NullTypeBinding and org.eclipse.jdt.internal.compiler.lookup.ArrayBinding are in unnamed module of loader 'app')
	at org.eclipse.jdt.internal.compiler.codegen.Verificatio",2026-09-04T23:39:29
git@github.com:google/error-prone-javac.git,6909063::long method,6909063.0,long method,complexity,ck_failed,"erly.
log4j:WARN See http://logging.apache.org/log4j/1.2/faq.html#noconfig for more info.
Exception in thread ""main"" java.lang.ClassCastException: class org.eclipse.jdt.internal.compiler.lookup.NullTypeBinding cannot be cast to class org.eclipse.jdt.internal.compiler.lookup.ArrayBinding (org.eclipse.jdt.internal.compiler.lookup.NullTypeBinding and org.eclipse.jdt.internal.compiler.lookup.ArrayBinding are in unnamed module of loader 'app')
	at org.eclipse.jdt.internal.compiler.codegen.Verificatio",2026-09-04T23:39:29
git@github.com:google/j2objc.git,7056354::blob,7056354.0,blob,complexity,ck_failed,"esFor(SourceTypeBinding.java:2649)
	at org.eclipse.jdt.internal.compiler.lookup.SourceTypeBinding.methods(SourceTypeBinding.java:2222)
	at org.eclipse.jdt.internal.compiler.lookup.SourceTypeBinding.getExactMethod(SourceTypeBinding.java:1741)
	at org.eclipse.jdt.internal.compiler.lookup.Scope.findExactMethod(Scope.java:1332)
	at org.eclipse.jdt.internal.compiler.lookup.Scope.getMethod(Scope.java:3044)
	at org.eclipse.jdt.internal.compiler.ast.MessageSend.findMethodBinding(MessageSend.java:1018)
	",2026-09-04T23:41:20
git@github.com:google/j2objc.git,7056354::data class,7056354.0,data class,complexity,ck_failed,"esFor(SourceTypeBinding.java:2649)
	at org.eclipse.jdt.internal.compiler.lookup.SourceTypeBinding.methods(SourceTypeBinding.java:2222)
	at org.eclipse.jdt.internal.compiler.lookup.SourceTypeBinding.getExactMethod(SourceTypeBinding.java:1741)
	at org.eclipse.jdt.internal.compiler.lookup.Scope.findExactMethod(Scope.java:1332)
	at org.eclipse.jdt.internal.compiler.lookup.Scope.getMethod(Scope.java:3044)
	at org.eclipse.jdt.internal.compiler.ast.MessageSend.findMethodBinding(MessageSend.java:1018)
	",2026-09-04T23:41:20
git@github.com:google/j2objc.git,7065127::feature envy,7065127.0,feature envy,complexity,ck_failed,"esFor(SourceTypeBinding.java:2649)
	at org.eclipse.jdt.internal.compiler.lookup.SourceTypeBinding.methods(SourceTypeBinding.java:2222)
	at org.eclipse.jdt.internal.compiler.lookup.SourceTypeBinding.getExactMethod(SourceTypeBinding.java:1741)
	at org.eclipse.jdt.internal.compiler.lookup.Scope.findExactMethod(Scope.java:1332)
	at org.eclipse.jdt.internal.compiler.lookup.Scope.getMethod(Scope.java:3044)
	at org.eclipse.jdt.internal.compiler.ast.MessageSend.findMethodBinding(MessageSend.java:1018)
	",2026-09-04T23:41:20
git@github.com:google/j2objc.git,7065127::long method,7065127.0,long method,complexity,ck_failed,"esFor(SourceTypeBinding.java:2649)
	at org.eclipse.jdt.internal.compiler.lookup.SourceTypeBinding.methods(SourceTypeBinding.java:2222)
	at org.eclipse.jdt.internal.compiler.lookup.SourceTypeBinding.getExactMethod(SourceTypeBinding.java:1741)
	at org.eclipse.jdt.internal.compiler.lookup.Scope.findExactMethod(Scope.java:1332)
	at org.eclipse.jdt.internal.compiler.lookup.Scope.getMethod(Scope.java:3044)
	at org.eclipse.jdt.internal.compiler.ast.MessageSend.findMethodBinding(MessageSend.java:1018)
	",2026-09-04T23:41:20
git@github.com:google/j2objc.git,7066831::blob,7066831.0,blob,complexity,ck_failed,"esFor(SourceTypeBinding.java:2649)
	at org.eclipse.jdt.internal.compiler.lookup.SourceTypeBinding.methods(SourceTypeBinding.java:2222)
	at org.eclipse.jdt.internal.compiler.lookup.SourceTypeBinding.getExactMethod(SourceTypeBinding.java:1741)
	at org.eclipse.jdt.internal.compiler.lookup.Scope.findExactMethod(Scope.java:1332)
	at org.eclipse.jdt.internal.compiler.lookup.Scope.getMethod(Scope.java:3044)
	at org.eclipse.jdt.internal.compiler.ast.MessageSend.findMethodBinding(MessageSend.java:1018)
	",2026-09-04T23:41:20
git@github.com:google/j2objc.git,7066831::data class,7066831.0,data class,complexity,ck_failed,"esFor(SourceTypeBinding.java:2649)
	at org.eclipse.jdt.internal.compiler.lookup.SourceTypeBinding.methods(SourceTypeBinding.java:2222)
	at org.eclipse.jdt.internal.compiler.lookup.SourceTypeBinding.getExactMethod(SourceTypeBinding.java:1741)
	at org.eclipse.jdt.internal.compiler.lookup.Scope.findExactMethod(Scope.java:1332)
	at org.eclipse.jdt.internal.compiler.lookup.Scope.getMethod(Scope.java:3044)
	at org.eclipse.jdt.internal.compiler.ast.MessageSend.findMethodBinding(MessageSend.java:1018)
	",2026-09-04T23:41:20
git@github.com:google/j2objc.git,7067326::blob,7067326.0,blob,complexity,ck_failed,"esFor(SourceTypeBinding.java:2649)
	at org.eclipse.jdt.internal.compiler.lookup.SourceTypeBinding.methods(SourceTypeBinding.java:2222)
	at org.eclipse.jdt.internal.compiler.lookup.SourceTypeBinding.getExactMethod(SourceTypeBinding.java:1741)
	at org.eclipse.jdt.internal.compiler.lookup.Scope.findExactMethod(Scope.java:1332)
	at org.eclipse.jdt.internal.compiler.lookup.Scope.getMethod(Scope.java:3044)
	at org.eclipse.jdt.internal.compiler.ast.MessageSend.findMethodBinding(MessageSend.java:1018)
	",2026-09-04T23:41:20
git@github.com:google/j2objc.git,7067326::data class,7067326.0,data class,complexity,ck_failed,"esFor(SourceTypeBinding.java:2649)
	at org.eclipse.jdt.internal.compiler.lookup.SourceTypeBinding.methods(SourceTypeBinding.java:2222)
	at org.eclipse.jdt.internal.compiler.lookup.SourceTypeBinding.getExactMethod(SourceTypeBinding.java:1741)
	at org.eclipse.jdt.internal.compiler.lookup.Scope.findExactMethod(Scope.java:1332)
	at org.eclipse.jdt.internal.compiler.lookup.Scope.getMethod(Scope.java:3044)
	at org.eclipse.jdt.internal.compiler.ast.MessageSend.findMethodBinding(MessageSend.java:1018)
	",2026-09-04T23:41:20
git@github.com:google/j2objc.git,7071050::feature envy,7071050.0,feature envy,complexity,ck_failed,"esFor(SourceTypeBinding.java:2649)
	at org.eclipse.jdt.internal.compiler.lookup.SourceTypeBinding.methods(SourceTypeBinding.java:2222)
	at org.eclipse.jdt.internal.compiler.lookup.SourceTypeBinding.getExactMethod(SourceTypeBinding.java:1741)
	at org.eclipse.jdt.internal.compiler.lookup.Scope.findExactMethod(Scope.java:1332)
	at org.eclipse.jdt.internal.compiler.lookup.Scope.getMethod(Scope.java:3044)
	at org.eclipse.jdt.internal.compiler.ast.MessageSend.findMethodBinding(MessageSend.java:1018)
	",2026-09-04T23:41:20
git@github.com:google/j2objc.git,7071050::long method,7071050.0,long method,complexity,ck_failed,"esFor(SourceTypeBinding.java:2649)
	at org.eclipse.jdt.internal.compiler.lookup.SourceTypeBinding.methods(SourceTypeBinding.java:2222)
	at org.eclipse.jdt.internal.compiler.lookup.SourceTypeBinding.getExactMethod(SourceTypeBinding.java:1741)
	at org.eclipse.jdt.internal.compiler.lookup.Scope.findExactMethod(Scope.java:1332)
	at org.eclipse.jdt.internal.compiler.lookup.Scope.getMethod(Scope.java:3044)
	at org.eclipse.jdt.internal.compiler.ast.MessageSend.findMethodBinding(MessageSend.java:1018)
	",2026-09-04T23:41:20
git@github.com:google/j2objc.git,7071931::blob,7071931.0,blob,complexity,ck_failed,"esFor(SourceTypeBinding.java:2649)
	at org.eclipse.jdt.internal.compiler.lookup.SourceTypeBinding.methods(SourceTypeBinding.java:2222)
	at org.eclipse.jdt.internal.compiler.lookup.SourceTypeBinding.getExactMethod(SourceTypeBinding.java:1741)
	at org.eclipse.jdt.internal.compiler.lookup.Scope.findExactMethod(Scope.java:1332)
	at org.eclipse.jdt.internal.compiler.lookup.Scope.getMethod(Scope.java:3044)
	at org.eclipse.jdt.internal.compiler.ast.MessageSend.findMethodBinding(MessageSend.java:1018)
	",2026-09-04T23:41:20
git@github.com:google/j2objc.git,7071931::data class,7071931.0,data class,complexity,ck_failed,"esFor(SourceTypeBinding.java:2649)
	at org.eclipse.jdt.internal.compiler.lookup.SourceTypeBinding.methods(SourceTypeBinding.java:2222)
	at org.eclipse.jdt.internal.compiler.lookup.SourceTypeBinding.getExactMethod(SourceTypeBinding.java:1741)
	at org.eclipse.jdt.internal.compiler.lookup.Scope.findExactMethod(Scope.java:1332)
	at org.eclipse.jdt.internal.compiler.lookup.Scope.getMethod(Scope.java:3044)
	at org.eclipse.jdt.internal.compiler.ast.MessageSend.findMethodBinding(MessageSend.java:1018)
	",2026-09-04T23:41:20
git@github.com:google/j2objc.git,7072307::blob,7072307.0,blob,complexity,ck_failed,"esFor(SourceTypeBinding.java:2649)
	at org.eclipse.jdt.internal.compiler.lookup.SourceTypeBinding.methods(SourceTypeBinding.java:2222)
	at org.eclipse.jdt.internal.compiler.lookup.SourceTypeBinding.getExactMethod(SourceTypeBinding.java:1741)
	at org.eclipse.jdt.internal.compiler.lookup.Scope.findExactMethod(Scope.java:1332)
	at org.eclipse.jdt.internal.compiler.lookup.Scope.getMethod(Scope.java:3044)
	at org.eclipse.jdt.internal.compiler.ast.MessageSend.findMethodBinding(MessageSend.java:1018)
	",2026-09-04T23:41:20
git@github.com:google/j2objc.git,7072307::data class,7072307.0,data class,complexity,ck_failed,"esFor(SourceTypeBinding.java:2649)
	at org.eclipse.jdt.internal.compiler.lookup.SourceTypeBinding.methods(SourceTypeBinding.java:2222)
	at org.eclipse.jdt.internal.compiler.lookup.SourceTypeBinding.getExactMethod(SourceTypeBinding.java:1741)
	at org.eclipse.jdt.internal.compiler.lookup.Scope.findExactMethod(Scope.java:1332)
	at org.eclipse.jdt.internal.compiler.lookup.Scope.getMethod(Scope.java:3044)
	at org.eclipse.jdt.internal.compiler.ast.MessageSend.findMethodBinding(MessageSend.java:1018)
	",2026-09-04T23:41:20
git@github.com:google/j2objc.git,7074267::feature envy,7074267.0,feature envy,complexity,ck_failed,"esFor(SourceTypeBinding.java:2649)
	at org.eclipse.jdt.internal.compiler.lookup.SourceTypeBinding.methods(SourceTypeBinding.java:2222)
	at org.eclipse.jdt.internal.compiler.lookup.SourceTypeBinding.getExactMethod(SourceTypeBinding.java:1741)
	at org.eclipse.jdt.internal.compiler.lookup.Scope.findExactMethod(Scope.java:1332)
	at org.eclipse.jdt.internal.compiler.lookup.Scope.getMethod(Scope.java:3044)
	at org.eclipse.jdt.internal.compiler.ast.MessageSend.findMethodBinding(MessageSend.java:1018)
	",2026-09-04T23:41:20
git@github.com:google/j2objc.git,7074267::long method,7074267.0,long method,complexity,ck_failed,"esFor(SourceTypeBinding.java:2649)
	at org.eclipse.jdt.internal.compiler.lookup.SourceTypeBinding.methods(SourceTypeBinding.java:2222)
	at org.eclipse.jdt.internal.compiler.lookup.SourceTypeBinding.getExactMethod(SourceTypeBinding.java:1741)
	at org.eclipse.jdt.internal.compiler.lookup.Scope.findExactMethod(Scope.java:1332)
	at org.eclipse.jdt.internal.compiler.lookup.Scope.getMethod(Scope.java:3044)
	at org.eclipse.jdt.internal.compiler.ast.MessageSend.findMethodBinding(MessageSend.java:1018)
	",2026-09-04T23:41:20
git@github.com:google/j2objc.git,7075575::blob,7075575.0,blob,complexity,ck_failed,"esFor(SourceTypeBinding.java:2649)
	at org.eclipse.jdt.internal.compiler.lookup.SourceTypeBinding.methods(SourceTypeBinding.java:2222)
	at org.eclipse.jdt.internal.compiler.lookup.SourceTypeBinding.getExactMethod(SourceTypeBinding.java:1741)
	at org.eclipse.jdt.internal.compiler.lookup.Scope.findExactMethod(Scope.java:1332)
	at org.eclipse.jdt.internal.compiler.lookup.Scope.getMethod(Scope.java:3044)
	at org.eclipse.jdt.internal.compiler.ast.MessageSend.findMethodBinding(MessageSend.java:1018)
	",2026-09-04T23:41:20
git@github.com:google/j2objc.git,7075575::data class,7075575.0,data class,complexity,ck_failed,"esFor(SourceTypeBinding.java:2649)
	at org.eclipse.jdt.internal.compiler.lookup.SourceTypeBinding.methods(SourceTypeBinding.java:2222)
	at org.eclipse.jdt.internal.compiler.lookup.SourceTypeBinding.getExactMethod(SourceTypeBinding.java:1741)
	at org.eclipse.jdt.internal.compiler.lookup.Scope.findExactMethod(Scope.java:1332)
	at org.eclipse.jdt.internal.compiler.lookup.Scope.getMethod(Scope.java:3044)
	at org.eclipse.jdt.internal.compiler.ast.MessageSend.findMethodBinding(MessageSend.java:1018)
	",2026-09-04T23:41:20
git@github.com:google/j2objc.git,7075624::blob,7075624.0,blob,complexity,ck_failed,"esFor(SourceTypeBinding.java:2649)
	at org.eclipse.jdt.internal.compiler.lookup.SourceTypeBinding.methods(SourceTypeBinding.java:2222)
	at org.eclipse.jdt.internal.compiler.lookup.SourceTypeBinding.getExactMethod(SourceTypeBinding.java:1741)
	at org.eclipse.jdt.internal.compiler.lookup.Scope.findExactMethod(Scope.java:1332)
	at org.eclipse.jdt.internal.compiler.lookup.Scope.getMethod(Scope.java:3044)
	at org.eclipse.jdt.internal.compiler.ast.MessageSend.findMethodBinding(MessageSend.java:1018)
	",2026-09-04T23:41:20
git@github.com:google/j2objc.git,7075624::data class,7075624.0,data class,complexity,ck_failed,"esFor(SourceTypeBinding.java:2649)
	at org.eclipse.jdt.internal.compiler.lookup.SourceTypeBinding.methods(SourceTypeBinding.java:2222)
	at org.eclipse.jdt.internal.compiler.lookup.SourceTypeBinding.getExactMethod(SourceTypeBinding.java:1741)
	at org.eclipse.jdt.internal.compiler.lookup.Scope.findExactMethod(Scope.java:1332)
	at org.eclipse.jdt.internal.compiler.lookup.Scope.getMethod(Scope.java:3044)
	at org.eclipse.jdt.internal.compiler.ast.MessageSend.findMethodBinding(MessageSend.java:1018)
	",2026-09-04T23:41:20
git@github.com:google/j2objc.git,7077189::blob,7077189.0,blob,complexity,ck_failed,"esFor(SourceTypeBinding.java:2649)
	at org.eclipse.jdt.internal.compiler.lookup.SourceTypeBinding.methods(SourceTypeBinding.java:2222)
	at org.eclipse.jdt.internal.compiler.lookup.SourceTypeBinding.getExactMethod(SourceTypeBinding.java:1741)
	at org.eclipse.jdt.internal.compiler.lookup.Scope.findExactMethod(Scope.java:1332)
	at org.eclipse.jdt.internal.compiler.lookup.Scope.getMethod(Scope.java:3044)
	at org.eclipse.jdt.internal.compiler.ast.MessageSend.findMethodBinding(MessageSend.java:1018)
	",2026-09-04T23:41:20
git@github.com:google/j2objc.git,7077189::data class,7077189.0,data class,complexity,ck_failed,"esFor(SourceTypeBinding.java:2649)
	at org.eclipse.jdt.internal.compiler.lookup.SourceTypeBinding.methods(SourceTypeBinding.java:2222)
	at org.eclipse.jdt.internal.compiler.lookup.SourceTypeBinding.getExactMethod(SourceTypeBinding.java:1741)
	at org.eclipse.jdt.internal.compiler.lookup.Scope.findExactMethod(Scope.java:1332)
	at org.eclipse.jdt.internal.compiler.lookup.Scope.getMethod(Scope.java:3044)
	at org.eclipse.jdt.internal.compiler.ast.MessageSend.findMethodBinding(MessageSend.java:1018)
	",2026-09-04T23:41:20
git@github.com:google/j2objc.git,7077563::feature envy,7077563.0,feature envy,complexity,ck_failed,"esFor(SourceTypeBinding.java:2649)
	at org.eclipse.jdt.internal.compiler.lookup.SourceTypeBinding.methods(SourceTypeBinding.java:2222)
	at org.eclipse.jdt.internal.compiler.lookup.SourceTypeBinding.getExactMethod(SourceTypeBinding.java:1741)
	at org.eclipse.jdt.internal.compiler.lookup.Scope.findExactMethod(Scope.java:1332)
	at org.eclipse.jdt.internal.compiler.lookup.Scope.getMethod(Scope.java:3044)
	at org.eclipse.jdt.internal.compiler.ast.MessageSend.findMethodBinding(MessageSend.java:1018)
	",2026-09-04T23:41:20
git@github.com:google/j2objc.git,7077563::long method,7077563.0,long method,complexity,ck_failed,"esFor(SourceTypeBinding.java:2649)
	at org.eclipse.jdt.internal.compiler.lookup.SourceTypeBinding.methods(SourceTypeBinding.java:2222)
	at org.eclipse.jdt.internal.compiler.lookup.SourceTypeBinding.getExactMethod(SourceTypeBinding.java:1741)
	at org.eclipse.jdt.internal.compiler.lookup.Scope.findExactMethod(Scope.java:1332)
	at org.eclipse.jdt.internal.compiler.lookup.Scope.getMethod(Scope.java:3044)
	at org.eclipse.jdt.internal.compiler.ast.MessageSend.findMethodBinding(MessageSend.java:1018)
	",2026-09-04T23:41:20
git@github.com:google/j2objc.git,7078266::feature envy,7078266.0,feature envy,complexity,ck_failed,"esFor(SourceTypeBinding.java:2649)
	at org.eclipse.jdt.internal.compiler.lookup.SourceTypeBinding.methods(SourceTypeBinding.java:2222)
	at org.eclipse.jdt.internal.compiler.lookup.SourceTypeBinding.getExactMethod(SourceTypeBinding.java:1741)
	at org.eclipse.jdt.internal.compiler.lookup.Scope.findExactMethod(Scope.java:1332)
	at org.eclipse.jdt.internal.compiler.lookup.Scope.getMethod(Scope.java:3044)
	at org.eclipse.jdt.internal.compiler.ast.MessageSend.findMethodBinding(MessageSend.java:1018)
	",2026-09-04T23:41:20
git@github.com:google/j2objc.git,7078266::long method,7078266.0,long method,complexity,ck_failed,"esFor(SourceTypeBinding.java:2649)
	at org.eclipse.jdt.internal.compiler.lookup.SourceTypeBinding.methods(SourceTypeBinding.java:2222)
	at org.eclipse.jdt.internal.compiler.lookup.SourceTypeBinding.getExactMethod(SourceTypeBinding.java:1741)
	at org.eclipse.jdt.internal.compiler.lookup.Scope.findExactMethod(Scope.java:1332)
	at org.eclipse.jdt.internal.compiler.lookup.Scope.getMethod(Scope.java:3044)
	at org.eclipse.jdt.internal.compiler.ast.MessageSend.findMethodBinding(MessageSend.java:1018)
	",2026-09-04T23:41:20
git@github.com:google/j2objc.git,7081925::blob,7081925.0,blob,complexity,ck_failed,"esFor(SourceTypeBinding.java:2649)
	at org.eclipse.jdt.internal.compiler.lookup.SourceTypeBinding.methods(SourceTypeBinding.java:2222)
	at org.eclipse.jdt.internal.compiler.lookup.SourceTypeBinding.getExactMethod(SourceTypeBinding.java:1741)
	at org.eclipse.jdt.internal.compiler.lookup.Scope.findExactMethod(Scope.java:1332)
	at org.eclipse.jdt.internal.compiler.lookup.Scope.getMethod(Scope.java:3044)
	at org.eclipse.jdt.internal.compiler.ast.MessageSend.findMethodBinding(MessageSend.java:1018)
	",2026-09-04T23:41:20
git@github.com:google/j2objc.git,7081925::data class,7081925.0,data class,complexity,ck_failed,"esFor(SourceTypeBinding.java:2649)
	at org.eclipse.jdt.internal.compiler.lookup.SourceTypeBinding.methods(SourceTypeBinding.java:2222)
	at org.eclipse.jdt.internal.compiler.lookup.SourceTypeBinding.getExactMethod(SourceTypeBinding.java:1741)
	at org.eclipse.jdt.internal.compiler.lookup.Scope.findExactMethod(Scope.java:1332)
	at org.eclipse.jdt.internal.compiler.lookup.Scope.getMethod(Scope.java:3044)
	at org.eclipse.jdt.internal.compiler.ast.MessageSend.findMethodBinding(MessageSend.java:1018)
	",2026-09-04T23:41:20
git@github.com:google/j2objc.git,7084780::blob,7084780.0,blob,complexity,ck_failed,"esFor(SourceTypeBinding.java:2649)
	at org.eclipse.jdt.internal.compiler.lookup.SourceTypeBinding.methods(SourceTypeBinding.java:2222)
	at org.eclipse.jdt.internal.compiler.lookup.SourceTypeBinding.getExactMethod(SourceTypeBinding.java:1741)
	at org.eclipse.jdt.internal.compiler.lookup.Scope.findExactMethod(Scope.java:1332)
	at org.eclipse.jdt.internal.compiler.lookup.Scope.getMethod(Scope.java:3044)
	at org.eclipse.jdt.internal.compiler.ast.MessageSend.findMethodBinding(MessageSend.java:1018)
	",2026-09-04T23:41:20
git@github.com:google/j2objc.git,7084780::data class,7084780.0,data class,complexity,ck_failed,"esFor(SourceTypeBinding.java:2649)
	at org.eclipse.jdt.internal.compiler.lookup.SourceTypeBinding.methods(SourceTypeBinding.java:2222)
	at org.eclipse.jdt.internal.compiler.lookup.SourceTypeBinding.getExactMethod(SourceTypeBinding.java:1741)
	at org.eclipse.jdt.internal.compiler.lookup.Scope.findExactMethod(Scope.java:1332)
	at org.eclipse.jdt.internal.compiler.lookup.Scope.getMethod(Scope.java:3044)
	at org.eclipse.jdt.internal.compiler.ast.MessageSend.findMethodBinding(MessageSend.java:1018)
	",2026-09-04T23:41:20
git@github.com:google/j2objc.git,7085407::feature envy,7085407.0,feature envy,complexity,ck_failed,"esFor(SourceTypeBinding.java:2649)
	at org.eclipse.jdt.internal.compiler.lookup.SourceTypeBinding.methods(SourceTypeBinding.java:2222)
	at org.eclipse.jdt.internal.compiler.lookup.SourceTypeBinding.getExactMethod(SourceTypeBinding.java:1741)
	at org.eclipse.jdt.internal.compiler.lookup.Scope.findExactMethod(Scope.java:1332)
	at org.eclipse.jdt.internal.compiler.lookup.Scope.getMethod(Scope.java:3044)
	at org.eclipse.jdt.internal.compiler.ast.MessageSend.findMethodBinding(MessageSend.java:1018)
	",2026-09-04T23:41:20
git@github.com:google/j2objc.git,7085407::long method,7085407.0,long method,complexity,ck_failed,"esFor(SourceTypeBinding.java:2649)
	at org.eclipse.jdt.internal.compiler.lookup.SourceTypeBinding.methods(SourceTypeBinding.java:2222)
	at org.eclipse.jdt.internal.compiler.lookup.SourceTypeBinding.getExactMethod(SourceTypeBinding.java:1741)
	at org.eclipse.jdt.internal.compiler.lookup.Scope.findExactMethod(Scope.java:1332)
	at org.eclipse.jdt.internal.compiler.lookup.Scope.getMethod(Scope.java:3044)
	at org.eclipse.jdt.internal.compiler.ast.MessageSend.findMethodBinding(MessageSend.java:1018)
	",2026-09-04T23:41:20
git@github.com:google/j2objc.git,7085469::feature envy,7085469.0,feature envy,complexity,ck_failed,"esFor(SourceTypeBinding.java:2649)
	at org.eclipse.jdt.internal.compiler.lookup.SourceTypeBinding.methods(SourceTypeBinding.java:2222)
	at org.eclipse.jdt.internal.compiler.lookup.SourceTypeBinding.getExactMethod(SourceTypeBinding.java:1741)
	at org.eclipse.jdt.internal.compiler.lookup.Scope.findExactMethod(Scope.java:1332)
	at org.eclipse.jdt.internal.compiler.lookup.Scope.getMethod(Scope.java:3044)
	at org.eclipse.jdt.internal.compiler.ast.MessageSend.findMethodBinding(MessageSend.java:1018)
	",2026-09-04T23:41:20
git@github.com:google/j2objc.git,7085469::long method,7085469.0,long method,complexity,ck_failed,"esFor(SourceTypeBinding.java:2649)
	at org.eclipse.jdt.internal.compiler.lookup.SourceTypeBinding.methods(SourceTypeBinding.java:2222)
	at org.eclipse.jdt.internal.compiler.lookup.SourceTypeBinding.getExactMethod(SourceTypeBinding.java:1741)
	at org.eclipse.jdt.internal.compiler.lookup.Scope.findExactMethod(Scope.java:1332)
	at org.eclipse.jdt.internal.compiler.lookup.Scope.getMethod(Scope.java:3044)
	at org.eclipse.jdt.internal.compiler.ast.MessageSend.findMethodBinding(MessageSend.java:1018)
	",2026-09-04T23:41:20
git@github.com:google/j2objc.git,7087370::feature envy,7087370.0,feature envy,complexity,ck_failed,"esFor(SourceTypeBinding.java:2649)
	at org.eclipse.jdt.internal.compiler.lookup.SourceTypeBinding.methods(SourceTypeBinding.java:2222)
	at org.eclipse.jdt.internal.compiler.lookup.SourceTypeBinding.getExactMethod(SourceTypeBinding.java:1741)
	at org.eclipse.jdt.internal.compiler.lookup.Scope.findExactMethod(Scope.java:1332)
	at org.eclipse.jdt.internal.compiler.lookup.Scope.getMethod(Scope.java:3044)
	at org.eclipse.jdt.internal.compiler.ast.MessageSend.findMethodBinding(MessageSend.java:1018)
	",2026-09-04T23:41:20
git@github.com:google/j2objc.git,7087370::long method,7087370.0,long method,complexity,ck_failed,"esFor(SourceTypeBinding.java:2649)
	at org.eclipse.jdt.internal.compiler.lookup.SourceTypeBinding.methods(SourceTypeBinding.java:2222)
	at org.eclipse.jdt.internal.compiler.lookup.SourceTypeBinding.getExactMethod(SourceTypeBinding.java:1741)
	at org.eclipse.jdt.internal.compiler.lookup.Scope.findExactMethod(Scope.java:1332)
	at org.eclipse.jdt.internal.compiler.lookup.Scope.getMethod(Scope.java:3044)
	at org.eclipse.jdt.internal.compiler.ast.MessageSend.findMethodBinding(MessageSend.java:1018)
	",2026-09-04T23:41:20
git@github.com:google/j2objc.git,7090476::feature envy,7090476.0,feature envy,complexity,ck_failed,"esFor(SourceTypeBinding.java:2649)
	at org.eclipse.jdt.internal.compiler.lookup.SourceTypeBinding.methods(SourceTypeBinding.java:2222)
	at org.eclipse.jdt.internal.compiler.lookup.SourceTypeBinding.getExactMethod(SourceTypeBinding.java:1741)
	at org.eclipse.jdt.internal.compiler.lookup.Scope.findExactMethod(Scope.java:1332)
	at org.eclipse.jdt.internal.compiler.lookup.Scope.getMethod(Scope.java:3044)
	at org.eclipse.jdt.internal.compiler.ast.MessageSend.findMethodBinding(MessageSend.java:1018)
	",2026-09-04T23:41:20
git@github.com:google/j2objc.git,7090476::long method,7090476.0,long method,complexity,ck_failed,"esFor(SourceTypeBinding.java:2649)
	at org.eclipse.jdt.internal.compiler.lookup.SourceTypeBinding.methods(SourceTypeBinding.java:2222)
	at org.eclipse.jdt.internal.compiler.lookup.SourceTypeBinding.getExactMethod(SourceTypeBinding.java:1741)
	at org.eclipse.jdt.internal.compiler.lookup.Scope.findExactMethod(Scope.java:1332)
	at org.eclipse.jdt.internal.compiler.lookup.Scope.getMethod(Scope.java:3044)
	at org.eclipse.jdt.internal.compiler.ast.MessageSend.findMethodBinding(MessageSend.java:1018)
	",2026-09-04T23:41:20
git@github.com:google/j2objc.git,7092657::feature envy,7092657.0,feature envy,complexity,ck_failed,"esFor(SourceTypeBinding.java:2649)
	at org.eclipse.jdt.internal.compiler.lookup.SourceTypeBinding.methods(SourceTypeBinding.java:2222)
	at org.eclipse.jdt.internal.compiler.lookup.SourceTypeBinding.getExactMethod(SourceTypeBinding.java:1741)
	at org.eclipse.jdt.internal.compiler.lookup.Scope.findExactMethod(Scope.java:1332)
	at org.eclipse.jdt.internal.compiler.lookup.Scope.getMethod(Scope.java:3044)
	at org.eclipse.jdt.internal.compiler.ast.MessageSend.findMethodBinding(MessageSend.java:1018)
	",2026-09-04T23:41:20
git@github.com:google/j2objc.git,7092657::long method,7092657.0,long method,complexity,ck_failed,"esFor(SourceTypeBinding.java:2649)
	at org.eclipse.jdt.internal.compiler.lookup.SourceTypeBinding.methods(SourceTypeBinding.java:2222)
	at org.eclipse.jdt.internal.compiler.lookup.SourceTypeBinding.getExactMethod(SourceTypeBinding.java:1741)
	at org.eclipse.jdt.internal.compiler.lookup.Scope.findExactMethod(Scope.java:1332)
	at org.eclipse.jdt.internal.compiler.lookup.Scope.getMethod(Scope.java:3044)
	at org.eclipse.jdt.internal.compiler.ast.MessageSend.findMethodBinding(MessageSend.java:1018)
	",2026-09-04T23:41:20
git@github.com:google/j2objc.git,7093536::feature envy,7093536.0,feature envy,complexity,ck_failed,"esFor(SourceTypeBinding.java:2649)
	at org.eclipse.jdt.internal.compiler.lookup.SourceTypeBinding.methods(SourceTypeBinding.java:2222)
	at org.eclipse.jdt.internal.compiler.lookup.SourceTypeBinding.getExactMethod(SourceTypeBinding.java:1741)
	at org.eclipse.jdt.internal.compiler.lookup.Scope.findExactMethod(Scope.java:1332)
	at org.eclipse.jdt.internal.compiler.lookup.Scope.getMethod(Scope.java:3044)
	at org.eclipse.jdt.internal.compiler.ast.MessageSend.findMethodBinding(MessageSend.java:1018)
	",2026-09-04T23:41:20
git@github.com:google/j2objc.git,7093536::long method,7093536.0,long method,complexity,ck_failed,"esFor(SourceTypeBinding.java:2649)
	at org.eclipse.jdt.internal.compiler.lookup.SourceTypeBinding.methods(SourceTypeBinding.java:2222)
	at org.eclipse.jdt.internal.compiler.lookup.SourceTypeBinding.getExactMethod(SourceTypeBinding.java:1741)
	at org.eclipse.jdt.internal.compiler.lookup.Scope.findExactMethod(Scope.java:1332)
	at org.eclipse.jdt.internal.compiler.lookup.Scope.getMethod(Scope.java:3044)
	at org.eclipse.jdt.internal.compiler.ast.MessageSend.findMethodBinding(MessageSend.java:1018)
	",2026-09-04T23:41:20
git@github.com:google/j2objc.git,7093849::blob,7093849.0,blob,complexity,ck_failed,"esFor(SourceTypeBinding.java:2649)
	at org.eclipse.jdt.internal.compiler.lookup.SourceTypeBinding.methods(SourceTypeBinding.java:2222)
	at org.eclipse.jdt.internal.compiler.lookup.SourceTypeBinding.getExactMethod(SourceTypeBinding.java:1741)
	at org.eclipse.jdt.internal.compiler.lookup.Scope.findExactMethod(Scope.java:1332)
	at org.eclipse.jdt.internal.compiler.lookup.Scope.getMethod(Scope.java:3044)
	at org.eclipse.jdt.internal.compiler.ast.MessageSend.findMethodBinding(MessageSend.java:1018)
	",2026-09-04T23:41:20
git@github.com:google/j2objc.git,7093849::data class,7093849.0,data class,complexity,ck_failed,"esFor(SourceTypeBinding.java:2649)
	at org.eclipse.jdt.internal.compiler.lookup.SourceTypeBinding.methods(SourceTypeBinding.java:2222)
	at org.eclipse.jdt.internal.compiler.lookup.SourceTypeBinding.getExactMethod(SourceTypeBinding.java:1741)
	at org.eclipse.jdt.internal.compiler.lookup.Scope.findExactMethod(Scope.java:1332)
	at org.eclipse.jdt.internal.compiler.lookup.Scope.getMethod(Scope.java:3044)
	at org.eclipse.jdt.internal.compiler.ast.MessageSend.findMethodBinding(MessageSend.java:1018)
	",2026-09-04T23:41:20
git@github.com:google/j2objc.git,7094260::feature envy,7094260.0,feature envy,complexity,ck_failed,"esFor(SourceTypeBinding.java:2649)
	at org.eclipse.jdt.internal.compiler.lookup.SourceTypeBinding.methods(SourceTypeBinding.java:2222)
	at org.eclipse.jdt.internal.compiler.lookup.SourceTypeBinding.getExactMethod(SourceTypeBinding.java:1741)
	at org.eclipse.jdt.internal.compiler.lookup.Scope.findExactMethod(Scope.java:1332)
	at org.eclipse.jdt.internal.compiler.lookup.Scope.getMethod(Scope.java:3044)
	at org.eclipse.jdt.internal.compiler.ast.MessageSend.findMethodBinding(MessageSend.java:1018)
	",2026-09-04T23:41:20
git@github.com:google/j2objc.git,7094260::long method,7094260.0,long method,complexity,ck_failed,"esFor(SourceTypeBinding.java:2649)
	at org.eclipse.jdt.internal.compiler.lookup.SourceTypeBinding.methods(SourceTypeBinding.java:2222)
	at org.eclipse.jdt.internal.compiler.lookup.SourceTypeBinding.getExactMethod(SourceTypeBinding.java:1741)
	at org.eclipse.jdt.internal.compiler.lookup.Scope.findExactMethod(Scope.java:1332)
	at org.eclipse.jdt.internal.compiler.lookup.Scope.getMethod(Scope.java:3044)
	at org.eclipse.jdt.internal.compiler.ast.MessageSend.findMethodBinding(MessageSend.java:1018)
	",2026-09-04T23:41:20
git@github.com:google/j2objc.git,7094329::feature envy,7094329.0,feature envy,complexity,ck_failed,"esFor(SourceTypeBinding.java:2649)
	at org.eclipse.jdt.internal.compiler.lookup.SourceTypeBinding.methods(SourceTypeBinding.java:2222)
	at org.eclipse.jdt.internal.compiler.lookup.SourceTypeBinding.getExactMethod(SourceTypeBinding.java:1741)
	at org.eclipse.jdt.internal.compiler.lookup.Scope.findExactMethod(Scope.java:1332)
	at org.eclipse.jdt.internal.compiler.lookup.Scope.getMethod(Scope.java:3044)
	at org.eclipse.jdt.internal.compiler.ast.MessageSend.findMethodBinding(MessageSend.java:1018)
	",2026-09-04T23:41:20
git@github.com:google/j2objc.git,7094329::long method,7094329.0,long method,complexity,ck_failed,"esFor(SourceTypeBinding.java:2649)
	at org.eclipse.jdt.internal.compiler.lookup.SourceTypeBinding.methods(SourceTypeBinding.java:2222)
	at org.eclipse.jdt.internal.compiler.lookup.SourceTypeBinding.getExactMethod(SourceTypeBinding.java:1741)
	at org.eclipse.jdt.internal.compiler.lookup.Scope.findExactMethod(Scope.java:1332)
	at org.eclipse.jdt.internal.compiler.lookup.Scope.getMethod(Scope.java:3044)
	at org.eclipse.jdt.internal.compiler.ast.MessageSend.findMethodBinding(MessageSend.java:1018)
	",2026-09-04T23:41:20
git@github.com:google/j2objc.git,7094545::feature envy,7094545.0,feature envy,complexity,ck_failed,"esFor(SourceTypeBinding.java:2649)
	at org.eclipse.jdt.internal.compiler.lookup.SourceTypeBinding.methods(SourceTypeBinding.java:2222)
	at org.eclipse.jdt.internal.compiler.lookup.SourceTypeBinding.getExactMethod(SourceTypeBinding.java:1741)
	at org.eclipse.jdt.internal.compiler.lookup.Scope.findExactMethod(Scope.java:1332)
	at org.eclipse.jdt.internal.compiler.lookup.Scope.getMethod(Scope.java:3044)
	at org.eclipse.jdt.internal.compiler.ast.MessageSend.findMethodBinding(MessageSend.java:1018)
	",2026-09-04T23:41:20
git@github.com:google/j2objc.git,7094545::long method,7094545.0,long method,complexity,ck_failed,"esFor(SourceTypeBinding.java:2649)
	at org.eclipse.jdt.internal.compiler.lookup.SourceTypeBinding.methods(SourceTypeBinding.java:2222)
	at org.eclipse.jdt.internal.compiler.lookup.SourceTypeBinding.getExactMethod(SourceTypeBinding.java:1741)
	at org.eclipse.jdt.internal.compiler.lookup.Scope.findExactMethod(Scope.java:1332)
	at org.eclipse.jdt.internal.compiler.lookup.Scope.getMethod(Scope.java:3044)
	at org.eclipse.jdt.internal.compiler.ast.MessageSend.findMethodBinding(MessageSend.java:1018)
	",2026-09-04T23:41:20
git@github.com:google/j2objc.git,7095948::feature envy,7095948.0,feature envy,complexity,ck_failed,"esFor(SourceTypeBinding.java:2649)
	at org.eclipse.jdt.internal.compiler.lookup.SourceTypeBinding.methods(SourceTypeBinding.java:2222)
	at org.eclipse.jdt.internal.compiler.lookup.SourceTypeBinding.getExactMethod(SourceTypeBinding.java:1741)
	at org.eclipse.jdt.internal.compiler.lookup.Scope.findExactMethod(Scope.java:1332)
	at org.eclipse.jdt.internal.compiler.lookup.Scope.getMethod(Scope.java:3044)
	at org.eclipse.jdt.internal.compiler.ast.MessageSend.findMethodBinding(MessageSend.java:1018)
	",2026-09-04T23:41:20
git@github.com:google/j2objc.git,7095948::long method,7095948.0,long method,complexity,ck_failed,"esFor(SourceTypeBinding.java:2649)
	at org.eclipse.jdt.internal.compiler.lookup.SourceTypeBinding.methods(SourceTypeBinding.java:2222)
	at org.eclipse.jdt.internal.compiler.lookup.SourceTypeBinding.getExactMethod(SourceTypeBinding.java:1741)
	at org.eclipse.jdt.internal.compiler.lookup.Scope.findExactMethod(Scope.java:1332)
	at org.eclipse.jdt.internal.compiler.lookup.Scope.getMethod(Scope.java:3044)
	at org.eclipse.jdt.internal.compiler.ast.MessageSend.findMethodBinding(MessageSend.java:1018)
	",2026-09-04T23:41:20
git@github.com:google/j2objc.git,7097449::feature envy,7097449.0,feature envy,complexity,ck_failed,"esFor(SourceTypeBinding.java:2649)
	at org.eclipse.jdt.internal.compiler.lookup.SourceTypeBinding.methods(SourceTypeBinding.java:2222)
	at org.eclipse.jdt.internal.compiler.lookup.SourceTypeBinding.getExactMethod(SourceTypeBinding.java:1741)
	at org.eclipse.jdt.internal.compiler.lookup.Scope.findExactMethod(Scope.java:1332)
	at org.eclipse.jdt.internal.compiler.lookup.Scope.getMethod(Scope.java:3044)
	at org.eclipse.jdt.internal.compiler.ast.MessageSend.findMethodBinding(MessageSend.java:1018)
	",2026-09-04T23:41:20
git@github.com:google/j2objc.git,7097449::long method,7097449.0,long method,complexity,ck_failed,"esFor(SourceTypeBinding.java:2649)
	at org.eclipse.jdt.internal.compiler.lookup.SourceTypeBinding.methods(SourceTypeBinding.java:2222)
	at org.eclipse.jdt.internal.compiler.lookup.SourceTypeBinding.getExactMethod(SourceTypeBinding.java:1741)
	at org.eclipse.jdt.internal.compiler.lookup.Scope.findExactMethod(Scope.java:1332)
	at org.eclipse.jdt.internal.compiler.lookup.Scope.getMethod(Scope.java:3044)
	at org.eclipse.jdt.internal.compiler.ast.MessageSend.findMethodBinding(MessageSend.java:1018)
	",2026-09-04T23:41:20
git@github.com:google/j2objc.git,7100929::blob,7100929.0,blob,complexity,ck_failed,"esFor(SourceTypeBinding.java:2649)
	at org.eclipse.jdt.internal.compiler.lookup.SourceTypeBinding.methods(SourceTypeBinding.java:2222)
	at org.eclipse.jdt.internal.compiler.lookup.SourceTypeBinding.getExactMethod(SourceTypeBinding.java:1741)
	at org.eclipse.jdt.internal.compiler.lookup.Scope.findExactMethod(Scope.java:1332)
	at org.eclipse.jdt.internal.compiler.lookup.Scope.getMethod(Scope.java:3044)
	at org.eclipse.jdt.internal.compiler.ast.MessageSend.findMethodBinding(MessageSend.java:1018)
	",2026-09-04T23:41:20
git@github.com:google/j2objc.git,7100929::data class,7100929.0,data class,complexity,ck_failed,"esFor(SourceTypeBinding.java:2649)
	at org.eclipse.jdt.internal.compiler.lookup.SourceTypeBinding.methods(SourceTypeBinding.java:2222)
	at org.eclipse.jdt.internal.compiler.lookup.SourceTypeBinding.getExactMethod(SourceTypeBinding.java:1741)
	at org.eclipse.jdt.internal.compiler.lookup.Scope.findExactMethod(Scope.java:1332)
	at org.eclipse.jdt.internal.compiler.lookup.Scope.getMethod(Scope.java:3044)
	at org.eclipse.jdt.internal.compiler.ast.MessageSend.findMethodBinding(MessageSend.java:1018)
	",2026-09-04T23:41:20
git@github.com:google/j2objc.git,7101859::blob,7101859.0,blob,complexity,ck_failed,"esFor(SourceTypeBinding.java:2649)
	at org.eclipse.jdt.internal.compiler.lookup.SourceTypeBinding.methods(SourceTypeBinding.java:2222)
	at org.eclipse.jdt.internal.compiler.lookup.SourceTypeBinding.getExactMethod(SourceTypeBinding.java:1741)
	at org.eclipse.jdt.internal.compiler.lookup.Scope.findExactMethod(Scope.java:1332)
	at org.eclipse.jdt.internal.compiler.lookup.Scope.getMethod(Scope.java:3044)
	at org.eclipse.jdt.internal.compiler.ast.MessageSend.findMethodBinding(MessageSend.java:1018)
	",2026-09-04T23:41:20
git@github.com:google/j2objc.git,7101859::data class,7101859.0,data class,complexity,ck_failed,"esFor(SourceTypeBinding.java:2649)
	at org.eclipse.jdt.internal.compiler.lookup.SourceTypeBinding.methods(SourceTypeBinding.java:2222)
	at org.eclipse.jdt.internal.compiler.lookup.SourceTypeBinding.getExactMethod(SourceTypeBinding.java:1741)
	at org.eclipse.jdt.internal.compiler.lookup.Scope.findExactMethod(Scope.java:1332)
	at org.eclipse.jdt.internal.compiler.lookup.Scope.getMethod(Scope.java:3044)
	at org.eclipse.jdt.internal.compiler.ast.MessageSend.findMethodBinding(MessageSend.java:1018)
	",2026-09-04T23:41:20
git@github.com:google/j2objc.git,7102262::feature envy,7102262.0,feature envy,complexity,ck_failed,"esFor(SourceTypeBinding.java:2649)
	at org.eclipse.jdt.internal.compiler.lookup.SourceTypeBinding.methods(SourceTypeBinding.java:2222)
	at org.eclipse.jdt.internal.compiler.lookup.SourceTypeBinding.getExactMethod(SourceTypeBinding.java:1741)
	at org.eclipse.jdt.internal.compiler.lookup.Scope.findExactMethod(Scope.java:1332)
	at org.eclipse.jdt.internal.compiler.lookup.Scope.getMethod(Scope.java:3044)
	at org.eclipse.jdt.internal.compiler.ast.MessageSend.findMethodBinding(MessageSend.java:1018)
	",2026-09-04T23:41:20
git@github.com:google/j2objc.git,7102262::long method,7102262.0,long method,complexity,ck_failed,"esFor(SourceTypeBinding.java:2649)
	at org.eclipse.jdt.internal.compiler.lookup.SourceTypeBinding.methods(SourceTypeBinding.java:2222)
	at org.eclipse.jdt.internal.compiler.lookup.SourceTypeBinding.getExactMethod(SourceTypeBinding.java:1741)
	at org.eclipse.jdt.internal.compiler.lookup.Scope.findExactMethod(Scope.java:1332)
	at org.eclipse.jdt.internal.compiler.lookup.Scope.getMethod(Scope.java:3044)
	at org.eclipse.jdt.internal.compiler.ast.MessageSend.findMethodBinding(MessageSend.java:1018)
	",2026-09-04T23:41:20
git@github.com:google/j2objc.git,7105505::blob,7105505.0,blob,complexity,ck_failed,"esFor(SourceTypeBinding.java:2649)
	at org.eclipse.jdt.internal.compiler.lookup.SourceTypeBinding.methods(SourceTypeBinding.java:2222)
	at org.eclipse.jdt.internal.compiler.lookup.SourceTypeBinding.getExactMethod(SourceTypeBinding.java:1741)
	at org.eclipse.jdt.internal.compiler.lookup.Scope.findExactMethod(Scope.java:1332)
	at org.eclipse.jdt.internal.compiler.lookup.Scope.getMethod(Scope.java:3044)
	at org.eclipse.jdt.internal.compiler.ast.MessageSend.findMethodBinding(MessageSend.java:1018)
	",2026-09-04T23:41:20
git@github.com:google/j2objc.git,7105505::data class,7105505.0,data class,complexity,ck_failed,"esFor(SourceTypeBinding.java:2649)
	at org.eclipse.jdt.internal.compiler.lookup.SourceTypeBinding.methods(SourceTypeBinding.java:2222)
	at org.eclipse.jdt.internal.compiler.lookup.SourceTypeBinding.getExactMethod(SourceTypeBinding.java:1741)
	at org.eclipse.jdt.internal.compiler.lookup.Scope.findExactMethod(Scope.java:1332)
	at org.eclipse.jdt.internal.compiler.lookup.Scope.getMethod(Scope.java:3044)
	at org.eclipse.jdt.internal.compiler.ast.MessageSend.findMethodBinding(MessageSend.java:1018)
	",2026-09-04T23:41:20
git@github.com:google/j2objc.git,7107337::feature envy,7107337.0,feature envy,complexity,ck_failed,"esFor(SourceTypeBinding.java:2649)
	at org.eclipse.jdt.internal.compiler.lookup.SourceTypeBinding.methods(SourceTypeBinding.java:2222)
	at org.eclipse.jdt.internal.compiler.lookup.SourceTypeBinding.getExactMethod(SourceTypeBinding.java:1741)
	at org.eclipse.jdt.internal.compiler.lookup.Scope.findExactMethod(Scope.java:1332)
	at org.eclipse.jdt.internal.compiler.lookup.Scope.getMethod(Scope.java:3044)
	at org.eclipse.jdt.internal.compiler.ast.MessageSend.findMethodBinding(MessageSend.java:1018)
	",2026-09-04T23:41:20
git@github.com:google/j2objc.git,7107337::long method,7107337.0,long method,complexity,ck_failed,"esFor(SourceTypeBinding.java:2649)
	at org.eclipse.jdt.internal.compiler.lookup.SourceTypeBinding.methods(SourceTypeBinding.java:2222)
	at org.eclipse.jdt.internal.compiler.lookup.SourceTypeBinding.getExactMethod(SourceTypeBinding.java:1741)
	at org.eclipse.jdt.internal.compiler.lookup.Scope.findExactMethod(Scope.java:1332)
	at org.eclipse.jdt.internal.compiler.lookup.Scope.getMethod(Scope.java:3044)
	at org.eclipse.jdt.internal.compiler.ast.MessageSend.findMethodBinding(MessageSend.java:1018)
	",2026-09-04T23:41:20
git@github.com:google/j2objc.git,7108130::feature envy,7108130.0,feature envy,complexity,ck_failed,"esFor(SourceTypeBinding.java:2649)
	at org.eclipse.jdt.internal.compiler.lookup.SourceTypeBinding.methods(SourceTypeBinding.java:2222)
	at org.eclipse.jdt.internal.compiler.lookup.SourceTypeBinding.getExactMethod(SourceTypeBinding.java:1741)
	at org.eclipse.jdt.internal.compiler.lookup.Scope.findExactMethod(Scope.java:1332)
	at org.eclipse.jdt.internal.compiler.lookup.Scope.getMethod(Scope.java:3044)
	at org.eclipse.jdt.internal.compiler.ast.MessageSend.findMethodBinding(MessageSend.java:1018)
	",2026-09-04T23:41:20
git@github.com:google/j2objc.git,7108130::long method,7108130.0,long method,complexity,ck_failed,"esFor(SourceTypeBinding.java:2649)
	at org.eclipse.jdt.internal.compiler.lookup.SourceTypeBinding.methods(SourceTypeBinding.java:2222)
	at org.eclipse.jdt.internal.compiler.lookup.SourceTypeBinding.getExactMethod(SourceTypeBinding.java:1741)
	at org.eclipse.jdt.internal.compiler.lookup.Scope.findExactMethod(Scope.java:1332)
	at org.eclipse.jdt.internal.compiler.lookup.Scope.getMethod(Scope.java:3044)
	at org.eclipse.jdt.internal.compiler.ast.MessageSend.findMethodBinding(MessageSend.java:1018)
	",2026-09-04T23:41:20
git@github.com:google/j2objc.git,7108794::feature envy,7108794.0,feature envy,complexity,ck_failed,"esFor(SourceTypeBinding.java:2649)
	at org.eclipse.jdt.internal.compiler.lookup.SourceTypeBinding.methods(SourceTypeBinding.java:2222)
	at org.eclipse.jdt.internal.compiler.lookup.SourceTypeBinding.getExactMethod(SourceTypeBinding.java:1741)
	at org.eclipse.jdt.internal.compiler.lookup.Scope.findExactMethod(Scope.java:1332)
	at org.eclipse.jdt.internal.compiler.lookup.Scope.getMethod(Scope.java:3044)
	at org.eclipse.jdt.internal.compiler.ast.MessageSend.findMethodBinding(MessageSend.java:1018)
	",2026-09-04T23:41:20
git@github.com:google/j2objc.git,7108794::long method,7108794.0,long method,complexity,ck_failed,"esFor(SourceTypeBinding.java:2649)
	at org.eclipse.jdt.internal.compiler.lookup.SourceTypeBinding.methods(SourceTypeBinding.java:2222)
	at org.eclipse.jdt.internal.compiler.lookup.SourceTypeBinding.getExactMethod(SourceTypeBinding.java:1741)
	at org.eclipse.jdt.internal.compiler.lookup.Scope.findExactMethod(Scope.java:1332)
	at org.eclipse.jdt.internal.compiler.lookup.Scope.getMethod(Scope.java:3044)
	at org.eclipse.jdt.internal.compiler.ast.MessageSend.findMethodBinding(MessageSend.java:1018)
	",2026-09-04T23:41:20
git@github.com:google/j2objc.git,7110712::feature envy,7110712.0,feature envy,complexity,ck_failed,"esFor(SourceTypeBinding.java:2649)
	at org.eclipse.jdt.internal.compiler.lookup.SourceTypeBinding.methods(SourceTypeBinding.java:2222)
	at org.eclipse.jdt.internal.compiler.lookup.SourceTypeBinding.getExactMethod(SourceTypeBinding.java:1741)
	at org.eclipse.jdt.internal.compiler.lookup.Scope.findExactMethod(Scope.java:1332)
	at org.eclipse.jdt.internal.compiler.lookup.Scope.getMethod(Scope.java:3044)
	at org.eclipse.jdt.internal.compiler.ast.MessageSend.findMethodBinding(MessageSend.java:1018)
	",2026-09-04T23:41:20
git@github.com:google/j2objc.git,7110712::long method,7110712.0,long method,complexity,ck_failed,"esFor(SourceTypeBinding.java:2649)
	at org.eclipse.jdt.internal.compiler.lookup.SourceTypeBinding.methods(SourceTypeBinding.java:2222)
	at org.eclipse.jdt.internal.compiler.lookup.SourceTypeBinding.getExactMethod(SourceTypeBinding.java:1741)
	at org.eclipse.jdt.internal.compiler.lookup.Scope.findExactMethod(Scope.java:1332)
	at org.eclipse.jdt.internal.compiler.lookup.Scope.getMethod(Scope.java:3044)
	at org.eclipse.jdt.internal.compiler.ast.MessageSend.findMethodBinding(MessageSend.java:1018)
	",2026-09-04T23:41:20
git@github.com:google/j2objc.git,7113239::blob,7113239.0,blob,complexity,ck_failed,"esFor(SourceTypeBinding.java:2649)
	at org.eclipse.jdt.internal.compiler.lookup.SourceTypeBinding.methods(SourceTypeBinding.java:2222)
	at org.eclipse.jdt.internal.compiler.lookup.SourceTypeBinding.getExactMethod(SourceTypeBinding.java:1741)
	at org.eclipse.jdt.internal.compiler.lookup.Scope.findExactMethod(Scope.java:1332)
	at org.eclipse.jdt.internal.compiler.lookup.Scope.getMethod(Scope.java:3044)
	at org.eclipse.jdt.internal.compiler.ast.MessageSend.findMethodBinding(MessageSend.java:1018)
	",2026-09-04T23:41:20
git@github.com:google/j2objc.git,7113239::data class,7113239.0,data class,complexity,ck_failed,"esFor(SourceTypeBinding.java:2649)
	at org.eclipse.jdt.internal.compiler.lookup.SourceTypeBinding.methods(SourceTypeBinding.java:2222)
	at org.eclipse.jdt.internal.compiler.lookup.SourceTypeBinding.getExactMethod(SourceTypeBinding.java:1741)
	at org.eclipse.jdt.internal.compiler.lookup.Scope.findExactMethod(Scope.java:1332)
	at org.eclipse.jdt.internal.compiler.lookup.Scope.getMethod(Scope.java:3044)
	at org.eclipse.jdt.internal.compiler.ast.MessageSend.findMethodBinding(MessageSend.java:1018)
	",2026-09-04T23:41:20
git@github.com:google/j2objc.git,7113247::blob,7113247.0,blob,complexity,ck_failed,"esFor(SourceTypeBinding.java:2649)
	at org.eclipse.jdt.internal.compiler.lookup.SourceTypeBinding.methods(SourceTypeBinding.java:2222)
	at org.eclipse.jdt.internal.compiler.lookup.SourceTypeBinding.getExactMethod(SourceTypeBinding.java:1741)
	at org.eclipse.jdt.internal.compiler.lookup.Scope.findExactMethod(Scope.java:1332)
	at org.eclipse.jdt.internal.compiler.lookup.Scope.getMethod(Scope.java:3044)
	at org.eclipse.jdt.internal.compiler.ast.MessageSend.findMethodBinding(MessageSend.java:1018)
	",2026-09-04T23:41:20
git@github.com:google/j2objc.git,7113247::data class,7113247.0,data class,complexity,ck_failed,"esFor(SourceTypeBinding.java:2649)
	at org.eclipse.jdt.internal.compiler.lookup.SourceTypeBinding.methods(SourceTypeBinding.java:2222)
	at org.eclipse.jdt.internal.compiler.lookup.SourceTypeBinding.getExactMethod(SourceTypeBinding.java:1741)
	at org.eclipse.jdt.internal.compiler.lookup.Scope.findExactMethod(Scope.java:1332)
	at org.eclipse.jdt.internal.compiler.lookup.Scope.getMethod(Scope.java:3044)
	at org.eclipse.jdt.internal.compiler.ast.MessageSend.findMethodBinding(MessageSend.java:1018)
	",2026-09-04T23:41:20
git@github.com:google/j2objc.git,7113719::feature envy,7113719.0,feature envy,complexity,ck_failed,"esFor(SourceTypeBinding.java:2649)
	at org.eclipse.jdt.internal.compiler.lookup.SourceTypeBinding.methods(SourceTypeBinding.java:2222)
	at org.eclipse.jdt.internal.compiler.lookup.SourceTypeBinding.getExactMethod(SourceTypeBinding.java:1741)
	at org.eclipse.jdt.internal.compiler.lookup.Scope.findExactMethod(Scope.java:1332)
	at org.eclipse.jdt.internal.compiler.lookup.Scope.getMethod(Scope.java:3044)
	at org.eclipse.jdt.internal.compiler.ast.MessageSend.findMethodBinding(MessageSend.java:1018)
	",2026-09-04T23:41:20
git@github.com:google/j2objc.git,7113719::long method,7113719.0,long method,complexity,ck_failed,"esFor(SourceTypeBinding.java:2649)
	at org.eclipse.jdt.internal.compiler.lookup.SourceTypeBinding.methods(SourceTypeBinding.java:2222)
	at org.eclipse.jdt.internal.compiler.lookup.SourceTypeBinding.getExactMethod(SourceTypeBinding.java:1741)
	at org.eclipse.jdt.internal.compiler.lookup.Scope.findExactMethod(Scope.java:1332)
	at org.eclipse.jdt.internal.compiler.lookup.Scope.getMethod(Scope.java:3044)
	at org.eclipse.jdt.internal.compiler.ast.MessageSend.findMethodBinding(MessageSend.java:1018)
	",2026-09-04T23:41:20
git@github.com:google/j2objc.git,7114027::feature envy,7114027.0,feature envy,complexity,ck_failed,"esFor(SourceTypeBinding.java:2649)
	at org.eclipse.jdt.internal.compiler.lookup.SourceTypeBinding.methods(SourceTypeBinding.java:2222)
	at org.eclipse.jdt.internal.compiler.lookup.SourceTypeBinding.getExactMethod(SourceTypeBinding.java:1741)
	at org.eclipse.jdt.internal.compiler.lookup.Scope.findExactMethod(Scope.java:1332)
	at org.eclipse.jdt.internal.compiler.lookup.Scope.getMethod(Scope.java:3044)
	at org.eclipse.jdt.internal.compiler.ast.MessageSend.findMethodBinding(MessageSend.java:1018)
	",2026-09-04T23:41:20
git@github.com:google/j2objc.git,7114027::long method,7114027.0,long method,complexity,ck_failed,"esFor(SourceTypeBinding.java:2649)
	at org.eclipse.jdt.internal.compiler.lookup.SourceTypeBinding.methods(SourceTypeBinding.java:2222)
	at org.eclipse.jdt.internal.compiler.lookup.SourceTypeBinding.getExactMethod(SourceTypeBinding.java:1741)
	at org.eclipse.jdt.internal.compiler.lookup.Scope.findExactMethod(Scope.java:1332)
	at org.eclipse.jdt.internal.compiler.lookup.Scope.getMethod(Scope.java:3044)
	at org.eclipse.jdt.internal.compiler.ast.MessageSend.findMethodBinding(MessageSend.java:1018)
	",2026-09-04T23:41:20
git@github.com:google/j2objc.git,7114490::feature envy,7114490.0,feature envy,complexity,ck_failed,"esFor(SourceTypeBinding.java:2649)
	at org.eclipse.jdt.internal.compiler.lookup.SourceTypeBinding.methods(SourceTypeBinding.java:2222)
	at org.eclipse.jdt.internal.compiler.lookup.SourceTypeBinding.getExactMethod(SourceTypeBinding.java:1741)
	at org.eclipse.jdt.internal.compiler.lookup.Scope.findExactMethod(Scope.java:1332)
	at org.eclipse.jdt.internal.compiler.lookup.Scope.getMethod(Scope.java:3044)
	at org.eclipse.jdt.internal.compiler.ast.MessageSend.findMethodBinding(MessageSend.java:1018)
	",2026-09-04T23:41:20
git@github.com:google/j2objc.git,7114490::long method,7114490.0,long method,complexity,ck_failed,"esFor(SourceTypeBinding.java:2649)
	at org.eclipse.jdt.internal.compiler.lookup.SourceTypeBinding.methods(SourceTypeBinding.java:2222)
	at org.eclipse.jdt.internal.compiler.lookup.SourceTypeBinding.getExactMethod(SourceTypeBinding.java:1741)
	at org.eclipse.jdt.internal.compiler.lookup.Scope.findExactMethod(Scope.java:1332)
	at org.eclipse.jdt.internal.compiler.lookup.Scope.getMethod(Scope.java:3044)
	at org.eclipse.jdt.internal.compiler.ast.MessageSend.findMethodBinding(MessageSend.java:1018)
	",2026-09-04T23:41:20
git@github.com:google/j2objc.git,7115420::feature envy,7115420.0,feature envy,complexity,ck_failed,"esFor(SourceTypeBinding.java:2649)
	at org.eclipse.jdt.internal.compiler.lookup.SourceTypeBinding.methods(SourceTypeBinding.java:2222)
	at org.eclipse.jdt.internal.compiler.lookup.SourceTypeBinding.getExactMethod(SourceTypeBinding.java:1741)
	at org.eclipse.jdt.internal.compiler.lookup.Scope.findExactMethod(Scope.java:1332)
	at org.eclipse.jdt.internal.compiler.lookup.Scope.getMethod(Scope.java:3044)
	at org.eclipse.jdt.internal.compiler.ast.MessageSend.findMethodBinding(MessageSend.java:1018)
	",2026-09-04T23:41:20
git@github.com:google/j2objc.git,7115420::long method,7115420.0,long method,complexity,ck_failed,"esFor(SourceTypeBinding.java:2649)
	at org.eclipse.jdt.internal.compiler.lookup.SourceTypeBinding.methods(SourceTypeBinding.java:2222)
	at org.eclipse.jdt.internal.compiler.lookup.SourceTypeBinding.getExactMethod(SourceTypeBinding.java:1741)
	at org.eclipse.jdt.internal.compiler.lookup.Scope.findExactMethod(Scope.java:1332)
	at org.eclipse.jdt.internal.compiler.lookup.Scope.getMethod(Scope.java:3044)
	at org.eclipse.jdt.internal.compiler.ast.MessageSend.findMethodBinding(MessageSend.java:1018)
	",2026-09-04T23:41:20
git@github.com:google/j2objc.git,7115956::blob,7115956.0,blob,complexity,ck_failed,"esFor(SourceTypeBinding.java:2649)
	at org.eclipse.jdt.internal.compiler.lookup.SourceTypeBinding.methods(SourceTypeBinding.java:2222)
	at org.eclipse.jdt.internal.compiler.lookup.SourceTypeBinding.getExactMethod(SourceTypeBinding.java:1741)
	at org.eclipse.jdt.internal.compiler.lookup.Scope.findExactMethod(Scope.java:1332)
	at org.eclipse.jdt.internal.compiler.lookup.Scope.getMethod(Scope.java:3044)
	at org.eclipse.jdt.internal.compiler.ast.MessageSend.findMethodBinding(MessageSend.java:1018)
	",2026-09-04T23:41:20
git@github.com:google/j2objc.git,7115956::data class,7115956.0,data class,complexity,ck_failed,"esFor(SourceTypeBinding.java:2649)
	at org.eclipse.jdt.internal.compiler.lookup.SourceTypeBinding.methods(SourceTypeBinding.java:2222)
	at org.eclipse.jdt.internal.compiler.lookup.SourceTypeBinding.getExactMethod(SourceTypeBinding.java:1741)
	at org.eclipse.jdt.internal.compiler.lookup.Scope.findExactMethod(Scope.java:1332)
	at org.eclipse.jdt.internal.compiler.lookup.Scope.getMethod(Scope.java:3044)
	at org.eclipse.jdt.internal.compiler.ast.MessageSend.findMethodBinding(MessageSend.java:1018)
	",2026-09-04T23:41:20
git@github.com:google/j2objc.git,7117242::feature envy,7117242.0,feature envy,complexity,ck_failed,"esFor(SourceTypeBinding.java:2649)
	at org.eclipse.jdt.internal.compiler.lookup.SourceTypeBinding.methods(SourceTypeBinding.java:2222)
	at org.eclipse.jdt.internal.compiler.lookup.SourceTypeBinding.getExactMethod(SourceTypeBinding.java:1741)
	at org.eclipse.jdt.internal.compiler.lookup.Scope.findExactMethod(Scope.java:1332)
	at org.eclipse.jdt.internal.compiler.lookup.Scope.getMethod(Scope.java:3044)
	at org.eclipse.jdt.internal.compiler.ast.MessageSend.findMethodBinding(MessageSend.java:1018)
	",2026-09-04T23:41:20
git@github.com:google/j2objc.git,7117242::long method,7117242.0,long method,complexity,ck_failed,"esFor(SourceTypeBinding.java:2649)
	at org.eclipse.jdt.internal.compiler.lookup.SourceTypeBinding.methods(SourceTypeBinding.java:2222)
	at org.eclipse.jdt.internal.compiler.lookup.SourceTypeBinding.getExactMethod(SourceTypeBinding.java:1741)
	at org.eclipse.jdt.internal.compiler.lookup.Scope.findExactMethod(Scope.java:1332)
	at org.eclipse.jdt.internal.compiler.lookup.Scope.getMethod(Scope.java:3044)
	at org.eclipse.jdt.internal.compiler.ast.MessageSend.findMethodBinding(MessageSend.java:1018)
	",2026-09-04T23:41:20
git@github.com:reactor/reactor-core.git,7221713::feature envy,7221713.0,feature envy,complexity,ck_failed,".ast.TypeReference.reportInvalidType(TypeReference.java:607)
	at org.eclipse.jdt.internal.compiler.ast.TypeReference.internalResolveType(TypeReference.java:543)
	at org.eclipse.jdt.internal.compiler.ast.ArrayQualifiedTypeReference.internalResolveType(ArrayQualifiedTypeReference.java:117)
	at org.eclipse.jdt.internal.compiler.ast.TypeReference.resolveType(TypeReference.java:639)
	at org.eclipse.jdt.internal.compiler.ast.TypeReference.resolveType(TypeReference.java:635)
	at org.eclipse.jdt.interna",2026-09-04T23:45:50
git@github.com:reactor/reactor-core.git,7221713::long method,7221713.0,long method,complexity,ck_failed,".ast.TypeReference.reportInvalidType(TypeReference.java:607)
	at org.eclipse.jdt.internal.compiler.ast.TypeReference.internalResolveType(TypeReference.java:543)
	at org.eclipse.jdt.internal.compiler.ast.ArrayQualifiedTypeReference.internalResolveType(ArrayQualifiedTypeReference.java:117)
	at org.eclipse.jdt.internal.compiler.ast.TypeReference.resolveType(TypeReference.java:639)
	at org.eclipse.jdt.internal.compiler.ast.TypeReference.resolveType(TypeReference.java:635)
	at org.eclipse.jdt.interna",2026-09-04T23:45:50
git@github.com:reactor/reactor-core.git,7222257::feature envy,7222257.0,feature envy,complexity,ck_failed,".ast.TypeReference.reportInvalidType(TypeReference.java:607)
	at org.eclipse.jdt.internal.compiler.ast.TypeReference.internalResolveType(TypeReference.java:543)
	at org.eclipse.jdt.internal.compiler.ast.ArrayQualifiedTypeReference.internalResolveType(ArrayQualifiedTypeReference.java:117)
	at org.eclipse.jdt.internal.compiler.ast.TypeReference.resolveType(TypeReference.java:639)
	at org.eclipse.jdt.internal.compiler.ast.TypeReference.resolveType(TypeReference.java:635)
	at org.eclipse.jdt.interna",2026-09-04T23:45:50
git@github.com:reactor/reactor-core.git,7222257::long method,7222257.0,long method,complexity,ck_failed,".ast.TypeReference.reportInvalidType(TypeReference.java:607)
	at org.eclipse.jdt.internal.compiler.ast.TypeReference.internalResolveType(TypeReference.java:543)
	at org.eclipse.jdt.internal.compiler.ast.ArrayQualifiedTypeReference.internalResolveType(ArrayQualifiedTypeReference.java:117)
	at org.eclipse.jdt.internal.compiler.ast.TypeReference.resolveType(TypeReference.java:639)
	at org.eclipse.jdt.internal.compiler.ast.TypeReference.resolveType(TypeReference.java:635)
	at org.eclipse.jdt.interna",2026-09-04T23:45:50
git@github.com:reactor/reactor-core.git,7225000::feature envy,7225000.0,feature envy,complexity,ck_failed,".ast.TypeReference.reportInvalidType(TypeReference.java:607)
	at org.eclipse.jdt.internal.compiler.ast.TypeReference.internalResolveType(TypeReference.java:543)
	at org.eclipse.jdt.internal.compiler.ast.ArrayQualifiedTypeReference.internalResolveType(ArrayQualifiedTypeReference.java:117)
	at org.eclipse.jdt.internal.compiler.ast.TypeReference.resolveType(TypeReference.java:639)
	at org.eclipse.jdt.internal.compiler.ast.TypeReference.resolveType(TypeReference.java:635)
	at org.eclipse.jdt.interna",2026-09-04T23:45:50
git@github.com:reactor/reactor-core.git,7225000::long method,7225000.0,long method,complexity,ck_failed,".ast.TypeReference.reportInvalidType(TypeReference.java:607)
	at org.eclipse.jdt.internal.compiler.ast.TypeReference.internalResolveType(TypeReference.java:543)
	at org.eclipse.jdt.internal.compiler.ast.ArrayQualifiedTypeReference.internalResolveType(ArrayQualifiedTypeReference.java:117)
	at org.eclipse.jdt.internal.compiler.ast.TypeReference.resolveType(TypeReference.java:639)
	at org.eclipse.jdt.internal.compiler.ast.TypeReference.resolveType(TypeReference.java:635)
	at org.eclipse.jdt.interna",2026-09-04T23:45:50
git@github.com:reactor/reactor-core.git,7227811::blob,7227811.0,blob,complexity,ck_failed,".ast.TypeReference.reportInvalidType(TypeReference.java:607)
	at org.eclipse.jdt.internal.compiler.ast.TypeReference.internalResolveType(TypeReference.java:543)
	at org.eclipse.jdt.internal.compiler.ast.ArrayQualifiedTypeReference.internalResolveType(ArrayQualifiedTypeReference.java:117)
	at org.eclipse.jdt.internal.compiler.ast.TypeReference.resolveType(TypeReference.java:639)
	at org.eclipse.jdt.internal.compiler.ast.TypeReference.resolveType(TypeReference.java:635)
	at org.eclipse.jdt.interna",2026-09-04T23:45:50
git@github.com:reactor/reactor-core.git,7227811::data class,7227811.0,data class,complexity,ck_failed,".ast.TypeReference.reportInvalidType(TypeReference.java:607)
	at org.eclipse.jdt.internal.compiler.ast.TypeReference.internalResolveType(TypeReference.java:543)
	at org.eclipse.jdt.internal.compiler.ast.ArrayQualifiedTypeReference.internalResolveType(ArrayQualifiedTypeReference.java:117)
	at org.eclipse.jdt.internal.compiler.ast.TypeReference.resolveType(TypeReference.java:639)
	at org.eclipse.jdt.internal.compiler.ast.TypeReference.resolveType(TypeReference.java:635)
	at org.eclipse.jdt.interna",2026-09-04T23:45:50
git@github.com:reactor/reactor-core.git,7228058::blob,7228058.0,blob,complexity,ck_failed,".ast.TypeReference.reportInvalidType(TypeReference.java:607)
	at org.eclipse.jdt.internal.compiler.ast.TypeReference.internalResolveType(TypeReference.java:543)
	at org.eclipse.jdt.internal.compiler.ast.ArrayQualifiedTypeReference.internalResolveType(ArrayQualifiedTypeReference.java:117)
	at org.eclipse.jdt.internal.compiler.ast.TypeReference.resolveType(TypeReference.java:639)
	at org.eclipse.jdt.internal.compiler.ast.TypeReference.resolveType(TypeReference.java:635)
	at org.eclipse.jdt.interna",2026-09-04T23:45:50
git@github.com:reactor/reactor-core.git,7228058::data class,7228058.0,data class,complexity,ck_failed,".ast.TypeReference.reportInvalidType(TypeReference.java:607)
	at org.eclipse.jdt.internal.compiler.ast.TypeReference.internalResolveType(TypeReference.java:543)
	at org.eclipse.jdt.internal.compiler.ast.ArrayQualifiedTypeReference.internalResolveType(ArrayQualifiedTypeReference.java:117)
	at org.eclipse.jdt.internal.compiler.ast.TypeReference.resolveType(TypeReference.java:639)
	at org.eclipse.jdt.internal.compiler.ast.TypeReference.resolveType(TypeReference.java:635)
	at org.eclipse.jdt.interna",2026-09-04T23:45:50
git@github.com:alibaba/ARouter.git,3699227::feature envy,3699227.0,feature envy,complexity,no_join_match,code_name='com.alibaba.android.arouter.facade.enums.#getClassName' path='/arouter-annotation/src/main/java/com/alibaba/android/arouter/facade/enums/RouteType.java',2026-09-04T22:22:06
git@github.com:alibaba/ARouter.git,3699227::long method,3699227.0,long method,complexity,no_join_match,code_name='com.alibaba.android.arouter.facade.enums.#getClassName' path='/arouter-annotation/src/main/java/com/alibaba/android/arouter/facade/enums/RouteType.java',2026-09-04T22:22:06
git@github.com:alibaba/jstorm.git,3763789::feature envy,3763789.0,feature envy,complexity,no_join_match,code_name='backtype.storm.generated.Nimbus.setHostInBlackList_args.findByThriftIdOrThrow int' path='/jstorm-core/src/main/java/backtype/storm/generated/Nimbus.java',2026-09-04T22:23:09
git@github.com:alibaba/jstorm.git,3763789::long method,3763789.0,long method,complexity,no_join_match,code_name='backtype.storm.generated.Nimbus.setHostInBlackList_args.findByThriftIdOrThrow int' path='/jstorm-core/src/main/java/backtype/storm/generated/Nimbus.java',2026-09-04T22:23:09
git@github.com:alibaba/jvm-sandbox.git,3725378::feature envy,3725378.0,feature envy,complexity,no_join_match,code_name='com.alibaba.jvm.sandbox.core.util.matcher.structure.ClassStructureImplByAsm#initialValue' path='/sandbox-core/src/main/java/com/alibaba/jvm/sandbox/core/util/matcher/structure/ClassStructureImplByAsm.java',2026-09-04T22:23:11
git@github.com:alibaba/jvm-sandbox.git,3725378::long method,3725378.0,long method,complexity,no_join_match,code_name='com.alibaba.jvm.sandbox.core.util.matcher.structure.ClassStructureImplByAsm#initialValue' path='/sandbox-core/src/main/java/com/alibaba/jvm/sandbox/core/util/matcher/structure/ClassStructureImplByAsm.java',2026-09-04T22:23:11
git@github.com:apache/accumulo.git,3831179::feature envy,3831179.0,feature envy,complexity,no_join_match,code_name='org.apache.accumulo.proxy.thrift.AccumuloProxy.createTable_args.findByThriftId int' path='/proxy/src/main/java/org/apache/accumulo/proxy/thrift/AccumuloProxy.java',2026-09-04T22:23:58
git@github.com:apache/accumulo.git,3831179::long method,3831179.0,long method,complexity,no_join_match,code_name='org.apache.accumulo.proxy.thrift.AccumuloProxy.createTable_args.findByThriftId int' path='/proxy/src/main/java/org/apache/accumulo/proxy/thrift/AccumuloProxy.java',2026-09-04T22:23:58
git@github.com:apache/accumulo.git,3913986::feature envy,3913986.0,feature envy,complexity,no_join_match,code_name='org.apache.accumulo.core.tabletserver.thrift.TabletClientService.chop_args.findByName java.lang.String' path='/core/src/main/java/org/apache/accumulo/core/tabletserver/thrift/TabletClientService.java',2026-09-04T22:23:58
git@github.com:apache/accumulo.git,3913986::long method,3913986.0,long method,complexity,no_join_match,code_name='org.apache.accumulo.core.tabletserver.thrift.TabletClientService.chop_args.findByName java.lang.String' path='/core/src/main/java/org/apache/accumulo/core/tabletserver/thrift/TabletClientService.java',2026-09-04T22:23:58
git@github.com:apache/accumulo.git,3917525::feature envy,3917525.0,feature envy,complexity,no_join_match,code_name='org.apache.accumulo.proxy.thrift.AccumuloProxy.renameNamespace_args.findByName java.lang.String' path='/proxy/src/main/java/org/apache/accumulo/proxy/thrift/AccumuloProxy.java',2026-09-04T22:23:58
git@github.com:apache/accumulo.git,3917525::long method,3917525.0,long method,complexity,no_join_match,code_name='org.apache.accumulo.proxy.thrift.AccumuloProxy.renameNamespace_args.findByName java.lang.String' path='/proxy/src/main/java/org/apache/accumulo/proxy/thrift/AccumuloProxy.java',2026-09-04T22:23:58
git@github.com:apache/airavata.git,8837684::feature envy,8837684.0,feature envy,complexity,no_join_match,code_name='org.apache.airavata.sharing.registry.service.cpi.SharingRegistryService.createUser_args.findByThriftId int' path='/modules/sharing-registry/sharing-registry-stubs/src/main/java/org/apache/airavata/sharing/registry/service/cpi/SharingRegistryService.java',2026-09-04T22:25:32
git@github.com:apache/airavata.git,8837684::long method,8837684.0,long method,complexity,no_join_match,code_name='org.apache.airavata.sharing.registry.service.cpi.SharingRegistryService.createUser_args.findByThriftId int' path='/modules/sharing-registry/sharing-registry-stubs/src/main/java/org/apache/airavata/sharing/registry/service/cpi/SharingRegistryService.java',2026-09-04T22:25:32
git@github.com:apache/airavata.git,8845205::feature envy,8845205.0,feature envy,complexity,no_join_match,code_name='org.apache.airavata.api.Airavata.getGateway_args.findByThriftIdOrThrow int' path='/airavata-api/airavata-api-stubs/src/main/java/org/apache/airavata/api/Airavata.java',2026-09-04T22:25:32
git@github.com:apache/airavata.git,8845205::long method,8845205.0,long method,complexity,no_join_match,code_name='org.apache.airavata.api.Airavata.getGateway_args.findByThriftIdOrThrow int' path='/airavata-api/airavata-api-stubs/src/main/java/org/apache/airavata/api/Airavata.java',2026-09-04T22:25:32
git@github.com:apache/apex-core.git,3893413::feature envy,3893413.0,feature envy,complexity,no_join_match,code_name='com.datatorrent.stram.plan.logical.LogicalPlanConfiguration.initialize' path='/engine/src/main/java/com/datatorrent/stram/plan/logical/LogicalPlanConfiguration.java',2026-09-04T22:26:25
git@github.com:apache/apex-core.git,3893413::long method,3893413.0,long method,complexity,no_join_match,code_name='com.datatorrent.stram.plan.logical.LogicalPlanConfiguration.initialize' path='/engine/src/main/java/com/datatorrent/stram/plan/logical/LogicalPlanConfiguration.java',2026-09-04T22:26:25
git@github.com:apache/directory-kerby.git,4301198::feature envy,4301198.0,feature envy,complexity,no_join_match,code_name='org.apache.kerby.x509.type.BasicConstraints#getValue' path='/kerby-pkix/src/main/java/org/apache/kerby/x509/type/BasicConstraints.java',2026-09-04T22:36:03
git@github.com:apache/directory-kerby.git,4301198::long method,4301198.0,long method,complexity,no_join_match,code_name='org.apache.kerby.x509.type.BasicConstraints#getValue' path='/kerby-pkix/src/main/java/org/apache/kerby/x509/type/BasicConstraints.java',2026-09-04T22:36:03
git@github.com:apache/directory-kerby.git,4301650::feature envy,4301650.0,feature envy,complexity,no_join_match,code_name='org.apache.kerby.kerberos.kerb.type.base.EncryptedData#getName' path='/kerby-kerb/kerb-core/src/main/java/org/apache/kerby/kerberos/kerb/type/base/EncryptedData.java',2026-09-04T22:36:03
git@github.com:apache/directory-kerby.git,4301650::long method,4301650.0,long method,complexity,no_join_match,code_name='org.apache.kerby.kerberos.kerb.type.base.EncryptedData#getName' path='/kerby-kerb/kerb-core/src/main/java/org/apache/kerby/kerberos/kerb/type/base/EncryptedData.java',2026-09-04T22:36:03
git@github.com:apache/drill.git,4490936::feature envy,4490936.0,feature envy,complexity,no_join_match,code_name='org.apache.drill.exec.store.parquet.columnreaders.VarLenColumnBulkInput.isPrecTypeFixed ColumnPrecisionType' path='/exec/java-exec/src/main/java/org/apache/drill/exec/store/parquet/columnreaders/VarLenColumnBulkInput.java',2026-09-04T22:37:04
git@github.com:apache/drill.git,4490936::long method,4490936.0,long method,complexity,no_join_match,code_name='org.apache.drill.exec.store.parquet.columnreaders.VarLenColumnBulkInput.isPrecTypeFixed ColumnPrecisionType' path='/exec/java-exec/src/main/java/org/apache/drill/exec/store/parquet/columnreaders/VarLenColumnBulkInput.java',2026-09-04T22:37:04
git@github.com:apache/eagle.git,4432223::feature envy,4432223.0,feature envy,complexity,no_join_match,code_name='org.apache.eagle.query.aggregate..matchAll String' path='/eagle-core/eagle-query/eagle-query-base/src/main/java/org/apache/eagle/query/aggregate/AggregateFunctionType.java',2026-09-04T22:37:17
git@github.com:apache/eagle.git,4432223::long method,4432223.0,long method,complexity,no_join_match,code_name='org.apache.eagle.query.aggregate..matchAll String' path='/eagle-core/eagle-query/eagle-query-base/src/main/java/org/apache/eagle/query/aggregate/AggregateFunctionType.java',2026-09-04T22:37:17
git@github.com:apache/flume.git,4496686::feature envy,4496686.0,feature envy,complexity,no_join_match,code_name='org.apache.flume.conf.sink.SinkProcessorConfiguration#getConfiguration String' path='/flume-ng-configuration/src/main/java/org/apache/flume/conf/sink/SinkProcessorConfiguration.java',2026-09-04T22:39:03
git@github.com:apache/flume.git,4496686::long method,4496686.0,long method,complexity,no_join_match,code_name='org.apache.flume.conf.sink.SinkProcessorConfiguration#getConfiguration String' path='/flume-ng-configuration/src/main/java/org/apache/flume/conf/sink/SinkProcessorConfiguration.java',2026-09-04T22:39:03
git@github.com:apache/hbase.git,8602498::feature envy,8602498.0,feature envy,complexity,no_join_match,code_name='org.apache.hadoop.hbase.io.encoding.#getEncoder' path='/hbase-common/src/main/java/org/apache/hadoop/hbase/io/encoding/DataBlockEncoding.java',2026-09-04T22:43:57
git@github.com:apache/hbase.git,8602498::long method,8602498.0,long method,complexity,no_join_match,code_name='org.apache.hadoop.hbase.io.encoding.#getEncoder' path='/hbase-common/src/main/java/org/apache/hadoop/hbase/io/encoding/DataBlockEncoding.java',2026-09-04T22:43:57
git@github.com:apache/hive.git,8901898::feature envy,8901898.0,feature envy,complexity,no_join_match,code_name='org.apache.hadoop.hive.llap.io.encoded.OrcEncodedDataReader#createEncodedColumnBatchPool' path='/llap-server/src/java/org/apache/hadoop/hive/llap/io/encoded/OrcEncodedDataReader.java',2026-09-04T22:45:17
git@github.com:apache/hive.git,8901898::long method,8901898.0,long method,complexity,no_join_match,code_name='org.apache.hadoop.hive.llap.io.encoded.OrcEncodedDataReader#createEncodedColumnBatchPool' path='/llap-server/src/java/org/apache/hadoop/hive/llap/io/encoded/OrcEncodedDataReader.java',2026-09-04T22:45:17
git@github.com:apache/hive.git,8902566::feature envy,8902566.0,feature envy,complexity,no_join_match,code_name='org.apache.hadoop.hive.metastore.api.ThriftHiveMetastore.append_partition_with_environment_context_result#getThriftFieldId' path='/standalone-metastore/metastore-common/src/gen/thrift/gen-javabean/org/apache/hadoop/hive/metastore/api/ThriftHiveMetastore.java',2026-09-04T22:45:17
git@github.com:apache/hive.git,8902566::long method,8902566.0,long method,complexity,no_join_match,code_name='org.apache.hadoop.hive.metastore.api.ThriftHiveMetastore.append_partition_with_environment_context_result#getThriftFieldId' path='/standalone-metastore/metastore-common/src/gen/thrift/gen-javabean/org/apache/hadoop/hive/metastore/api/ThriftHiveMetastore.java',2026-09-04T22:45:17
git@github.com:apache/hive.git,8904717::feature envy,8904717.0,feature envy,complexity,no_join_match,code_name='org.apache.hadoop.hive.metastore.api.AbortTxnsRequest._Fields short|String' path='/standalone-metastore/metastore-common/src/gen/thrift/gen-javabean/org/apache/hadoop/hive/metastore/api/AbortTxnsRequest.java',2026-09-04T22:45:17
git@github.com:apache/hive.git,8904717::long method,8904717.0,long method,complexity,no_join_match,code_name='org.apache.hadoop.hive.metastore.api.AbortTxnsRequest._Fields short|String' path='/standalone-metastore/metastore-common/src/gen/thrift/gen-javabean/org/apache/hadoop/hive/metastore/api/AbortTxnsRequest.java',2026-09-04T22:45:17
git@github.com:apache/hive.git,8908782::feature envy,8908782.0,feature envy,complexity,no_join_match,code_name='org.apache.hadoop.hive.metastore.api.WMDropResourcePlanRequest.findByThriftIdOrThrow int' path='/standalone-metastore/metastore-common/src/gen/thrift/gen-javabean/org/apache/hadoop/hive/metastore/api/WMDropResourcePlanRequest.java',2026-09-04T22:45:17
git@github.com:apache/hive.git,8908782::long method,8908782.0,long method,complexity,no_join_match,code_name='org.apache.hadoop.hive.metastore.api.WMDropResourcePlanRequest.findByThriftIdOrThrow int' path='/standalone-metastore/metastore-common/src/gen/thrift/gen-javabean/org/apache/hadoop/hive/metastore/api/WMDropResourcePlanRequest.java',2026-09-04T22:45:17
git@github.com:apache/hive.git,8937384::feature envy,8937384.0,feature envy,complexity,no_join_match,code_name='org.apache.hive.service.rpc.thrift.TCloseOperationResp#getFieldName' path='/service-rpc/src/gen/thrift/gen-javabean/org/apache/hive/service/rpc/thrift/TCloseOperationResp.java',2026-09-04T22:45:18
git@github.com:apache/hive.git,8937384::long method,8937384.0,long method,complexity,no_join_match,code_name='org.apache.hive.service.rpc.thrift.TCloseOperationResp#getFieldName' path='/service-rpc/src/gen/thrift/gen-javabean/org/apache/hive/service/rpc/thrift/TCloseOperationResp.java',2026-09-04T22:45:18
git@github.com:apache/hive.git,8948928::feature envy,8948928.0,feature envy,complexity,no_join_match,code_name='org.apache.hadoop.hive.metastore.api.WriteNotificationLogRequest.findByThriftId int' path='/standalone-metastore/metastore-common/src/gen/thrift/gen-javabean/org/apache/hadoop/hive/metastore/api/WriteNotificationLogRequest.java',2026-09-04T22:45:18
git@github.com:apache/hive.git,8948928::long method,8948928.0,long method,complexity,no_join_match,code_name='org.apache.hadoop.hive.metastore.api.WriteNotificationLogRequest.findByThriftId int' path='/standalone-metastore/metastore-common/src/gen/thrift/gen-javabean/org/apache/hadoop/hive/metastore/api/WriteNotificationLogRequest.java',2026-09-04T22:45:18
git@github.com:apache/ignite.git,8604234::blob,8604234.0,blob,complexity,no_join_match,code_name='org.apache.ignite.internal.T3' path='/modules/core/src/main/java/org/apache/ignite/internal/GridTopic.java',2026-09-04T22:47:13
git@github.com:apache/ignite.git,8604234::data class,8604234.0,data class,complexity,no_join_match,code_name='org.apache.ignite.internal.T3' path='/modules/core/src/main/java/org/apache/ignite/internal/GridTopic.java',2026-09-04T22:47:13
git@github.com:apache/incubator-brooklyn.git,7748135::feature envy,7748135.0,feature envy,complexity,no_join_match,code_name='org.apache.brooklyn.entity.nosql.cassandra.CassandraFabricImpl#containsDownEntity Set<Entity>' path='/brooklyn-library/software/nosql/src/main/java/org/apache/brooklyn/entity/nosql/cassandra/CassandraFabricImpl.java',2026-09-04T22:48:03
git@github.com:apache/incubator-brooklyn.git,7748135::long method,7748135.0,long method,complexity,no_join_match,code_name='org.apache.brooklyn.entity.nosql.cassandra.CassandraFabricImpl#containsDownEntity Set<Entity>' path='/brooklyn-library/software/nosql/src/main/java/org/apache/brooklyn/entity/nosql/cassandra/CassandraFabricImpl.java',2026-09-04T22:48:03
git@github.com:apache/incubator-skywalking.git,4809381::feature envy,4809381.0,feature envy,complexity,no_join_match,code_name='org.apache.skywalking.oap.server.core.storage.#extractDataAndSave IBatchDAO' path='/oap-server/server-core/src/main/java/org/apache/skywalking/oap/server/core/storage/PersistenceTimer.java',2026-09-04T22:50:52
git@github.com:apache/incubator-skywalking.git,4809381::long method,4809381.0,long method,complexity,no_join_match,code_name='org.apache.skywalking.oap.server.core.storage.#extractDataAndSave IBatchDAO' path='/oap-server/server-core/src/main/java/org/apache/skywalking/oap/server/core/storage/PersistenceTimer.java',2026-09-04T22:50:52
git@github.com:apache/isis.git,4843205::feature envy,4843205.0,feature envy,complexity,no_join_match,code_name='org.apache.isis.core.metamodel.services.grid.fixedcols.applib.#from MemberGroupLayout.ColumnSpans' path='/core/metamodel/src/main/java/org/apache/isis/core/metamodel/services/grid/fixedcols/applib/Hint.java',2026-09-04T22:51:38
git@github.com:apache/isis.git,4843205::long method,4843205.0,long method,complexity,no_join_match,code_name='org.apache.isis.core.metamodel.services.grid.fixedcols.applib.#from MemberGroupLayout.ColumnSpans' path='/core/metamodel/src/main/java/org/apache/isis/core/metamodel/services/grid/fixedcols/applib/Hint.java',2026-09-04T22:51:38
git@github.com:apache/royale-compiler.git,5627395::feature envy,5627395.0,feature envy,complexity,no_join_match,code_name='org.apache.royale.compiler.internal.as.codegen.ControlFlowContextManager#innerToOuter' path='/compiler/src/main/java/org/apache/royale/compiler/internal/as/codegen/ControlFlowContextManager.java',2026-09-04T23:08:29
git@github.com:apache/royale-compiler.git,5627395::long method,5627395.0,long method,complexity,no_join_match,code_name='org.apache.royale.compiler.internal.as.codegen.ControlFlowContextManager#innerToOuter' path='/compiler/src/main/java/org/apache/royale/compiler/internal/as/codegen/ControlFlowContextManager.java',2026-09-04T23:08:29
git@github.com:apache/storm.git,5747163::feature envy,5747163.0,feature envy,complexity,no_join_match,code_name='org.apache.storm.generated.PrivateWorkerKey.findByThriftId int' path='/storm-client/src/jvm/org/apache/storm/generated/PrivateWorkerKey.java',2026-09-04T23:10:37
git@github.com:apache/storm.git,5747163::long method,5747163.0,long method,complexity,no_join_match,code_name='org.apache.storm.generated.PrivateWorkerKey.findByThriftId int' path='/storm-client/src/jvm/org/apache/storm/generated/PrivateWorkerKey.java',2026-09-04T23:10:37
git@github.com:apache/tomee.git,5937629::blob,5937629.0,blob,complexity,no_join_match,code_name='org.apache.openejb.jee.InitMethod$JAXB' path='/container/openejb-jee-accessors/src/main/java/org/apache/openejb/jee/InitMethod$JAXB.java',2026-09-04T23:13:54
git@github.com:apache/tomee.git,5937629::data class,5937629.0,data class,complexity,no_join_match,code_name='org.apache.openejb.jee.InitMethod$JAXB' path='/container/openejb-jee-accessors/src/main/java/org/apache/openejb/jee/InitMethod$JAXB.java',2026-09-04T23:13:54
git@github.com:cloudfoundry/cf-java-client.git,6016685::feature envy,6016685.0,feature envy,complexity,no_join_match,code_name='org.cloudfoundry.uaa.identityproviders..from String' path='/cloudfoundry-client/src/main/java/org/cloudfoundry/uaa/identityproviders/TlsConfiguration.java',2026-09-04T23:17:31
git@github.com:cloudfoundry/cf-java-client.git,6016685::long method,6016685.0,long method,complexity,no_join_match,code_name='org.cloudfoundry.uaa.identityproviders..from String' path='/cloudfoundry-client/src/main/java/org/cloudfoundry/uaa/identityproviders/TlsConfiguration.java',2026-09-04T23:17:31
git@github.com:cloudfoundry/cf-java-client.git,6016779::feature envy,6016779.0,feature envy,complexity,no_join_match,code_name='org.cloudfoundry.client.v3.packages..PackageState String' path='/cloudfoundry-client/src/main/java/org/cloudfoundry/client/v3/packages/PackageState.java',2026-09-04T23:17:31
git@github.com:cloudfoundry/cf-java-client.git,6016779::long method,6016779.0,long method,complexity,no_join_match,code_name='org.cloudfoundry.client.v3.packages..PackageState String' path='/cloudfoundry-client/src/main/java/org/cloudfoundry/client/v3/packages/PackageState.java',2026-09-04T23:17:31
git@github.com:eclipse/che.git,6209901::feature envy,6209901.0,feature envy,complexity,no_join_match,code_name='org.eclipse.che.ide.ui.tree.Tree#onNodeSelected TreeNodeElement<D>|SignalEvent' path='/ide/commons-gwt/src/main/java/org/eclipse/che/ide/ui/tree/Tree.java',2026-09-04T23:20:29
git@github.com:eclipse/che.git,6209901::long method,6209901.0,long method,complexity,no_join_match,code_name='org.eclipse.che.ide.ui.tree.Tree#onNodeSelected TreeNodeElement<D>|SignalEvent' path='/ide/commons-gwt/src/main/java/org/eclipse/che/ide/ui/tree/Tree.java',2026-09-04T23:20:29
git@github.com:eclipse/elk.git,6243619::feature envy,6243619.0,feature envy,complexity,no_join_match,code_name='org.eclipse.elk.alg.radial.options.#create' path='/plugins/org.eclipse.elk.alg.radial/src/org/eclipse/elk/alg/radial/options/AnnulusWedgeCriteria.java',2026-09-04T23:21:50
git@github.com:eclipse/elk.git,6243619::long method,6243619.0,long method,complexity,no_join_match,code_name='org.eclipse.elk.alg.radial.options.#create' path='/plugins/org.eclipse.elk.alg.radial/src/org/eclipse/elk/alg/radial/options/AnnulusWedgeCriteria.java',2026-09-04T23:21:50
git@github.com:eclipse/hawkbit.git,6257330::feature envy,6257330.0,feature envy,complexity,no_join_match,code_name='org.eclipse.hawkbit.repository.#convertValue ActionFields|String' path='/hawkbit-core/src/main/java/org/eclipse/hawkbit/repository/ActionFields.java',2026-09-04T23:23:17
git@github.com:eclipse/hawkbit.git,6257330::long method,6257330.0,long method,complexity,no_join_match,code_name='org.eclipse.hawkbit.repository.#convertValue ActionFields|String' path='/hawkbit-core/src/main/java/org/eclipse/hawkbit/repository/ActionFields.java',2026-09-04T23:23:17
git@github.com:eclipse/org.aspectj.git,8331771::feature envy,8331771.0,feature envy,complexity,no_join_match,code_name='D.m' path='/tests/bugs1611/pr336880/Second.java',2026-09-04T23:27:30
git@github.com:eclipse/org.aspectj.git,8331771::long method,8331771.0,long method,complexity,no_join_match,code_name='D.m' path='/tests/bugs1611/pr336880/Second.java',2026-09-04T23:27:30
git@github.com:eclipse/xtext-core.git,8142013::feature envy,8142013.0,feature envy,complexity,no_join_match,code_name='org.eclipse.xtext.testlanguages.fowlerdsl.util.FowlerdslAdapterFactory#defaultCase EObject' path='/org.eclipse.xtext.tests/src-gen/org/eclipse/xtext/testlanguages/fowlerdsl/util/FowlerdslAdapterFactory.java',2026-09-04T23:30:12
git@github.com:eclipse/xtext-core.git,8142013::long method,8142013.0,long method,complexity,no_join_match,code_name='org.eclipse.xtext.testlanguages.fowlerdsl.util.FowlerdslAdapterFactory#defaultCase EObject' path='/org.eclipse.xtext.tests/src-gen/org/eclipse/xtext/testlanguages/fowlerdsl/util/FowlerdslAdapterFactory.java',2026-09-04T23:30:12
git@github.com:facebook/buck.git,7902148::feature envy,7902148.0,feature envy,complexity,no_join_match,code_name='Blort#test5' path='/third-party/java/dx/tests/065-dex-new-array/Blort.java',2026-09-04T23:35:31
git@github.com:facebook/buck.git,7902148::long method,7902148.0,long method,complexity,no_join_match,code_name='Blort#test5' path='/third-party/java/dx/tests/065-dex-new-array/Blort.java',2026-09-04T23:35:31
git@github.com:facebook/buck.git,7906258::feature envy,7906258.0,feature envy,complexity,no_join_match,code_name='com.facebook.buck.distributed.thrift.SetCoordinatorResponse.findByThriftIdOrThrow int' path='/src-gen/com/facebook/buck/distributed/thrift/SetCoordinatorResponse.java',2026-09-04T23:35:31
git@github.com:facebook/buck.git,7906258::long method,7906258.0,long method,complexity,no_join_match,code_name='com.facebook.buck.distributed.thrift.SetCoordinatorResponse.findByThriftIdOrThrow int' path='/src-gen/com/facebook/buck/distributed/thrift/SetCoordinatorResponse.java',2026-09-04T23:35:31
git@github.com:google/guava.git,6964408::feature envy,6964408.0,feature envy,complexity,no_join_match,code_name='com.google.common.collect.Synchronized.SynchronizedCollection#forEach Consumer<? super E>' path='/guava/src/com/google/common/collect/Synchronized.java',2026-09-04T23:40:27
git@github.com:google/guava.git,6964408::long method,6964408.0,long method,complexity,no_join_match,code_name='com.google.common.collect.Synchronized.SynchronizedCollection#forEach Consumer<? super E>' path='/guava/src/com/google/common/collect/Synchronized.java',2026-09-04T23:40:27
git@github.com:google/guava.git,6989848::feature envy,6989848.0,feature envy,complexity,no_join_match,"code_name='com.google.common.collect.ImmutableSetMultimap.toImmutableSetMultimap Function<? super T, ? extends K>|Function<? super T, ? extends V>' path='/guava/src/com/google/common/collect/ImmutableSetMultimap.java'",2026-09-04T23:40:27
git@github.com:google/guava.git,6989848::long method,6989848.0,long method,complexity,no_join_match,"code_name='com.google.common.collect.ImmutableSetMultimap.toImmutableSetMultimap Function<? super T, ? extends K>|Function<? super T, ? extends V>' path='/guava/src/com/google/common/collect/ImmutableSetMultimap.java'",2026-09-04T23:40:27
git@github.com:oracle/oci-java-sdk.git,7196784::feature envy,7196784.0,feature envy,complexity,no_join_match,code_name='com.oracle.bmc.database.model.AutonomousDatabase#getValue' path='/bmc-database/src/main/java/com/oracle/bmc/database/model/AutonomousDatabase.java',2026-09-04T23:44:23
git@github.com:oracle/oci-java-sdk.git,7196784::long method,7196784.0,long method,complexity,no_join_match,code_name='com.oracle.bmc.database.model.AutonomousDatabase#getValue' path='/bmc-database/src/main/java/com/oracle/bmc/database/model/AutonomousDatabase.java',2026-09-04T23:44:23
git@github.com:oracle/oci-java-sdk.git,7207168::feature envy,7207168.0,feature envy,complexity,no_join_match,code_name='com.oracle.bmc.waas.model.AccessRuleCriteria#getValue' path='/bmc-waas/src/main/java/com/oracle/bmc/waas/model/AccessRuleCriteria.java',2026-09-04T23:44:23
git@github.com:oracle/oci-java-sdk.git,7207168::long method,7207168.0,long method,complexity,no_join_match,code_name='com.oracle.bmc.waas.model.AccessRuleCriteria#getValue' path='/bmc-waas/src/main/java/com/oracle/bmc/waas/model/AccessRuleCriteria.java',2026-09-04T23:44:23
git@github.com:spring-projects/grails-ide.git,7294676::feature envy,7294676.0,feature envy,complexity,no_join_match,code_name='org.grails.ide.eclipse.explorer.preferences.GrailsExplorerPreferencesPage#getText Object' path='/org.grails.ide.eclipse.explorer/src/org/grails/ide/eclipse/explorer/preferences/GrailsExplorerPreferencesPage.java',2026-09-04T23:46:40
git@github.com:spring-projects/grails-ide.git,7294676::long method,7294676.0,long method,complexity,no_join_match,code_name='org.grails.ide.eclipse.explorer.preferences.GrailsExplorerPreferencesPage#getText Object' path='/org.grails.ide.eclipse.explorer/src/org/grails/ide/eclipse/explorer/preferences/GrailsExplorerPreferencesPage.java',2026-09-04T23:46:40
git@github.com:spring-projects/spring-data-gemfire.git,7416545::feature envy,7416545.0,feature envy,complexity,no_join_match,code_name='org.springframework.data.gemfire.eviction..valueOfIgnoreCase String' path='/src/main/java/org/springframework/data/gemfire/eviction/EvictionActionType.java',2026-09-04T23:48:13
git@github.com:spring-projects/spring-data-gemfire.git,7416545::long method,7416545.0,long method,complexity,no_join_match,code_name='org.springframework.data.gemfire.eviction..valueOfIgnoreCase String' path='/src/main/java/org/springframework/data/gemfire/eviction/EvictionActionType.java',2026-09-04T23:48:13
git@github.com:spring-projects/spring-data-geode.git,7420655::feature envy,7420655.0,feature envy,complexity,no_join_match,code_name='org.springframework.data.gemfire.#isPartition' path='/src/main/java/org/springframework/data/gemfire/RegionShortcutWrapper.java',2026-09-04T23:48:22
git@github.com:spring-projects/spring-data-geode.git,7420655::long method,7420655.0,long method,complexity,no_join_match,code_name='org.springframework.data.gemfire.#isPartition' path='/src/main/java/org/springframework/data/gemfire/RegionShortcutWrapper.java',2026-09-04T23:48:22
git@github.com:apache/axis1-java.git,8151887::blob,8151887.0,blob,complexity,repo_not_cloned,/Users/praffulg/Downloads/Neelam paper/cache/repos/apache__axis1-java,2026-09-04T22:28:22
git@github.com:apache/axis1-java.git,8151887::data class,8151887.0,data class,complexity,repo_not_cloned,/Users/praffulg/Downloads/Neelam paper/cache/repos/apache__axis1-java,2026-09-04T22:28:22
git@github.com:apache/axis1-java.git,8152579::feature envy,8152579.0,feature envy,complexity,repo_not_cloned,/Users/praffulg/Downloads/Neelam paper/cache/repos/apache__axis1-java,2026-09-04T22:28:22
git@github.com:apache/axis1-java.git,8152579::long method,8152579.0,long method,complexity,repo_not_cloned,/Users/praffulg/Downloads/Neelam paper/cache/repos/apache__axis1-java,2026-09-04T22:28:22
git@github.com:apache/axis1-java.git,8152732::blob,8152732.0,blob,complexity,repo_not_cloned,/Users/praffulg/Downloads/Neelam paper/cache/repos/apache__axis1-java,2026-09-04T22:28:22
git@github.com:apache/axis1-java.git,8152732::data class,8152732.0,data class,complexity,repo_not_cloned,/Users/praffulg/Downloads/Neelam paper/cache/repos/apache__axis1-java,2026-09-04T22:28:22
git@github.com:apache/axis1-java.git,8154467::blob,8154467.0,blob,complexity,repo_not_cloned,/Users/praffulg/Downloads/Neelam paper/cache/repos/apache__axis1-java,2026-09-04T22:28:22
git@github.com:apache/axis1-java.git,8154467::data class,8154467.0,data class,complexity,repo_not_cloned,/Users/praffulg/Downloads/Neelam paper/cache/repos/apache__axis1-java,2026-09-04T22:28:22
git@github.com:apache/axis1-java.git,8154696::feature envy,8154696.0,feature envy,complexity,repo_not_cloned,/Users/praffulg/Downloads/Neelam paper/cache/repos/apache__axis1-java,2026-09-04T22:28:22
git@github.com:apache/axis1-java.git,8154696::long method,8154696.0,long method,complexity,repo_not_cloned,/Users/praffulg/Downloads/Neelam paper/cache/repos/apache__axis1-java,2026-09-04T22:28:22
git@github.com:apache/axis1-java.git,8155488::blob,8155488.0,blob,complexity,repo_not_cloned,/Users/praffulg/Downloads/Neelam paper/cache/repos/apache__axis1-java,2026-09-04T22:28:22
git@github.com:apache/axis1-java.git,8155488::data class,8155488.0,data class,complexity,repo_not_cloned,/Users/praffulg/Downloads/Neelam paper/cache/repos/apache__axis1-java,2026-09-04T22:28:22
git@github.com:apache/axis1-java.git,8155972::feature envy,8155972.0,feature envy,complexity,repo_not_cloned,/Users/praffulg/Downloads/Neelam paper/cache/repos/apache__axis1-java,2026-09-04T22:28:22
git@github.com:apache/axis1-java.git,8155972::long method,8155972.0,long method,complexity,repo_not_cloned,/Users/praffulg/Downloads/Neelam paper/cache/repos/apache__axis1-java,2026-09-04T22:28:22
git@github.com:apache/axis1-java.git,8156464::blob,8156464.0,blob,complexity,repo_not_cloned,/Users/praffulg/Downloads/Neelam paper/cache/repos/apache__axis1-java,2026-09-04T22:28:22
git@github.com:apache/axis1-java.git,8156464::data class,8156464.0,data class,complexity,repo_not_cloned,/Users/praffulg/Downloads/Neelam paper/cache/repos/apache__axis1-java,2026-09-04T22:28:22
git@github.com:apache/axis1-java.git,8158039::feature envy,8158039.0,feature envy,complexity,repo_not_cloned,/Users/praffulg/Downloads/Neelam paper/cache/repos/apache__axis1-java,2026-09-04T22:28:22
git@github.com:apache/axis1-java.git,8158039::long method,8158039.0,long method,complexity,repo_not_cloned,/Users/praffulg/Downloads/Neelam paper/cache/repos/apache__axis1-java,2026-09-04T22:28:22
git@github.com:apache/axis1-java.git,8158565::feature envy,8158565.0,feature envy,complexity,repo_not_cloned,/Users/praffulg/Downloads/Neelam paper/cache/repos/apache__axis1-java,2026-09-04T22:28:22
git@github.com:apache/axis1-java.git,8158565::long method,8158565.0,long method,complexity,repo_not_cloned,/Users/praffulg/Downloads/Neelam paper/cache/repos/apache__axis1-java,2026-09-04T22:28:22
git@github.com:apache/axis2-java.git,3996032::blob,3996032.0,blob,complexity,repo_not_cloned,/Users/praffulg/Downloads/Neelam paper/cache/repos/apache__axis2-java,2026-09-04T22:28:22
git@github.com:apache/axis2-java.git,3996032::data class,3996032.0,data class,complexity,repo_not_cloned,/Users/praffulg/Downloads/Neelam paper/cache/repos/apache__axis2-java,2026-09-04T22:28:22
git@github.com:apache/axis2-java.git,3999557::blob,3999557.0,blob,complexity,repo_not_cloned,/Users/praffulg/Downloads/Neelam paper/cache/repos/apache__axis2-java,2026-09-04T22:28:22
git@github.com:apache/axis2-java.git,3999557::data class,3999557.0,data class,complexity,repo_not_cloned,/Users/praffulg/Downloads/Neelam paper/cache/repos/apache__axis2-java,2026-09-04T22:28:22
git@github.com:apache/axis2-java.git,4000540::blob,4000540.0,blob,complexity,repo_not_cloned,/Users/praffulg/Downloads/Neelam paper/cache/repos/apache__axis2-java,2026-09-04T22:28:22
git@github.com:apache/axis2-java.git,4000540::data class,4000540.0,data class,complexity,repo_not_cloned,/Users/praffulg/Downloads/Neelam paper/cache/repos/apache__axis2-java,2026-09-04T22:28:22
git@github.com:apache/axis2-java.git,4002575::blob,4002575.0,blob,complexity,repo_not_cloned,/Users/praffulg/Downloads/Neelam paper/cache/repos/apache__axis2-java,2026-09-04T22:28:22
git@github.com:apache/axis2-java.git,4002575::data class,4002575.0,data class,complexity,repo_not_cloned,/Users/praffulg/Downloads/Neelam paper/cache/repos/apache__axis2-java,2026-09-04T22:28:22
git@github.com:apache/axis2-java.git,4002578::feature envy,4002578.0,feature envy,complexity,repo_not_cloned,/Users/praffulg/Downloads/Neelam paper/cache/repos/apache__axis2-java,2026-09-04T22:28:22
git@github.com:apache/axis2-java.git,4002578::long method,4002578.0,long method,complexity,repo_not_cloned,/Users/praffulg/Downloads/Neelam paper/cache/repos/apache__axis2-java,2026-09-04T22:28:22
git@github.com:apache/axis2-java.git,4002584::blob,4002584.0,blob,complexity,repo_not_cloned,/Users/praffulg/Downloads/Neelam paper/cache/repos/apache__axis2-java,2026-09-04T22:28:22
git@github.com:apache/axis2-java.git,4002584::data class,4002584.0,data class,complexity,repo_not_cloned,/Users/praffulg/Downloads/Neelam paper/cache/repos/apache__axis2-java,2026-09-04T22:28:22
git@github.com:apache/axis2-java.git,4002865::blob,4002865.0,blob,complexity,repo_not_cloned,/Users/praffulg/Downloads/Neelam paper/cache/repos/apache__axis2-java,2026-09-04T22:28:22
git@github.com:apache/axis2-java.git,4002865::data class,4002865.0,data class,complexity,repo_not_cloned,/Users/praffulg/Downloads/Neelam paper/cache/repos/apache__axis2-java,2026-09-04T22:28:22
git@github.com:apache/axis2-java.git,4003132::feature envy,4003132.0,feature envy,complexity,repo_not_cloned,/Users/praffulg/Downloads/Neelam paper/cache/repos/apache__axis2-java,2026-09-04T22:28:22
git@github.com:apache/axis2-java.git,4003132::long method,4003132.0,long method,complexity,repo_not_cloned,/Users/praffulg/Downloads/Neelam paper/cache/repos/apache__axis2-java,2026-09-04T22:28:22
git@github.com:apache/axis2-java.git,4003482::feature envy,4003482.0,feature envy,complexity,repo_not_cloned,/Users/praffulg/Downloads/Neelam paper/cache/repos/apache__axis2-java,2026-09-04T22:28:22
git@github.com:apache/axis2-java.git,4003482::long method,4003482.0,long method,complexity,repo_not_cloned,/Users/praffulg/Downloads/Neelam paper/cache/repos/apache__axis2-java,2026-09-04T22:28:22
git@github.com:apache/axis2-java.git,4003492::blob,4003492.0,blob,complexity,repo_not_cloned,/Users/praffulg/Downloads/Neelam paper/cache/repos/apache__axis2-java,2026-09-04T22:28:22
git@github.com:apache/axis2-java.git,4003492::data class,4003492.0,data class,complexity,repo_not_cloned,/Users/praffulg/Downloads/Neelam paper/cache/repos/apache__axis2-java,2026-09-04T22:28:22
git@github.com:apache/axis2-java.git,4006002::feature envy,4006002.0,feature envy,complexity,repo_not_cloned,/Users/praffulg/Downloads/Neelam paper/cache/repos/apache__axis2-java,2026-09-04T22:28:22
git@github.com:apache/axis2-java.git,4006002::long method,4006002.0,long method,complexity,repo_not_cloned,/Users/praffulg/Downloads/Neelam paper/cache/repos/apache__axis2-java,2026-09-04T22:28:22
git@github.com:apache/axis2-java.git,4009754::feature envy,4009754.0,feature envy,complexity,repo_not_cloned,/Users/praffulg/Downloads/Neelam paper/cache/repos/apache__axis2-java,2026-09-04T22:28:22
git@github.com:apache/axis2-java.git,4009754::long method,4009754.0,long method,complexity,repo_not_cloned,/Users/praffulg/Downloads/Neelam paper/cache/repos/apache__axis2-java,2026-09-04T22:28:22
git@github.com:apache/axis2-java.git,4012308::blob,4012308.0,blob,complexity,repo_not_cloned,/Users/praffulg/Downloads/Neelam paper/cache/repos/apache__axis2-java,2026-09-04T22:28:22
git@github.com:apache/axis2-java.git,4012308::data class,4012308.0,data class,complexity,repo_not_cloned,/Users/praffulg/Downloads/Neelam paper/cache/repos/apache__axis2-java,2026-09-04T22:28:22
git@github.com:apache/axis2-java.git,4016005::blob,4016005.0,blob,complexity,repo_not_cloned,/Users/praffulg/Downloads/Neelam paper/cache/repos/apache__axis2-java,2026-09-04T22:28:22
git@github.com:apache/axis2-java.git,4016005::data class,4016005.0,data class,complexity,repo_not_cloned,/Users/praffulg/Downloads/Neelam paper/cache/repos/apache__axis2-java,2026-09-04T22:28:22
git@github.com:apache/axis2-java.git,4022541::feature envy,4022541.0,feature envy,complexity,repo_not_cloned,/Users/praffulg/Downloads/Neelam paper/cache/repos/apache__axis2-java,2026-09-04T22:28:22
git@github.com:apache/axis2-java.git,4022541::long method,4022541.0,long method,complexity,repo_not_cloned,/Users/praffulg/Downloads/Neelam paper/cache/repos/apache__axis2-java,2026-09-04T22:28:22
git@github.com:apache/axis2-java.git,4023677::feature envy,4023677.0,feature envy,complexity,repo_not_cloned,/Users/praffulg/Downloads/Neelam paper/cache/repos/apache__axis2-java,2026-09-04T22:28:22
git@github.com:apache/axis2-java.git,4023677::long method,4023677.0,long method,complexity,repo_not_cloned,/Users/praffulg/Downloads/Neelam paper/cache/repos/apache__axis2-java,2026-09-04T22:28:22
git@github.com:apache/axis2-java.git,4023846::feature envy,4023846.0,feature envy,complexity,repo_not_cloned,/Users/praffulg/Downloads/Neelam paper/cache/repos/apache__axis2-java,2026-09-04T22:28:22
git@github.com:apache/axis2-java.git,4023846::long method,4023846.0,long method,complexity,repo_not_cloned,/Users/praffulg/Downloads/Neelam paper/cache/repos/apache__axis2-java,2026-09-04T22:28:22
git@github.com:apache/webservices-xmlschema.git,5894781::blob,5894781.0,blob,complexity,repo_not_cloned,/Users/praffulg/Downloads/Neelam paper/cache/repos/apache__webservices-xmlschema,2026-09-04T23:14:45
git@github.com:apache/webservices-xmlschema.git,5894781::data class,5894781.0,data class,complexity,repo_not_cloned,/Users/praffulg/Downloads/Neelam paper/cache/repos/apache__webservices-xmlschema,2026-09-04T23:14:45
git@github.com:apache/webservices-xmlschema.git,5894798::feature envy,5894798.0,feature envy,complexity,repo_not_cloned,/Users/praffulg/Downloads/Neelam paper/cache/repos/apache__webservices-xmlschema,2026-09-04T23:14:45
git@github.com:apache/webservices-xmlschema.git,5894798::long method,5894798.0,long method,complexity,repo_not_cloned,/Users/praffulg/Downloads/Neelam paper/cache/repos/apache__webservices-xmlschema,2026-09-04T23:14:45
git@github.com:apache/wss4j.git,6002683::blob,6002683.0,blob,complexity,repo_not_cloned,/Users/praffulg/Downloads/Neelam paper/cache/repos/apache__wss4j,2026-09-04T23:15:05
git@github.com:apache/wss4j.git,6002683::data class,6002683.0,data class,complexity,repo_not_cloned,/Users/praffulg/Downloads/Neelam paper/cache/repos/apache__wss4j,2026-09-04T23:15:05
git@github.com:apache/wss4j.git,6005367::feature envy,6005367.0,feature envy,complexity,repo_not_cloned,/Users/praffulg/Downloads/Neelam paper/cache/repos/apache__wss4j,2026-09-04T23:15:05
git@github.com:apache/wss4j.git,6005367::long method,6005367.0,long method,complexity,repo_not_cloned,/Users/praffulg/Downloads/Neelam paper/cache/repos/apache__wss4j,2026-09-04T23:15:05
git@github.com:apache/wss4j.git,6005399::blob,6005399.0,blob,complexity,repo_not_cloned,/Users/praffulg/Downloads/Neelam paper/cache/repos/apache__wss4j,2026-09-04T23:15:05
git@github.com:apache/wss4j.git,6005399::data class,6005399.0,data class,complexity,repo_not_cloned,/Users/praffulg/Downloads/Neelam paper/cache/repos/apache__wss4j,2026-09-04T23:15:05
git@github.com:eclipse/acceleo.git,8298339::feature envy,8298339.0,feature envy,complexity,repo_not_cloned,/Users/praffulg/Downloads/Neelam paper/cache/repos/eclipse__acceleo,2026-09-04T23:17:47
git@github.com:eclipse/acceleo.git,8298339::long method,8298339.0,long method,complexity,repo_not_cloned,/Users/praffulg/Downloads/Neelam paper/cache/repos/eclipse__acceleo,2026-09-04T23:17:47
git@github.com:eclipse/acceleo.git,8298934::feature envy,8298934.0,feature envy,complexity,repo_not_cloned,/Users/praffulg/Downloads/Neelam paper/cache/repos/eclipse__acceleo,2026-09-04T23:17:47
git@github.com:eclipse/acceleo.git,8298934::long method,8298934.0,long method,complexity,repo_not_cloned,/Users/praffulg/Downloads/Neelam paper/cache/repos/eclipse__acceleo,2026-09-04T23:17:47
git@github.com:eclipse/acceleo.git,8299074::blob,8299074.0,blob,complexity,repo_not_cloned,/Users/praffulg/Downloads/Neelam paper/cache/repos/eclipse__acceleo,2026-09-04T23:17:47
git@github.com:eclipse/acceleo.git,8299074::data class,8299074.0,data class,complexity,repo_not_cloned,/Users/praffulg/Downloads/Neelam paper/cache/repos/eclipse__acceleo,2026-09-04T23:17:47
git@github.com:eclipse/acceleo.git,8299961::blob,8299961.0,blob,complexity,repo_not_cloned,/Users/praffulg/Downloads/Neelam paper/cache/repos/eclipse__acceleo,2026-09-04T23:17:47
git@github.com:eclipse/acceleo.git,8299961::data class,8299961.0,data class,complexity,repo_not_cloned,/Users/praffulg/Downloads/Neelam paper/cache/repos/eclipse__acceleo,2026-09-04T23:17:47
git@github.com:eclipse/acceleo.git,8300534::feature envy,8300534.0,feature envy,complexity,repo_not_cloned,/Users/praffulg/Downloads/Neelam paper/cache/repos/eclipse__acceleo,2026-09-04T23:17:47
git@github.com:eclipse/acceleo.git,8300534::long method,8300534.0,long method,complexity,repo_not_cloned,/Users/praffulg/Downloads/Neelam paper/cache/repos/eclipse__acceleo,2026-09-04T23:17:47
git@github.com:eclipse/acceleo.git,8300767::blob,8300767.0,blob,complexity,repo_not_cloned,/Users/praffulg/Downloads/Neelam paper/cache/repos/eclipse__acceleo,2026-09-04T23:17:47
git@github.com:eclipse/acceleo.git,8300767::data class,8300767.0,data class,complexity,repo_not_cloned,/Users/praffulg/Downloads/Neelam paper/cache/repos/eclipse__acceleo,2026-09-04T23:17:47
git@github.com:eclipse/acceleo.git,8304366::blob,8304366.0,blob,complexity,repo_not_cloned,/Users/praffulg/Downloads/Neelam paper/cache/repos/eclipse__acceleo,2026-09-04T23:17:47
git@github.com:eclipse/acceleo.git,8304366::data class,8304366.0,data class,complexity,repo_not_cloned,/Users/praffulg/Downloads/Neelam paper/cache/repos/eclipse__acceleo,2026-09-04T23:17:47
git@github.com:eclipse/acceleo.git,8304375::feature envy,8304375.0,feature envy,complexity,repo_not_cloned,/Users/praffulg/Downloads/Neelam paper/cache/repos/eclipse__acceleo,2026-09-04T23:17:47
git@github.com:eclipse/acceleo.git,8304375::long method,8304375.0,long method,complexity,repo_not_cloned,/Users/praffulg/Downloads/Neelam paper/cache/repos/eclipse__acceleo,2026-09-04T23:17:47
git@github.com:eclipse/bpmn2-modeler.git,7918920::blob,7918920.0,blob,complexity,repo_not_cloned,/Users/praffulg/Downloads/Neelam paper/cache/repos/eclipse__bpmn2-modeler,2026-09-04T23:19:05
git@github.com:eclipse/bpmn2-modeler.git,7918920::data class,7918920.0,data class,complexity,repo_not_cloned,/Users/praffulg/Downloads/Neelam paper/cache/repos/eclipse__bpmn2-modeler,2026-09-04T23:19:05
git@github.com:eclipse/bpmn2-modeler.git,7918931::blob,7918931.0,blob,complexity,repo_not_cloned,/Users/praffulg/Downloads/Neelam paper/cache/repos/eclipse__bpmn2-modeler,2026-09-04T23:19:05
git@github.com:eclipse/bpmn2-modeler.git,7918931::data class,7918931.0,data class,complexity,repo_not_cloned,/Users/praffulg/Downloads/Neelam paper/cache/repos/eclipse__bpmn2-modeler,2026-09-04T23:19:05
git@github.com:eclipse/bpmn2-modeler.git,7920669::feature envy,7920669.0,feature envy,complexity,repo_not_cloned,/Users/praffulg/Downloads/Neelam paper/cache/repos/eclipse__bpmn2-modeler,2026-09-04T23:19:05
git@github.com:eclipse/bpmn2-modeler.git,7920669::long method,7920669.0,long method,complexity,repo_not_cloned,/Users/praffulg/Downloads/Neelam paper/cache/repos/eclipse__bpmn2-modeler,2026-09-04T23:19:05
git@github.com:eclipse/bpmn2-modeler.git,7921668::blob,7921668.0,blob,complexity,repo_not_cloned,/Users/praffulg/Downloads/Neelam paper/cache/repos/eclipse__bpmn2-modeler,2026-09-04T23:19:05
git@github.com:eclipse/bpmn2-modeler.git,7921668::data class,7921668.0,data class,complexity,repo_not_cloned,/Users/praffulg/Downloads/Neelam paper/cache/repos/eclipse__bpmn2-modeler,2026-09-04T23:19:05
git@github.com:eclipse/bpmn2-modeler.git,7922186::blob,7922186.0,blob,complexity,repo_not_cloned,/Users/praffulg/Downloads/Neelam paper/cache/repos/eclipse__bpmn2-modeler,2026-09-04T23:19:05
git@github.com:eclipse/bpmn2-modeler.git,7922186::data class,7922186.0,data class,complexity,repo_not_cloned,/Users/praffulg/Downloads/Neelam paper/cache/repos/eclipse__bpmn2-modeler,2026-09-04T23:19:05
git@github.com:eclipse/bpmn2-modeler.git,7923456::feature envy,7923456.0,feature envy,complexity,repo_not_cloned,/Users/praffulg/Downloads/Neelam paper/cache/repos/eclipse__bpmn2-modeler,2026-09-04T23:19:05
git@github.com:eclipse/bpmn2-modeler.git,7923456::long method,7923456.0,long method,complexity,repo_not_cloned,/Users/praffulg/Downloads/Neelam paper/cache/repos/eclipse__bpmn2-modeler,2026-09-04T23:19:05
git@github.com:eclipse/bpmn2-modeler.git,7923741::blob,7923741.0,blob,complexity,repo_not_cloned,/Users/praffulg/Downloads/Neelam paper/cache/repos/eclipse__bpmn2-modeler,2026-09-04T23:19:05
git@github.com:eclipse/bpmn2-modeler.git,7923741::data class,7923741.0,data class,complexity,repo_not_cloned,/Users/praffulg/Downloads/Neelam paper/cache/repos/eclipse__bpmn2-modeler,2026-09-04T23:19:05
git@github.com:eclipse/bpmn2-modeler.git,7925259::feature envy,7925259.0,feature envy,complexity,repo_not_cloned,/Users/praffulg/Downloads/Neelam paper/cache/repos/eclipse__bpmn2-modeler,2026-09-04T23:19:05
git@github.com:eclipse/bpmn2-modeler.git,7925259::long method,7925259.0,long method,complexity,repo_not_cloned,/Users/praffulg/Downloads/Neelam paper/cache/repos/eclipse__bpmn2-modeler,2026-09-04T23:19:05
git@github.com:eclipse/bpmn2-modeler.git,7925346::blob,7925346.0,blob,complexity,repo_not_cloned,/Users/praffulg/Downloads/Neelam paper/cache/repos/eclipse__bpmn2-modeler,2026-09-04T23:19:05
git@github.com:eclipse/bpmn2-modeler.git,7925346::data class,7925346.0,data class,complexity,repo_not_cloned,/Users/praffulg/Downloads/Neelam paper/cache/repos/eclipse__bpmn2-modeler,2026-09-04T23:19:05
git@github.com:eclipse/bpmn2-modeler.git,7925698::blob,7925698.0,blob,complexity,repo_not_cloned,/Users/praffulg/Downloads/Neelam paper/cache/repos/eclipse__bpmn2-modeler,2026-09-04T23:19:05
git@github.com:eclipse/bpmn2-modeler.git,7925698::data class,7925698.0,data class,complexity,repo_not_cloned,/Users/praffulg/Downloads/Neelam paper/cache/repos/eclipse__bpmn2-modeler,2026-09-04T23:19:05
git@github.com:eclipse/bpmn2-modeler.git,7926125::feature envy,7926125.0,feature envy,complexity,repo_not_cloned,/Users/praffulg/Downloads/Neelam paper/cache/repos/eclipse__bpmn2-modeler,2026-09-04T23:19:05
git@github.com:eclipse/bpmn2-modeler.git,7926125::long method,7926125.0,long method,complexity,repo_not_cloned,/Users/praffulg/Downloads/Neelam paper/cache/repos/eclipse__bpmn2-modeler,2026-09-04T23:19:05
git@github.com:eclipse/bpmn2-modeler.git,7926598::feature envy,7926598.0,feature envy,complexity,repo_not_cloned,/Users/praffulg/Downloads/Neelam paper/cache/repos/eclipse__bpmn2-modeler,2026-09-04T23:19:05
git@github.com:eclipse/bpmn2-modeler.git,7926598::long method,7926598.0,long method,complexity,repo_not_cloned,/Users/praffulg/Downloads/Neelam paper/cache/repos/eclipse__bpmn2-modeler,2026-09-04T23:19:05
git@github.com:eclipse/bpmn2-modeler.git,7926604::feature envy,7926604.0,feature envy,complexity,repo_not_cloned,/Users/praffulg/Downloads/Neelam paper/cache/repos/eclipse__bpmn2-modeler,2026-09-04T23:19:05
git@github.com:eclipse/bpmn2-modeler.git,7926604::long method,7926604.0,long method,complexity,repo_not_cloned,/Users/praffulg/Downloads/Neelam paper/cache/repos/eclipse__bpmn2-modeler,2026-09-04T23:19:05
git@github.com:eclipse/bpmn2-modeler.git,7926879::blob,7926879.0,blob,complexity,repo_not_cloned,/Users/praffulg/Downloads/Neelam paper/cache/repos/eclipse__bpmn2-modeler,2026-09-04T23:19:05
git@github.com:eclipse/bpmn2-modeler.git,7926879::data class,7926879.0,data class,complexity,repo_not_cloned,/Users/praffulg/Downloads/Neelam paper/cache/repos/eclipse__bpmn2-modeler,2026-09-04T23:19:05
git@github.com:eclipse/bpmn2-modeler.git,7926909::feature envy,7926909.0,feature envy,complexity,repo_not_cloned,/Users/praffulg/Downloads/Neelam paper/cache/repos/eclipse__bpmn2-modeler,2026-09-04T23:19:05
git@github.com:eclipse/bpmn2-modeler.git,7926909::long method,7926909.0,long method,complexity,repo_not_cloned,/Users/praffulg/Downloads/Neelam paper/cache/repos/eclipse__bpmn2-modeler,2026-09-04T23:19:05
git@github.com:eclipse/bpmn2-modeler.git,7927203::blob,7927203.0,blob,complexity,repo_not_cloned,/Users/praffulg/Downloads/Neelam paper/cache/repos/eclipse__bpmn2-modeler,2026-09-04T23:19:05
git@github.com:eclipse/bpmn2-modeler.git,7927203::data class,7927203.0,data class,complexity,repo_not_cloned,/Users/praffulg/Downloads/Neelam paper/cache/repos/eclipse__bpmn2-modeler,2026-09-04T23:19:05
git@github.com:eclipse/bpmn2-modeler.git,7927341::blob,7927341.0,blob,complexity,repo_not_cloned,/Users/praffulg/Downloads/Neelam paper/cache/repos/eclipse__bpmn2-modeler,2026-09-04T23:19:05
git@github.com:eclipse/bpmn2-modeler.git,7927341::data class,7927341.0,data class,complexity,repo_not_cloned,/Users/praffulg/Downloads/Neelam paper/cache/repos/eclipse__bpmn2-modeler,2026-09-04T23:19:05
git@github.com:eclipse/bpmn2-modeler.git,7927591::blob,7927591.0,blob,complexity,repo_not_cloned,/Users/praffulg/Downloads/Neelam paper/cache/repos/eclipse__bpmn2-modeler,2026-09-04T23:19:05
git@github.com:eclipse/bpmn2-modeler.git,7927591::data class,7927591.0,data class,complexity,repo_not_cloned,/Users/praffulg/Downloads/Neelam paper/cache/repos/eclipse__bpmn2-modeler,2026-09-04T23:19:05
git@github.com:eclipse/bpmn2-modeler.git,7927736::feature envy,7927736.0,feature envy,complexity,repo_not_cloned,/Users/praffulg/Downloads/Neelam paper/cache/repos/eclipse__bpmn2-modeler,2026-09-04T23:19:05
git@github.com:eclipse/bpmn2-modeler.git,7927736::long method,7927736.0,long method,complexity,repo_not_cloned,/Users/praffulg/Downloads/Neelam paper/cache/repos/eclipse__bpmn2-modeler,2026-09-04T23:19:05
git@github.com:eclipse/bpmn2-modeler.git,7928090::feature envy,7928090.0,feature envy,complexity,repo_not_cloned,/Users/praffulg/Downloads/Neelam paper/cache/repos/eclipse__bpmn2-modeler,2026-09-04T23:19:05
git@github.com:eclipse/bpmn2-modeler.git,7928090::long method,7928090.0,long method,complexity,repo_not_cloned,/Users/praffulg/Downloads/Neelam paper/cache/repos/eclipse__bpmn2-modeler,2026-09-04T23:19:05
git@github.com:eclipse/bpmn2-modeler.git,7928095::feature envy,7928095.0,feature envy,complexity,repo_not_cloned,/Users/praffulg/Downloads/Neelam paper/cache/repos/eclipse__bpmn2-modeler,2026-09-04T23:19:05
git@github.com:eclipse/bpmn2-modeler.git,7928095::long method,7928095.0,long method,complexity,repo_not_cloned,/Users/praffulg/Downloads/Neelam paper/cache/repos/eclipse__bpmn2-modeler,2026-09-04T23:19:05
git@github.com:eclipse/bpmn2-modeler.git,7928347::feature envy,7928347.0,feature envy,complexity,repo_not_cloned,/Users/praffulg/Downloads/Neelam paper/cache/repos/eclipse__bpmn2-modeler,2026-09-04T23:19:05
git@github.com:eclipse/bpmn2-modeler.git,7928347::long method,7928347.0,long method,complexity,repo_not_cloned,/Users/praffulg/Downloads/Neelam paper/cache/repos/eclipse__bpmn2-modeler,2026-09-04T23:19:05
git@github.com:eclipse/bpmn2-modeler.git,7928407::feature envy,7928407.0,feature envy,complexity,repo_not_cloned,/Users/praffulg/Downloads/Neelam paper/cache/repos/eclipse__bpmn2-modeler,2026-09-04T23:19:05
git@github.com:eclipse/bpmn2-modeler.git,7928407::long method,7928407.0,long method,complexity,repo_not_cloned,/Users/praffulg/Downloads/Neelam paper/cache/repos/eclipse__bpmn2-modeler,2026-09-04T23:19:05
git@github.com:eclipse/dltk.core.git,6122163::feature envy,6122163.0,feature envy,complexity,repo_not_cloned,/Users/praffulg/Downloads/Neelam paper/cache/repos/eclipse__dltk.core,2026-09-04T23:21:06
git@github.com:eclipse/dltk.core.git,6122163::long method,6122163.0,long method,complexity,repo_not_cloned,/Users/praffulg/Downloads/Neelam paper/cache/repos/eclipse__dltk.core,2026-09-04T23:21:06
git@github.com:eclipse/dltk.core.git,6122371::feature envy,6122371.0,feature envy,complexity,repo_not_cloned,/Users/praffulg/Downloads/Neelam paper/cache/repos/eclipse__dltk.core,2026-09-04T23:21:06
git@github.com:eclipse/dltk.core.git,6122371::long method,6122371.0,long method,complexity,repo_not_cloned,/Users/praffulg/Downloads/Neelam paper/cache/repos/eclipse__dltk.core,2026-09-04T23:21:06
git@github.com:eclipse/dltk.core.git,6128593::blob,6128593.0,blob,complexity,repo_not_cloned,/Users/praffulg/Downloads/Neelam paper/cache/repos/eclipse__dltk.core,2026-09-04T23:21:06
git@github.com:eclipse/dltk.core.git,6128593::data class,6128593.0,data class,complexity,repo_not_cloned,/Users/praffulg/Downloads/Neelam paper/cache/repos/eclipse__dltk.core,2026-09-04T23:21:06
git@github.com:eclipse/dltk.core.git,6133230::feature envy,6133230.0,feature envy,complexity,repo_not_cloned,/Users/praffulg/Downloads/Neelam paper/cache/repos/eclipse__dltk.core,2026-09-04T23:21:06
git@github.com:eclipse/dltk.core.git,6133230::long method,6133230.0,long method,complexity,repo_not_cloned,/Users/praffulg/Downloads/Neelam paper/cache/repos/eclipse__dltk.core,2026-09-04T23:21:06
git@github.com:eclipse/dltk.core.git,6133656::blob,6133656.0,blob,complexity,repo_not_cloned,/Users/praffulg/Downloads/Neelam paper/cache/repos/eclipse__dltk.core,2026-09-04T23:21:06
git@github.com:eclipse/dltk.core.git,6133656::data class,6133656.0,data class,complexity,repo_not_cloned,/Users/praffulg/Downloads/Neelam paper/cache/repos/eclipse__dltk.core,2026-09-04T23:21:06
git@github.com:eclipse/dltk.core.git,6134213::feature envy,6134213.0,feature envy,complexity,repo_not_cloned,/Users/praffulg/Downloads/Neelam paper/cache/repos/eclipse__dltk.core,2026-09-04T23:21:06
git@github.com:eclipse/dltk.core.git,6134213::long method,6134213.0,long method,complexity,repo_not_cloned,/Users/praffulg/Downloads/Neelam paper/cache/repos/eclipse__dltk.core,2026-09-04T23:21:06
git@github.com:eclipse/dltk.core.git,6134590::feature envy,6134590.0,feature envy,complexity,repo_not_cloned,/Users/praffulg/Downloads/Neelam paper/cache/repos/eclipse__dltk.core,2026-09-04T23:21:06
git@github.com:eclipse/dltk.core.git,6134590::long method,6134590.0,long method,complexity,repo_not_cloned,/Users/praffulg/Downloads/Neelam paper/cache/repos/eclipse__dltk.core,2026-09-04T23:21:06
git@github.com:eclipse/dltk.core.git,6134879::feature envy,6134879.0,feature envy,complexity,repo_not_cloned,/Users/praffulg/Downloads/Neelam paper/cache/repos/eclipse__dltk.core,2026-09-04T23:21:06
git@github.com:eclipse/dltk.core.git,6134879::long method,6134879.0,long method,complexity,repo_not_cloned,/Users/praffulg/Downloads/Neelam paper/cache/repos/eclipse__dltk.core,2026-09-04T23:21:06
git@github.com:eclipse/dltk.core.git,6135529::blob,6135529.0,blob,complexity,repo_not_cloned,/Users/praffulg/Downloads/Neelam paper/cache/repos/eclipse__dltk.core,2026-09-04T23:21:06
git@github.com:eclipse/dltk.core.git,6135529::data class,6135529.0,data class,complexity,repo_not_cloned,/Users/praffulg/Downloads/Neelam paper/cache/repos/eclipse__dltk.core,2026-09-04T23:21:06
git@github.com:eclipse/dltk.core.git,6135806::blob,6135806.0,blob,complexity,repo_not_cloned,/Users/praffulg/Downloads/Neelam paper/cache/repos/eclipse__dltk.core,2026-09-04T23:21:06
git@github.com:eclipse/dltk.core.git,6135806::data class,6135806.0,data class,complexity,repo_not_cloned,/Users/praffulg/Downloads/Neelam paper/cache/repos/eclipse__dltk.core,2026-09-04T23:21:06
git@github.com:eclipse/dltk.core.git,6138864::blob,6138864.0,blob,complexity,repo_not_cloned,/Users/praffulg/Downloads/Neelam paper/cache/repos/eclipse__dltk.core,2026-09-04T23:21:06
git@github.com:eclipse/dltk.core.git,6138864::data class,6138864.0,data class,complexity,repo_not_cloned,/Users/praffulg/Downloads/Neelam paper/cache/repos/eclipse__dltk.core,2026-09-04T23:21:06
git@github.com:eclipse/dltk.core.git,6140308::blob,6140308.0,blob,complexity,repo_not_cloned,/Users/praffulg/Downloads/Neelam paper/cache/repos/eclipse__dltk.core,2026-09-04T23:21:06
git@github.com:eclipse/dltk.core.git,6140308::data class,6140308.0,data class,complexity,repo_not_cloned,/Users/praffulg/Downloads/Neelam paper/cache/repos/eclipse__dltk.core,2026-09-04T23:21:06
git@github.com:eclipse/dltk.core.git,6141685::blob,6141685.0,blob,complexity,repo_not_cloned,/Users/praffulg/Downloads/Neelam paper/cache/repos/eclipse__dltk.core,2026-09-04T23:21:06
git@github.com:eclipse/dltk.core.git,6141685::data class,6141685.0,data class,complexity,repo_not_cloned,/Users/praffulg/Downloads/Neelam paper/cache/repos/eclipse__dltk.core,2026-09-04T23:21:06
git@github.com:eclipse/dltk.core.git,6143644::feature envy,6143644.0,feature envy,complexity,repo_not_cloned,/Users/praffulg/Downloads/Neelam paper/cache/repos/eclipse__dltk.core,2026-09-04T23:21:06
git@github.com:eclipse/dltk.core.git,6143644::long method,6143644.0,long method,complexity,repo_not_cloned,/Users/praffulg/Downloads/Neelam paper/cache/repos/eclipse__dltk.core,2026-09-04T23:21:06
git@github.com:eclipse/dltk.core.git,6143847::blob,6143847.0,blob,complexity,repo_not_cloned,/Users/praffulg/Downloads/Neelam paper/cache/repos/eclipse__dltk.core,2026-09-04T23:21:06
git@github.com:eclipse/dltk.core.git,6143847::data class,6143847.0,data class,complexity,repo_not_cloned,/Users/praffulg/Downloads/Neelam paper/cache/repos/eclipse__dltk.core,2026-09-04T23:21:06
git@github.com:eclipse/dltk.core.git,6145494::feature envy,6145494.0,feature envy,complexity,repo_not_cloned,/Users/praffulg/Downloads/Neelam paper/cache/repos/eclipse__dltk.core,2026-09-04T23:21:06
git@github.com:eclipse/dltk.core.git,6145494::long method,6145494.0,long method,complexity,repo_not_cloned,/Users/praffulg/Downloads/Neelam paper/cache/repos/eclipse__dltk.core,2026-09-04T23:21:06
git@github.com:eclipse/dltk.core.git,6145911::feature envy,6145911.0,feature envy,complexity,repo_not_cloned,/Users/praffulg/Downloads/Neelam paper/cache/repos/eclipse__dltk.core,2026-09-04T23:21:06
git@github.com:eclipse/dltk.core.git,6145911::long method,6145911.0,long method,complexity,repo_not_cloned,/Users/praffulg/Downloads/Neelam paper/cache/repos/eclipse__dltk.core,2026-09-04T23:21:06
git@github.com:eclipse/dltk.core.git,6147315::feature envy,6147315.0,feature envy,complexity,repo_not_cloned,/Users/praffulg/Downloads/Neelam paper/cache/repos/eclipse__dltk.core,2026-09-04T23:21:06
git@github.com:eclipse/dltk.core.git,6147315::long method,6147315.0,long method,complexity,repo_not_cloned,/Users/praffulg/Downloads/Neelam paper/cache/repos/eclipse__dltk.core,2026-09-04T23:21:06
git@github.com:eclipse/dltk.core.git,6147418::feature envy,6147418.0,feature envy,complexity,repo_not_cloned,/Users/praffulg/Downloads/Neelam paper/cache/repos/eclipse__dltk.core,2026-09-04T23:21:06
git@github.com:eclipse/dltk.core.git,6147418::long method,6147418.0,long method,complexity,repo_not_cloned,/Users/praffulg/Downloads/Neelam paper/cache/repos/eclipse__dltk.core,2026-09-04T23:21:06
git@github.com:eclipse/dltk.core.git,6147463::blob,6147463.0,blob,complexity,repo_not_cloned,/Users/praffulg/Downloads/Neelam paper/cache/repos/eclipse__dltk.core,2026-09-04T23:21:06
git@github.com:eclipse/dltk.core.git,6147463::data class,6147463.0,data class,complexity,repo_not_cloned,/Users/praffulg/Downloads/Neelam paper/cache/repos/eclipse__dltk.core,2026-09-04T23:21:06
git@github.com:eclipse/dltk.core.git,6147959::feature envy,6147959.0,feature envy,complexity,repo_not_cloned,/Users/praffulg/Downloads/Neelam paper/cache/repos/eclipse__dltk.core,2026-09-04T23:21:06
git@github.com:eclipse/dltk.core.git,6147959::long method,6147959.0,long method,complexity,repo_not_cloned,/Users/praffulg/Downloads/Neelam paper/cache/repos/eclipse__dltk.core,2026-09-04T23:21:06
git@github.com:eclipse/dltk.core.git,6150503::feature envy,6150503.0,feature envy,complexity,repo_not_cloned,/Users/praffulg/Downloads/Neelam paper/cache/repos/eclipse__dltk.core,2026-09-04T23:21:06
git@github.com:eclipse/dltk.core.git,6150503::long method,6150503.0,long method,complexity,repo_not_cloned,/Users/praffulg/Downloads/Neelam paper/cache/repos/eclipse__dltk.core,2026-09-04T23:21:06
git@github.com:eclipse/dltk.core.git,6151008::feature envy,6151008.0,feature envy,complexity,repo_not_cloned,/Users/praffulg/Downloads/Neelam paper/cache/repos/eclipse__dltk.core,2026-09-04T23:21:06
git@github.com:eclipse/dltk.core.git,6151008::long method,6151008.0,long method,complexity,repo_not_cloned,/Users/praffulg/Downloads/Neelam paper/cache/repos/eclipse__dltk.core,2026-09-04T23:21:06
git@github.com:eclipse/dltk.core.git,6151582::blob,6151582.0,blob,complexity,repo_not_cloned,/Users/praffulg/Downloads/Neelam paper/cache/repos/eclipse__dltk.core,2026-09-04T23:21:06
git@github.com:eclipse/dltk.core.git,6151582::data class,6151582.0,data class,complexity,repo_not_cloned,/Users/praffulg/Downloads/Neelam paper/cache/repos/eclipse__dltk.core,2026-09-04T23:21:06
git@github.com:eclipse/dltk.core.git,6151978::blob,6151978.0,blob,complexity,repo_not_cloned,/Users/praffulg/Downloads/Neelam paper/cache/repos/eclipse__dltk.core,2026-09-04T23:21:06
git@github.com:eclipse/dltk.core.git,6151978::data class,6151978.0,data class,complexity,repo_not_cloned,/Users/praffulg/Downloads/Neelam paper/cache/repos/eclipse__dltk.core,2026-09-04T23:21:06
git@github.com:eclipse/dltk.core.git,6152090::feature envy,6152090.0,feature envy,complexity,repo_not_cloned,/Users/praffulg/Downloads/Neelam paper/cache/repos/eclipse__dltk.core,2026-09-04T23:21:06
git@github.com:eclipse/dltk.core.git,6152090::long method,6152090.0,long method,complexity,repo_not_cloned,/Users/praffulg/Downloads/Neelam paper/cache/repos/eclipse__dltk.core,2026-09-04T23:21:06
git@github.com:eclipse/dltk.core.git,6152636::blob,6152636.0,blob,complexity,repo_not_cloned,/Users/praffulg/Downloads/Neelam paper/cache/repos/eclipse__dltk.core,2026-09-04T23:21:06
git@github.com:eclipse/dltk.core.git,6152636::data class,6152636.0,data class,complexity,repo_not_cloned,/Users/praffulg/Downloads/Neelam paper/cache/repos/eclipse__dltk.core,2026-09-04T23:21:06
git@github.com:eclipse/dltk.core.git,6153007::feature envy,6153007.0,feature envy,complexity,repo_not_cloned,/Users/praffulg/Downloads/Neelam paper/cache/repos/eclipse__dltk.core,2026-09-04T23:21:06
git@github.com:eclipse/dltk.core.git,6153007::long method,6153007.0,long method,complexity,repo_not_cloned,/Users/praffulg/Downloads/Neelam paper/cache/repos/eclipse__dltk.core,2026-09-04T23:21:06
git@github.com:eclipse/dltk.core.git,6153322::blob,6153322.0,blob,complexity,repo_not_cloned,/Users/praffulg/Downloads/Neelam paper/cache/repos/eclipse__dltk.core,2026-09-04T23:21:06
git@github.com:eclipse/dltk.core.git,6153322::data class,6153322.0,data class,complexity,repo_not_cloned,/Users/praffulg/Downloads/Neelam paper/cache/repos/eclipse__dltk.core,2026-09-04T23:21:06
git@github.com:eclipse/dltk.core.git,6153811::blob,6153811.0,blob,complexity,repo_not_cloned,/Users/praffulg/Downloads/Neelam paper/cache/repos/eclipse__dltk.core,2026-09-04T23:21:06
git@github.com:eclipse/dltk.core.git,6153811::data class,6153811.0,data class,complexity,repo_not_cloned,/Users/praffulg/Downloads/Neelam paper/cache/repos/eclipse__dltk.core,2026-09-04T23:21:06
git@github.com:eclipse/eclipse.jdt.core.git,9033273::blob,9033273.0,blob,complexity,repo_not_cloned,/Users/praffulg/Downloads/Neelam paper/cache/repos/eclipse__eclipse.jdt.core,2026-09-04T23:21:28
git@github.com:eclipse/eclipse.jdt.core.git,9033273::data class,9033273.0,data class,complexity,repo_not_cloned,/Users/praffulg/Downloads/Neelam paper/cache/repos/eclipse__eclipse.jdt.core,2026-09-04T23:21:28
git@github.com:eclipse/eclipse.jdt.core.git,9034294::blob,9034294.0,blob,complexity,repo_not_cloned,/Users/praffulg/Downloads/Neelam paper/cache/repos/eclipse__eclipse.jdt.core,2026-09-04T23:21:28
git@github.com:eclipse/eclipse.jdt.core.git,9034294::data class,9034294.0,data class,complexity,repo_not_cloned,/Users/praffulg/Downloads/Neelam paper/cache/repos/eclipse__eclipse.jdt.core,2026-09-04T23:21:28
git@github.com:eclipse/eclipse.jdt.core.git,9036731::feature envy,9036731.0,feature envy,complexity,repo_not_cloned,/Users/praffulg/Downloads/Neelam paper/cache/repos/eclipse__eclipse.jdt.core,2026-09-04T23:21:28
git@github.com:eclipse/eclipse.jdt.core.git,9036731::long method,9036731.0,long method,complexity,repo_not_cloned,/Users/praffulg/Downloads/Neelam paper/cache/repos/eclipse__eclipse.jdt.core,2026-09-04T23:21:28
git@github.com:eclipse/eclipse.jdt.core.git,9037421::feature envy,9037421.0,feature envy,complexity,repo_not_cloned,/Users/praffulg/Downloads/Neelam paper/cache/repos/eclipse__eclipse.jdt.core,2026-09-04T23:21:28
git@github.com:eclipse/eclipse.jdt.core.git,9037421::long method,9037421.0,long method,complexity,repo_not_cloned,/Users/praffulg/Downloads/Neelam paper/cache/repos/eclipse__eclipse.jdt.core,2026-09-04T23:21:28
git@github.com:eclipse/eclipse.jdt.core.git,9037596::feature envy,9037596.0,feature envy,complexity,repo_not_cloned,/Users/praffulg/Downloads/Neelam paper/cache/repos/eclipse__eclipse.jdt.core,2026-09-04T23:21:28
git@github.com:eclipse/eclipse.jdt.core.git,9037596::long method,9037596.0,long method,complexity,repo_not_cloned,/Users/praffulg/Downloads/Neelam paper/cache/repos/eclipse__eclipse.jdt.core,2026-09-04T23:21:28
git@github.com:eclipse/eclipse.jdt.core.git,9037804::feature envy,9037804.0,feature envy,complexity,repo_not_cloned,/Users/praffulg/Downloads/Neelam paper/cache/repos/eclipse__eclipse.jdt.core,2026-09-04T23:21:28
git@github.com:eclipse/eclipse.jdt.core.git,9037804::long method,9037804.0,long method,complexity,repo_not_cloned,/Users/praffulg/Downloads/Neelam paper/cache/repos/eclipse__eclipse.jdt.core,2026-09-04T23:21:28
git@github.com:eclipse/eclipse.jdt.core.git,9037905::feature envy,9037905.0,feature envy,complexity,repo_not_cloned,/Users/praffulg/Downloads/Neelam paper/cache/repos/eclipse__eclipse.jdt.core,2026-09-04T23:21:28
git@github.com:eclipse/eclipse.jdt.core.git,9037905::long method,9037905.0,long method,complexity,repo_not_cloned,/Users/praffulg/Downloads/Neelam paper/cache/repos/eclipse__eclipse.jdt.core,2026-09-04T23:21:28
git@github.com:eclipse/eclipse.jdt.core.git,9038553::blob,9038553.0,blob,complexity,repo_not_cloned,/Users/praffulg/Downloads/Neelam paper/cache/repos/eclipse__eclipse.jdt.core,2026-09-04T23:21:28
git@github.com:eclipse/eclipse.jdt.core.git,9038553::data class,9038553.0,data class,complexity,repo_not_cloned,/Users/praffulg/Downloads/Neelam paper/cache/repos/eclipse__eclipse.jdt.core,2026-09-04T23:21:28
git@github.com:eclipse/eclipse.jdt.core.git,9040540::blob,9040540.0,blob,complexity,repo_not_cloned,/Users/praffulg/Downloads/Neelam paper/cache/repos/eclipse__eclipse.jdt.core,2026-09-04T23:21:28
git@github.com:eclipse/eclipse.jdt.core.git,9040540::data class,9040540.0,data class,complexity,repo_not_cloned,/Users/praffulg/Downloads/Neelam paper/cache/repos/eclipse__eclipse.jdt.core,2026-09-04T23:21:28
git@github.com:eclipse/eclipse.jdt.core.git,9044882::feature envy,9044882.0,feature envy,complexity,repo_not_cloned,/Users/praffulg/Downloads/Neelam paper/cache/repos/eclipse__eclipse.jdt.core,2026-09-04T23:21:28
git@github.com:eclipse/eclipse.jdt.core.git,9044882::long method,9044882.0,long method,complexity,repo_not_cloned,/Users/praffulg/Downloads/Neelam paper/cache/repos/eclipse__eclipse.jdt.core,2026-09-04T23:21:28
git@github.com:eclipse/eclipse.jdt.core.git,9044996::feature envy,9044996.0,feature envy,complexity,repo_not_cloned,/Users/praffulg/Downloads/Neelam paper/cache/repos/eclipse__eclipse.jdt.core,2026-09-04T23:21:28
git@github.com:eclipse/eclipse.jdt.core.git,9044996::long method,9044996.0,long method,complexity,repo_not_cloned,/Users/praffulg/Downloads/Neelam paper/cache/repos/eclipse__eclipse.jdt.core,2026-09-04T23:21:28
git@github.com:eclipse/eclipse.jdt.core.git,9045352::feature envy,9045352.0,feature envy,complexity,repo_not_cloned,/Users/praffulg/Downloads/Neelam paper/cache/repos/eclipse__eclipse.jdt.core,2026-09-04T23:21:28
git@github.com:eclipse/eclipse.jdt.core.git,9045352::long method,9045352.0,long method,complexity,repo_not_cloned,/Users/praffulg/Downloads/Neelam paper/cache/repos/eclipse__eclipse.jdt.core,2026-09-04T23:21:28
git@github.com:eclipse/eclipse.jdt.core.git,9045643::blob,9045643.0,blob,complexity,repo_not_cloned,/Users/praffulg/Downloads/Neelam paper/cache/repos/eclipse__eclipse.jdt.core,2026-09-04T23:21:28
git@github.com:eclipse/eclipse.jdt.core.git,9045643::data class,9045643.0,data class,complexity,repo_not_cloned,/Users/praffulg/Downloads/Neelam paper/cache/repos/eclipse__eclipse.jdt.core,2026-09-04T23:21:28
git@github.com:eclipse/eclipse.jdt.core.git,9045965::feature envy,9045965.0,feature envy,complexity,repo_not_cloned,/Users/praffulg/Downloads/Neelam paper/cache/repos/eclipse__eclipse.jdt.core,2026-09-04T23:21:28
git@github.com:eclipse/eclipse.jdt.core.git,9045965::long method,9045965.0,long method,complexity,repo_not_cloned,/Users/praffulg/Downloads/Neelam paper/cache/repos/eclipse__eclipse.jdt.core,2026-09-04T23:21:28
git@github.com:eclipse/eclipse.jdt.core.git,9046528::blob,9046528.0,blob,complexity,repo_not_cloned,/Users/praffulg/Downloads/Neelam paper/cache/repos/eclipse__eclipse.jdt.core,2026-09-04T23:21:28
git@github.com:eclipse/eclipse.jdt.core.git,9046528::data class,9046528.0,data class,complexity,repo_not_cloned,/Users/praffulg/Downloads/Neelam paper/cache/repos/eclipse__eclipse.jdt.core,2026-09-04T23:21:28
git@github.com:eclipse/eclipse.jdt.core.git,9046923::feature envy,9046923.0,feature envy,complexity,repo_not_cloned,/Users/praffulg/Downloads/Neelam paper/cache/repos/eclipse__eclipse.jdt.core,2026-09-04T23:21:28
git@github.com:eclipse/eclipse.jdt.core.git,9046923::long method,9046923.0,long method,complexity,repo_not_cloned,/Users/praffulg/Downloads/Neelam paper/cache/repos/eclipse__eclipse.jdt.core,2026-09-04T23:21:28
git@github.com:eclipse/eclipse.jdt.core.git,9049276::feature envy,9049276.0,feature envy,complexity,repo_not_cloned,/Users/praffulg/Downloads/Neelam paper/cache/repos/eclipse__eclipse.jdt.core,2026-09-04T23:21:28
git@github.com:eclipse/eclipse.jdt.core.git,9049276::long method,9049276.0,long method,complexity,repo_not_cloned,/Users/praffulg/Downloads/Neelam paper/cache/repos/eclipse__eclipse.jdt.core,2026-09-04T23:21:28
git@github.com:eclipse/eclipse.jdt.core.git,9049868::feature envy,9049868.0,feature envy,complexity,repo_not_cloned,/Users/praffulg/Downloads/Neelam paper/cache/repos/eclipse__eclipse.jdt.core,2026-09-04T23:21:28
git@github.com:eclipse/eclipse.jdt.core.git,9049868::long method,9049868.0,long method,complexity,repo_not_cloned,/Users/praffulg/Downloads/Neelam paper/cache/repos/eclipse__eclipse.jdt.core,2026-09-04T23:21:28
git@github.com:eclipse/eclipse.jdt.core.git,9049945::blob,9049945.0,blob,complexity,repo_not_cloned,/Users/praffulg/Downloads/Neelam paper/cache/repos/eclipse__eclipse.jdt.core,2026-09-04T23:21:28
git@github.com:eclipse/eclipse.jdt.core.git,9049945::data class,9049945.0,data class,complexity,repo_not_cloned,/Users/praffulg/Downloads/Neelam paper/cache/repos/eclipse__eclipse.jdt.core,2026-09-04T23:21:28
git@github.com:eclipse/eclipse.jdt.core.git,9050114::feature envy,9050114.0,feature envy,complexity,repo_not_cloned,/Users/praffulg/Downloads/Neelam paper/cache/repos/eclipse__eclipse.jdt.core,2026-09-04T23:21:28
git@github.com:eclipse/eclipse.jdt.core.git,9050114::long method,9050114.0,long method,complexity,repo_not_cloned,/Users/praffulg/Downloads/Neelam paper/cache/repos/eclipse__eclipse.jdt.core,2026-09-04T23:21:28
git@github.com:eclipse/eclipse.jdt.core.git,9053224::feature envy,9053224.0,feature envy,complexity,repo_not_cloned,/Users/praffulg/Downloads/Neelam paper/cache/repos/eclipse__eclipse.jdt.core,2026-09-04T23:21:28
git@github.com:eclipse/eclipse.jdt.core.git,9053224::long method,9053224.0,long method,complexity,repo_not_cloned,/Users/praffulg/Downloads/Neelam paper/cache/repos/eclipse__eclipse.jdt.core,2026-09-04T23:21:28
git@github.com:eclipse/eclipse.jdt.core.git,9055406::blob,9055406.0,blob,complexity,repo_not_cloned,/Users/praffulg/Downloads/Neelam paper/cache/repos/eclipse__eclipse.jdt.core,2026-09-04T23:21:28
git@github.com:eclipse/eclipse.jdt.core.git,9055406::data class,9055406.0,data class,complexity,repo_not_cloned,/Users/praffulg/Downloads/Neelam paper/cache/repos/eclipse__eclipse.jdt.core,2026-09-04T23:21:28
git@github.com:eclipse/eclipse.jdt.core.git,9058891::feature envy,9058891.0,feature envy,complexity,repo_not_cloned,/Users/praffulg/Downloads/Neelam paper/cache/repos/eclipse__eclipse.jdt.core,2026-09-04T23:21:28
git@github.com:eclipse/eclipse.jdt.core.git,9058891::long method,9058891.0,long method,complexity,repo_not_cloned,/Users/praffulg/Downloads/Neelam paper/cache/repos/eclipse__eclipse.jdt.core,2026-09-04T23:21:28
git@github.com:eclipse/eclipse.jdt.core.git,9060510::feature envy,9060510.0,feature envy,complexity,repo_not_cloned,/Users/praffulg/Downloads/Neelam paper/cache/repos/eclipse__eclipse.jdt.core,2026-09-04T23:21:28
git@github.com:eclipse/eclipse.jdt.core.git,9060510::long method,9060510.0,long method,complexity,repo_not_cloned,/Users/praffulg/Downloads/Neelam paper/cache/repos/eclipse__eclipse.jdt.core,2026-09-04T23:21:28
git@github.com:eclipse/eclipse.jdt.core.git,9060917::feature envy,9060917.0,feature envy,complexity,repo_not_cloned,/Users/praffulg/Downloads/Neelam paper/cache/repos/eclipse__eclipse.jdt.core,2026-09-04T23:21:28
git@github.com:eclipse/eclipse.jdt.core.git,9060917::long method,9060917.0,long method,complexity,repo_not_cloned,/Users/praffulg/Downloads/Neelam paper/cache/repos/eclipse__eclipse.jdt.core,2026-09-04T23:21:28
git@github.com:eclipse/eclipse.jdt.core.git,9063283::blob,9063283.0,blob,complexity,repo_not_cloned,/Users/praffulg/Downloads/Neelam paper/cache/repos/eclipse__eclipse.jdt.core,2026-09-04T23:21:28
git@github.com:eclipse/eclipse.jdt.core.git,9063283::data class,9063283.0,data class,complexity,repo_not_cloned,/Users/praffulg/Downloads/Neelam paper/cache/repos/eclipse__eclipse.jdt.core,2026-09-04T23:21:28
git@github.com:eclipse/eclipse.jdt.core.git,9064356::feature envy,9064356.0,feature envy,complexity,repo_not_cloned,/Users/praffulg/Downloads/Neelam paper/cache/repos/eclipse__eclipse.jdt.core,2026-09-04T23:21:28
git@github.com:eclipse/eclipse.jdt.core.git,9064356::long method,9064356.0,long method,complexity,repo_not_cloned,/Users/praffulg/Downloads/Neelam paper/cache/repos/eclipse__eclipse.jdt.core,2026-09-04T23:21:28
git@github.com:eclipse/eclipse.jdt.core.git,9066219::feature envy,9066219.0,feature envy,complexity,repo_not_cloned,/Users/praffulg/Downloads/Neelam paper/cache/repos/eclipse__eclipse.jdt.core,2026-09-04T23:21:28
git@github.com:eclipse/eclipse.jdt.core.git,9066219::long method,9066219.0,long method,complexity,repo_not_cloned,/Users/praffulg/Downloads/Neelam paper/cache/repos/eclipse__eclipse.jdt.core,2026-09-04T23:21:28
git@github.com:eclipse/eclipse.jdt.core.git,9071100::blob,9071100.0,blob,complexity,repo_not_cloned,/Users/praffulg/Downloads/Neelam paper/cache/repos/eclipse__eclipse.jdt.core,2026-09-04T23:21:28
git@github.com:eclipse/eclipse.jdt.core.git,9071100::data class,9071100.0,data class,complexity,repo_not_cloned,/Users/praffulg/Downloads/Neelam paper/cache/repos/eclipse__eclipse.jdt.core,2026-09-04T23:21:28
git@github.com:eclipse/eclipse.jdt.core.git,9071167::blob,9071167.0,blob,complexity,repo_not_cloned,/Users/praffulg/Downloads/Neelam paper/cache/repos/eclipse__eclipse.jdt.core,2026-09-04T23:21:28
git@github.com:eclipse/eclipse.jdt.core.git,9071167::data class,9071167.0,data class,complexity,repo_not_cloned,/Users/praffulg/Downloads/Neelam paper/cache/repos/eclipse__eclipse.jdt.core,2026-09-04T23:21:28
git@github.com:eclipse/eclipse.jdt.core.git,9071507::blob,9071507.0,blob,complexity,repo_not_cloned,/Users/praffulg/Downloads/Neelam paper/cache/repos/eclipse__eclipse.jdt.core,2026-09-04T23:21:28
git@github.com:eclipse/eclipse.jdt.core.git,9072630::feature envy,9072630.0,feature envy,complexity,repo_not_cloned,/Users/praffulg/Downloads/Neelam paper/cache/repos/eclipse__eclipse.jdt.core,2026-09-04T23:21:28
git@github.com:eclipse/eclipse.jdt.core.git,9072630::long method,9072630.0,long method,complexity,repo_not_cloned,/Users/praffulg/Downloads/Neelam paper/cache/repos/eclipse__eclipse.jdt.core,2026-09-04T23:21:28
git@github.com:eclipse/eclipse.jdt.core.git,9073602::blob,9073602.0,blob,complexity,repo_not_cloned,/Users/praffulg/Downloads/Neelam paper/cache/repos/eclipse__eclipse.jdt.core,2026-09-04T23:21:28
git@github.com:eclipse/eclipse.jdt.core.git,9073602::data class,9073602.0,data class,complexity,repo_not_cloned,/Users/praffulg/Downloads/Neelam paper/cache/repos/eclipse__eclipse.jdt.core,2026-09-04T23:21:28
git@github.com:eclipse/eclipse.jdt.core.git,9074421::blob,9074421.0,blob,complexity,repo_not_cloned,/Users/praffulg/Downloads/Neelam paper/cache/repos/eclipse__eclipse.jdt.core,2026-09-04T23:21:28
git@github.com:eclipse/eclipse.jdt.core.git,9074421::data class,9074421.0,data class,complexity,repo_not_cloned,/Users/praffulg/Downloads/Neelam paper/cache/repos/eclipse__eclipse.jdt.core,2026-09-04T23:21:28
git@github.com:eclipse/eclipse.jdt.core.git,9078577::feature envy,9078577.0,feature envy,complexity,repo_not_cloned,/Users/praffulg/Downloads/Neelam paper/cache/repos/eclipse__eclipse.jdt.core,2026-09-04T23:21:28
git@github.com:eclipse/eclipse.jdt.core.git,9078577::long method,9078577.0,long method,complexity,repo_not_cloned,/Users/praffulg/Downloads/Neelam paper/cache/repos/eclipse__eclipse.jdt.core,2026-09-04T23:21:28
git@github.com:eclipse/eclipse.jdt.core.git,9079227::feature envy,9079227.0,feature envy,complexity,repo_not_cloned,/Users/praffulg/Downloads/Neelam paper/cache/repos/eclipse__eclipse.jdt.core,2026-09-04T23:21:28
git@github.com:eclipse/eclipse.jdt.core.git,9079227::long method,9079227.0,long method,complexity,repo_not_cloned,/Users/praffulg/Downloads/Neelam paper/cache/repos/eclipse__eclipse.jdt.core,2026-09-04T23:21:28
git@github.com:eclipse/eclipse.jdt.core.git,9079412::blob,9079412.0,blob,complexity,repo_not_cloned,/Users/praffulg/Downloads/Neelam paper/cache/repos/eclipse__eclipse.jdt.core,2026-09-04T23:21:28
git@github.com:eclipse/eclipse.jdt.core.git,9079412::data class,9079412.0,data class,complexity,repo_not_cloned,/Users/praffulg/Downloads/Neelam paper/cache/repos/eclipse__eclipse.jdt.core,2026-09-04T23:21:28
git@github.com:eclipse/eclipse.jdt.core.git,9082528::blob,9082528.0,blob,complexity,repo_not_cloned,/Users/praffulg/Downloads/Neelam paper/cache/repos/eclipse__eclipse.jdt.core,2026-09-04T23:21:28
git@github.com:eclipse/eclipse.jdt.core.git,9082528::data class,9082528.0,data class,complexity,repo_not_cloned,/Users/praffulg/Downloads/Neelam paper/cache/repos/eclipse__eclipse.jdt.core,2026-09-04T23:21:28
git@github.com:eclipse/eclipse.jdt.core.git,9085089::feature envy,9085089.0,feature envy,complexity,repo_not_cloned,/Users/praffulg/Downloads/Neelam paper/cache/repos/eclipse__eclipse.jdt.core,2026-09-04T23:21:28
git@github.com:eclipse/eclipse.jdt.core.git,9085089::long method,9085089.0,long method,complexity,repo_not_cloned,/Users/praffulg/Downloads/Neelam paper/cache/repos/eclipse__eclipse.jdt.core,2026-09-04T23:21:28
git@github.com:eclipse/eclipse.platform.swt.git,8702258::feature envy,8702258.0,feature envy,complexity,repo_not_cloned,/Users/praffulg/Downloads/Neelam paper/cache/repos/eclipse__eclipse.platform.swt,2026-09-04T23:21:37
git@github.com:eclipse/eclipse.platform.swt.git,8702258::long method,8702258.0,long method,complexity,repo_not_cloned,/Users/praffulg/Downloads/Neelam paper/cache/repos/eclipse__eclipse.platform.swt,2026-09-04T23:21:37
git@github.com:eclipse/eclipse.platform.swt.git,8702985::blob,8702985.0,blob,complexity,repo_not_cloned,/Users/praffulg/Downloads/Neelam paper/cache/repos/eclipse__eclipse.platform.swt,2026-09-04T23:21:37
git@github.com:eclipse/eclipse.platform.swt.git,8702985::data class,8702985.0,data class,complexity,repo_not_cloned,/Users/praffulg/Downloads/Neelam paper/cache/repos/eclipse__eclipse.platform.swt,2026-09-04T23:21:37
git@github.com:eclipse/eclipse.platform.swt.git,8703167::feature envy,8703167.0,feature envy,complexity,repo_not_cloned,/Users/praffulg/Downloads/Neelam paper/cache/repos/eclipse__eclipse.platform.swt,2026-09-04T23:21:37
git@github.com:eclipse/eclipse.platform.swt.git,8703167::long method,8703167.0,long method,complexity,repo_not_cloned,/Users/praffulg/Downloads/Neelam paper/cache/repos/eclipse__eclipse.platform.swt,2026-09-04T23:21:37
git@github.com:eclipse/eclipse.platform.swt.git,8703330::feature envy,8703330.0,feature envy,complexity,repo_not_cloned,/Users/praffulg/Downloads/Neelam paper/cache/repos/eclipse__eclipse.platform.swt,2026-09-04T23:21:37
git@github.com:eclipse/eclipse.platform.swt.git,8703330::long method,8703330.0,long method,complexity,repo_not_cloned,/Users/praffulg/Downloads/Neelam paper/cache/repos/eclipse__eclipse.platform.swt,2026-09-04T23:21:37
git@github.com:eclipse/eclipse.platform.swt.git,8703582::blob,8703582.0,blob,complexity,repo_not_cloned,/Users/praffulg/Downloads/Neelam paper/cache/repos/eclipse__eclipse.platform.swt,2026-09-04T23:21:37
git@github.com:eclipse/eclipse.platform.swt.git,8703582::data class,8703582.0,data class,complexity,repo_not_cloned,/Users/praffulg/Downloads/Neelam paper/cache/repos/eclipse__eclipse.platform.swt,2026-09-04T23:21:37
git@github.com:eclipse/eclipse.platform.swt.git,8703973::feature envy,8703973.0,feature envy,complexity,repo_not_cloned,/Users/praffulg/Downloads/Neelam paper/cache/repos/eclipse__eclipse.platform.swt,2026-09-04T23:21:37
git@github.com:eclipse/eclipse.platform.swt.git,8703973::long method,8703973.0,long method,complexity,repo_not_cloned,/Users/praffulg/Downloads/Neelam paper/cache/repos/eclipse__eclipse.platform.swt,2026-09-04T23:21:37
git@github.com:eclipse/eclipse.platform.swt.git,8705246::feature envy,8705246.0,feature envy,complexity,repo_not_cloned,/Users/praffulg/Downloads/Neelam paper/cache/repos/eclipse__eclipse.platform.swt,2026-09-04T23:21:37
git@github.com:eclipse/eclipse.platform.swt.git,8705246::long method,8705246.0,long method,complexity,repo_not_cloned,/Users/praffulg/Downloads/Neelam paper/cache/repos/eclipse__eclipse.platform.swt,2026-09-04T23:21:37
git@github.com:eclipse/eclipse.platform.swt.git,8705503::feature envy,8705503.0,feature envy,complexity,repo_not_cloned,/Users/praffulg/Downloads/Neelam paper/cache/repos/eclipse__eclipse.platform.swt,2026-09-04T23:21:37
git@github.com:eclipse/eclipse.platform.swt.git,8705503::long method,8705503.0,long method,complexity,repo_not_cloned,/Users/praffulg/Downloads/Neelam paper/cache/repos/eclipse__eclipse.platform.swt,2026-09-04T23:21:37
git@github.com:eclipse/eclipse.platform.swt.git,8706829::feature envy,8706829.0,feature envy,complexity,repo_not_cloned,/Users/praffulg/Downloads/Neelam paper/cache/repos/eclipse__eclipse.platform.swt,2026-09-04T23:21:37
git@github.com:eclipse/eclipse.platform.swt.git,8706829::long method,8706829.0,long method,complexity,repo_not_cloned,/Users/praffulg/Downloads/Neelam paper/cache/repos/eclipse__eclipse.platform.swt,2026-09-04T23:21:37
git@github.com:eclipse/eclipse.platform.swt.git,8707779::blob,8707779.0,blob,complexity,repo_not_cloned,/Users/praffulg/Downloads/Neelam paper/cache/repos/eclipse__eclipse.platform.swt,2026-09-04T23:21:37
git@github.com:eclipse/eclipse.platform.swt.git,8707779::data class,8707779.0,data class,complexity,repo_not_cloned,/Users/praffulg/Downloads/Neelam paper/cache/repos/eclipse__eclipse.platform.swt,2026-09-04T23:21:37
git@github.com:eclipse/eclipse.platform.swt.git,8708013::feature envy,8708013.0,feature envy,complexity,repo_not_cloned,/Users/praffulg/Downloads/Neelam paper/cache/repos/eclipse__eclipse.platform.swt,2026-09-04T23:21:37
git@github.com:eclipse/eclipse.platform.swt.git,8708013::long method,8708013.0,long method,complexity,repo_not_cloned,/Users/praffulg/Downloads/Neelam paper/cache/repos/eclipse__eclipse.platform.swt,2026-09-04T23:21:37
git@github.com:eclipse/eclipse.platform.swt.git,8708216::feature envy,8708216.0,feature envy,complexity,repo_not_cloned,/Users/praffulg/Downloads/Neelam paper/cache/repos/eclipse__eclipse.platform.swt,2026-09-04T23:21:37
git@github.com:eclipse/eclipse.platform.swt.git,8708216::long method,8708216.0,long method,complexity,repo_not_cloned,/Users/praffulg/Downloads/Neelam paper/cache/repos/eclipse__eclipse.platform.swt,2026-09-04T23:21:37
git@github.com:eclipse/eclipse.platform.swt.git,8711809::feature envy,8711809.0,feature envy,complexity,repo_not_cloned,/Users/praffulg/Downloads/Neelam paper/cache/repos/eclipse__eclipse.platform.swt,2026-09-04T23:21:37
git@github.com:eclipse/eclipse.platform.swt.git,8711809::long method,8711809.0,long method,complexity,repo_not_cloned,/Users/praffulg/Downloads/Neelam paper/cache/repos/eclipse__eclipse.platform.swt,2026-09-04T23:21:37
git@github.com:eclipse/eclipse.platform.swt.git,8712093::feature envy,8712093.0,feature envy,complexity,repo_not_cloned,/Users/praffulg/Downloads/Neelam paper/cache/repos/eclipse__eclipse.platform.swt,2026-09-04T23:21:37
git@github.com:eclipse/eclipse.platform.swt.git,8712093::long method,8712093.0,long method,complexity,repo_not_cloned,/Users/praffulg/Downloads/Neelam paper/cache/repos/eclipse__eclipse.platform.swt,2026-09-04T23:21:37
git@github.com:eclipse/eclipse.platform.swt.git,8714735::feature envy,8714735.0,feature envy,complexity,repo_not_cloned,/Users/praffulg/Downloads/Neelam paper/cache/repos/eclipse__eclipse.platform.swt,2026-09-04T23:21:37
git@github.com:eclipse/eclipse.platform.swt.git,8714735::long method,8714735.0,long method,complexity,repo_not_cloned,/Users/praffulg/Downloads/Neelam paper/cache/repos/eclipse__eclipse.platform.swt,2026-09-04T23:21:37
git@github.com:eclipse/eclipse.platform.swt.git,8715463::blob,8715463.0,blob,complexity,repo_not_cloned,/Users/praffulg/Downloads/Neelam paper/cache/repos/eclipse__eclipse.platform.swt,2026-09-04T23:21:37
git@github.com:eclipse/eclipse.platform.swt.git,8715463::data class,8715463.0,data class,complexity,repo_not_cloned,/Users/praffulg/Downloads/Neelam paper/cache/repos/eclipse__eclipse.platform.swt,2026-09-04T23:21:37
git@github.com:eclipse/eclipse.platform.swt.git,8716970::feature envy,8716970.0,feature envy,complexity,repo_not_cloned,/Users/praffulg/Downloads/Neelam paper/cache/repos/eclipse__eclipse.platform.swt,2026-09-04T23:21:37
git@github.com:eclipse/eclipse.platform.swt.git,8716970::long method,8716970.0,long method,complexity,repo_not_cloned,/Users/praffulg/Downloads/Neelam paper/cache/repos/eclipse__eclipse.platform.swt,2026-09-04T23:21:37
git@github.com:eclipse/eclipse.platform.swt.git,8717357::blob,8717357.0,blob,complexity,repo_not_cloned,/Users/praffulg/Downloads/Neelam paper/cache/repos/eclipse__eclipse.platform.swt,2026-09-04T23:21:37
git@github.com:eclipse/eclipse.platform.swt.git,8717357::data class,8717357.0,data class,complexity,repo_not_cloned,/Users/praffulg/Downloads/Neelam paper/cache/repos/eclipse__eclipse.platform.swt,2026-09-04T23:21:37
git@github.com:eclipse/eclipse.platform.swt.git,8717601::feature envy,8717601.0,feature envy,complexity,repo_not_cloned,/Users/praffulg/Downloads/Neelam paper/cache/repos/eclipse__eclipse.platform.swt,2026-09-04T23:21:37
git@github.com:eclipse/eclipse.platform.swt.git,8717601::long method,8717601.0,long method,complexity,repo_not_cloned,/Users/praffulg/Downloads/Neelam paper/cache/repos/eclipse__eclipse.platform.swt,2026-09-04T23:21:37
git@github.com:eclipse/eclipse.platform.swt.git,8719445::feature envy,8719445.0,feature envy,complexity,repo_not_cloned,/Users/praffulg/Downloads/Neelam paper/cache/repos/eclipse__eclipse.platform.swt,2026-09-04T23:21:37
git@github.com:eclipse/eclipse.platform.swt.git,8719445::long method,8719445.0,long method,complexity,repo_not_cloned,/Users/praffulg/Downloads/Neelam paper/cache/repos/eclipse__eclipse.platform.swt,2026-09-04T23:21:37
git@github.com:eclipse/eclipse.platform.swt.git,8719536::blob,8719536.0,blob,complexity,repo_not_cloned,/Users/praffulg/Downloads/Neelam paper/cache/repos/eclipse__eclipse.platform.swt,2026-09-04T23:21:37
git@github.com:eclipse/eclipse.platform.swt.git,8719536::data class,8719536.0,data class,complexity,repo_not_cloned,/Users/praffulg/Downloads/Neelam paper/cache/repos/eclipse__eclipse.platform.swt,2026-09-04T23:21:37
git@github.com:eclipse/eclipse.platform.swt.git,8719559::feature envy,8719559.0,feature envy,complexity,repo_not_cloned,/Users/praffulg/Downloads/Neelam paper/cache/repos/eclipse__eclipse.platform.swt,2026-09-04T23:21:37
git@github.com:eclipse/eclipse.platform.swt.git,8719559::long method,8719559.0,long method,complexity,repo_not_cloned,/Users/praffulg/Downloads/Neelam paper/cache/repos/eclipse__eclipse.platform.swt,2026-09-04T23:21:37
git@github.com:eclipse/eclipse.platform.swt.git,8719880::feature envy,8719880.0,feature envy,complexity,repo_not_cloned,/Users/praffulg/Downloads/Neelam paper/cache/repos/eclipse__eclipse.platform.swt,2026-09-04T23:21:37
git@github.com:eclipse/eclipse.platform.swt.git,8719880::long method,8719880.0,long method,complexity,repo_not_cloned,/Users/praffulg/Downloads/Neelam paper/cache/repos/eclipse__eclipse.platform.swt,2026-09-04T23:21:37
git@github.com:eclipse/eclipse.platform.swt.git,8722299::blob,8722299.0,blob,complexity,repo_not_cloned,/Users/praffulg/Downloads/Neelam paper/cache/repos/eclipse__eclipse.platform.swt,2026-09-04T23:21:37
git@github.com:eclipse/eclipse.platform.swt.git,8722299::data class,8722299.0,data class,complexity,repo_not_cloned,/Users/praffulg/Downloads/Neelam paper/cache/repos/eclipse__eclipse.platform.swt,2026-09-04T23:21:37
git@github.com:eclipse/eclipse.platform.swt.git,8722412::feature envy,8722412.0,feature envy,complexity,repo_not_cloned,/Users/praffulg/Downloads/Neelam paper/cache/repos/eclipse__eclipse.platform.swt,2026-09-04T23:21:37
git@github.com:eclipse/eclipse.platform.swt.git,8722412::long method,8722412.0,long method,complexity,repo_not_cloned,/Users/praffulg/Downloads/Neelam paper/cache/repos/eclipse__eclipse.platform.swt,2026-09-04T23:21:37
git@github.com:eclipse/eclipse.platform.swt.git,8722845::feature envy,8722845.0,feature envy,complexity,repo_not_cloned,/Users/praffulg/Downloads/Neelam paper/cache/repos/eclipse__eclipse.platform.swt,2026-09-04T23:21:37
git@github.com:eclipse/eclipse.platform.swt.git,8722845::long method,8722845.0,long method,complexity,repo_not_cloned,/Users/praffulg/Downloads/Neelam paper/cache/repos/eclipse__eclipse.platform.swt,2026-09-04T23:21:37
git@github.com:eclipse/eclipse.platform.swt.git,8723959::feature envy,8723959.0,feature envy,complexity,repo_not_cloned,/Users/praffulg/Downloads/Neelam paper/cache/repos/eclipse__eclipse.platform.swt,2026-09-04T23:21:37
git@github.com:eclipse/eclipse.platform.swt.git,8723959::long method,8723959.0,long method,complexity,repo_not_cloned,/Users/praffulg/Downloads/Neelam paper/cache/repos/eclipse__eclipse.platform.swt,2026-09-04T23:21:37
git@github.com:eclipse/eclipse.platform.swt.git,8724018::feature envy,8724018.0,feature envy,complexity,repo_not_cloned,/Users/praffulg/Downloads/Neelam paper/cache/repos/eclipse__eclipse.platform.swt,2026-09-04T23:21:37
git@github.com:eclipse/eclipse.platform.swt.git,8724018::long method,8724018.0,long method,complexity,repo_not_cloned,/Users/praffulg/Downloads/Neelam paper/cache/repos/eclipse__eclipse.platform.swt,2026-09-04T23:21:37
git@github.com:eclipse/eclipse.platform.swt.git,8725125::feature envy,8725125.0,feature envy,complexity,repo_not_cloned,/Users/praffulg/Downloads/Neelam paper/cache/repos/eclipse__eclipse.platform.swt,2026-09-04T23:21:37
git@github.com:eclipse/eclipse.platform.swt.git,8725125::long method,8725125.0,long method,complexity,repo_not_cloned,/Users/praffulg/Downloads/Neelam paper/cache/repos/eclipse__eclipse.platform.swt,2026-09-04T23:21:37
git@github.com:eclipse/eclipse.platform.swt.git,8727011::blob,8727011.0,blob,complexity,repo_not_cloned,/Users/praffulg/Downloads/Neelam paper/cache/repos/eclipse__eclipse.platform.swt,2026-09-04T23:21:37
git@github.com:eclipse/eclipse.platform.swt.git,8727011::data class,8727011.0,data class,complexity,repo_not_cloned,/Users/praffulg/Downloads/Neelam paper/cache/repos/eclipse__eclipse.platform.swt,2026-09-04T23:21:37
git@github.com:eclipse/eclipse.platform.swt.git,8727139::feature envy,8727139.0,feature envy,complexity,repo_not_cloned,/Users/praffulg/Downloads/Neelam paper/cache/repos/eclipse__eclipse.platform.swt,2026-09-04T23:21:37
git@github.com:eclipse/eclipse.platform.swt.git,8727139::long method,8727139.0,long method,complexity,repo_not_cloned,/Users/praffulg/Downloads/Neelam paper/cache/repos/eclipse__eclipse.platform.swt,2026-09-04T23:21:37
git@github.com:eclipse/eclipse.platform.swt.git,8727852::blob,8727852.0,blob,complexity,repo_not_cloned,/Users/praffulg/Downloads/Neelam paper/cache/repos/eclipse__eclipse.platform.swt,2026-09-04T23:21:37
git@github.com:eclipse/eclipse.platform.swt.git,8727852::data class,8727852.0,data class,complexity,repo_not_cloned,/Users/praffulg/Downloads/Neelam paper/cache/repos/eclipse__eclipse.platform.swt,2026-09-04T23:21:37
git@github.com:eclipse/eclipse.platform.ui.git,6368019::feature envy,6368019.0,feature envy,complexity,repo_not_cloned,/Users/praffulg/Downloads/Neelam paper/cache/repos/eclipse__eclipse.platform.ui,2026-09-04T23:21:37
git@github.com:eclipse/eclipse.platform.ui.git,6368019::long method,6368019.0,long method,complexity,repo_not_cloned,/Users/praffulg/Downloads/Neelam paper/cache/repos/eclipse__eclipse.platform.ui,2026-09-04T23:21:37
git@github.com:eclipse/eclipse.platform.ui.git,6369779::blob,6369779.0,blob,complexity,repo_not_cloned,/Users/praffulg/Downloads/Neelam paper/cache/repos/eclipse__eclipse.platform.ui,2026-09-04T23:21:37
git@github.com:eclipse/eclipse.platform.ui.git,6369779::data class,6369779.0,data class,complexity,repo_not_cloned,/Users/praffulg/Downloads/Neelam paper/cache/repos/eclipse__eclipse.platform.ui,2026-09-04T23:21:37
git@github.com:eclipse/eclipse.platform.ui.git,6370656::feature envy,6370656.0,feature envy,complexity,repo_not_cloned,/Users/praffulg/Downloads/Neelam paper/cache/repos/eclipse__eclipse.platform.ui,2026-09-04T23:21:37
git@github.com:eclipse/eclipse.platform.ui.git,6370656::long method,6370656.0,long method,complexity,repo_not_cloned,/Users/praffulg/Downloads/Neelam paper/cache/repos/eclipse__eclipse.platform.ui,2026-09-04T23:21:37
git@github.com:eclipse/eclipse.platform.ui.git,6371049::blob,6371049.0,blob,complexity,repo_not_cloned,/Users/praffulg/Downloads/Neelam paper/cache/repos/eclipse__eclipse.platform.ui,2026-09-04T23:21:37
git@github.com:eclipse/eclipse.platform.ui.git,6371049::data class,6371049.0,data class,complexity,repo_not_cloned,/Users/praffulg/Downloads/Neelam paper/cache/repos/eclipse__eclipse.platform.ui,2026-09-04T23:21:37
git@github.com:eclipse/eclipse.platform.ui.git,6371353::feature envy,6371353.0,feature envy,complexity,repo_not_cloned,/Users/praffulg/Downloads/Neelam paper/cache/repos/eclipse__eclipse.platform.ui,2026-09-04T23:21:37
git@github.com:eclipse/eclipse.platform.ui.git,6371353::long method,6371353.0,long method,complexity,repo_not_cloned,/Users/praffulg/Downloads/Neelam paper/cache/repos/eclipse__eclipse.platform.ui,2026-09-04T23:21:37
git@github.com:eclipse/eclipse.platform.ui.git,6372035::feature envy,6372035.0,feature envy,complexity,repo_not_cloned,/Users/praffulg/Downloads/Neelam paper/cache/repos/eclipse__eclipse.platform.ui,2026-09-04T23:21:37
git@github.com:eclipse/eclipse.platform.ui.git,6372035::long method,6372035.0,long method,complexity,repo_not_cloned,/Users/praffulg/Downloads/Neelam paper/cache/repos/eclipse__eclipse.platform.ui,2026-09-04T23:21:37
git@github.com:eclipse/eclipse.platform.ui.git,6372633::blob,6372633.0,blob,complexity,repo_not_cloned,/Users/praffulg/Downloads/Neelam paper/cache/repos/eclipse__eclipse.platform.ui,2026-09-04T23:21:37
git@github.com:eclipse/eclipse.platform.ui.git,6372633::data class,6372633.0,data class,complexity,repo_not_cloned,/Users/praffulg/Downloads/Neelam paper/cache/repos/eclipse__eclipse.platform.ui,2026-09-04T23:21:37
git@github.com:eclipse/eclipse.platform.ui.git,6374724::blob,6374724.0,blob,complexity,repo_not_cloned,/Users/praffulg/Downloads/Neelam paper/cache/repos/eclipse__eclipse.platform.ui,2026-09-04T23:21:37
git@github.com:eclipse/eclipse.platform.ui.git,6374724::data class,6374724.0,data class,complexity,repo_not_cloned,/Users/praffulg/Downloads/Neelam paper/cache/repos/eclipse__eclipse.platform.ui,2026-09-04T23:21:37
git@github.com:eclipse/eclipse.platform.ui.git,6375252::blob,6375252.0,blob,complexity,repo_not_cloned,/Users/praffulg/Downloads/Neelam paper/cache/repos/eclipse__eclipse.platform.ui,2026-09-04T23:21:37
git@github.com:eclipse/eclipse.platform.ui.git,6375252::data class,6375252.0,data class,complexity,repo_not_cloned,/Users/praffulg/Downloads/Neelam paper/cache/repos/eclipse__eclipse.platform.ui,2026-09-04T23:21:37
git@github.com:eclipse/eclipse.platform.ui.git,6375517::blob,6375517.0,blob,complexity,repo_not_cloned,/Users/praffulg/Downloads/Neelam paper/cache/repos/eclipse__eclipse.platform.ui,2026-09-04T23:21:37
git@github.com:eclipse/eclipse.platform.ui.git,6375517::data class,6375517.0,data class,complexity,repo_not_cloned,/Users/praffulg/Downloads/Neelam paper/cache/repos/eclipse__eclipse.platform.ui,2026-09-04T23:21:37
git@github.com:eclipse/eclipse.platform.ui.git,6379553::blob,6379553.0,blob,complexity,repo_not_cloned,/Users/praffulg/Downloads/Neelam paper/cache/repos/eclipse__eclipse.platform.ui,2026-09-04T23:21:37
git@github.com:eclipse/eclipse.platform.ui.git,6379553::data class,6379553.0,data class,complexity,repo_not_cloned,/Users/praffulg/Downloads/Neelam paper/cache/repos/eclipse__eclipse.platform.ui,2026-09-04T23:21:37
git@github.com:eclipse/eclipse.platform.ui.git,6381040::feature envy,6381040.0,feature envy,complexity,repo_not_cloned,/Users/praffulg/Downloads/Neelam paper/cache/repos/eclipse__eclipse.platform.ui,2026-09-04T23:21:37
git@github.com:eclipse/eclipse.platform.ui.git,6381040::long method,6381040.0,long method,complexity,repo_not_cloned,/Users/praffulg/Downloads/Neelam paper/cache/repos/eclipse__eclipse.platform.ui,2026-09-04T23:21:37
git@github.com:eclipse/eclipse.platform.ui.git,6382923::feature envy,6382923.0,feature envy,complexity,repo_not_cloned,/Users/praffulg/Downloads/Neelam paper/cache/repos/eclipse__eclipse.platform.ui,2026-09-04T23:21:37
git@github.com:eclipse/eclipse.platform.ui.git,6382923::long method,6382923.0,long method,complexity,repo_not_cloned,/Users/praffulg/Downloads/Neelam paper/cache/repos/eclipse__eclipse.platform.ui,2026-09-04T23:21:37
git@github.com:eclipse/eclipse.platform.ui.git,6383930::blob,6383930.0,blob,complexity,repo_not_cloned,/Users/praffulg/Downloads/Neelam paper/cache/repos/eclipse__eclipse.platform.ui,2026-09-04T23:21:37
git@github.com:eclipse/eclipse.platform.ui.git,6383930::data class,6383930.0,data class,complexity,repo_not_cloned,/Users/praffulg/Downloads/Neelam paper/cache/repos/eclipse__eclipse.platform.ui,2026-09-04T23:21:37
git@github.com:eclipse/eclipse.platform.ui.git,6385711::blob,6385711.0,blob,complexity,repo_not_cloned,/Users/praffulg/Downloads/Neelam paper/cache/repos/eclipse__eclipse.platform.ui,2026-09-04T23:21:37
git@github.com:eclipse/eclipse.platform.ui.git,6385711::data class,6385711.0,data class,complexity,repo_not_cloned,/Users/praffulg/Downloads/Neelam paper/cache/repos/eclipse__eclipse.platform.ui,2026-09-04T23:21:37
git@github.com:eclipse/eclipse.platform.ui.git,6386818::feature envy,6386818.0,feature envy,complexity,repo_not_cloned,/Users/praffulg/Downloads/Neelam paper/cache/repos/eclipse__eclipse.platform.ui,2026-09-04T23:21:37
git@github.com:eclipse/eclipse.platform.ui.git,6386818::long method,6386818.0,long method,complexity,repo_not_cloned,/Users/praffulg/Downloads/Neelam paper/cache/repos/eclipse__eclipse.platform.ui,2026-09-04T23:21:37
git@github.com:eclipse/eclipse.platform.ui.git,6387077::blob,6387077.0,blob,complexity,repo_not_cloned,/Users/praffulg/Downloads/Neelam paper/cache/repos/eclipse__eclipse.platform.ui,2026-09-04T23:21:37
git@github.com:eclipse/eclipse.platform.ui.git,6387077::data class,6387077.0,data class,complexity,repo_not_cloned,/Users/praffulg/Downloads/Neelam paper/cache/repos/eclipse__eclipse.platform.ui,2026-09-04T23:21:37
git@github.com:eclipse/eclipse.platform.ui.git,6387249::blob,6387249.0,blob,complexity,repo_not_cloned,/Users/praffulg/Downloads/Neelam paper/cache/repos/eclipse__eclipse.platform.ui,2026-09-04T23:21:37
git@github.com:eclipse/eclipse.platform.ui.git,6387249::data class,6387249.0,data class,complexity,repo_not_cloned,/Users/praffulg/Downloads/Neelam paper/cache/repos/eclipse__eclipse.platform.ui,2026-09-04T23:21:37
git@github.com:eclipse/eclipse.platform.ui.git,6387608::feature envy,6387608.0,feature envy,complexity,repo_not_cloned,/Users/praffulg/Downloads/Neelam paper/cache/repos/eclipse__eclipse.platform.ui,2026-09-04T23:21:37
git@github.com:eclipse/eclipse.platform.ui.git,6387608::long method,6387608.0,long method,complexity,repo_not_cloned,/Users/praffulg/Downloads/Neelam paper/cache/repos/eclipse__eclipse.platform.ui,2026-09-04T23:21:37
git@github.com:eclipse/eclipse.platform.ui.git,6388458::blob,6388458.0,blob,complexity,repo_not_cloned,/Users/praffulg/Downloads/Neelam paper/cache/repos/eclipse__eclipse.platform.ui,2026-09-04T23:21:37
git@github.com:eclipse/eclipse.platform.ui.git,6388458::data class,6388458.0,data class,complexity,repo_not_cloned,/Users/praffulg/Downloads/Neelam paper/cache/repos/eclipse__eclipse.platform.ui,2026-09-04T23:21:37
git@github.com:eclipse/eclipse.platform.ui.git,6389069::feature envy,6389069.0,feature envy,complexity,repo_not_cloned,/Users/praffulg/Downloads/Neelam paper/cache/repos/eclipse__eclipse.platform.ui,2026-09-04T23:21:37
git@github.com:eclipse/eclipse.platform.ui.git,6389069::long method,6389069.0,long method,complexity,repo_not_cloned,/Users/praffulg/Downloads/Neelam paper/cache/repos/eclipse__eclipse.platform.ui,2026-09-04T23:21:37
git@github.com:eclipse/eclipse.platform.ui.git,6391534::blob,6391534.0,blob,complexity,repo_not_cloned,/Users/praffulg/Downloads/Neelam paper/cache/repos/eclipse__eclipse.platform.ui,2026-09-04T23:21:37
git@github.com:eclipse/eclipse.platform.ui.git,6391534::data class,6391534.0,data class,complexity,repo_not_cloned,/Users/praffulg/Downloads/Neelam paper/cache/repos/eclipse__eclipse.platform.ui,2026-09-04T23:21:37
git@github.com:eclipse/eclipse.platform.ui.git,6392324::feature envy,6392324.0,feature envy,complexity,repo_not_cloned,/Users/praffulg/Downloads/Neelam paper/cache/repos/eclipse__eclipse.platform.ui,2026-09-04T23:21:37
git@github.com:eclipse/eclipse.platform.ui.git,6392324::long method,6392324.0,long method,complexity,repo_not_cloned,/Users/praffulg/Downloads/Neelam paper/cache/repos/eclipse__eclipse.platform.ui,2026-09-04T23:21:37
git@github.com:eclipse/eclipse.platform.ui.git,6393344::feature envy,6393344.0,feature envy,complexity,repo_not_cloned,/Users/praffulg/Downloads/Neelam paper/cache/repos/eclipse__eclipse.platform.ui,2026-09-04T23:21:37
git@github.com:eclipse/eclipse.platform.ui.git,6393344::long method,6393344.0,long method,complexity,repo_not_cloned,/Users/praffulg/Downloads/Neelam paper/cache/repos/eclipse__eclipse.platform.ui,2026-09-04T23:21:37
git@github.com:eclipse/eclipse.platform.ui.git,6393486::blob,6393486.0,blob,complexity,repo_not_cloned,/Users/praffulg/Downloads/Neelam paper/cache/repos/eclipse__eclipse.platform.ui,2026-09-04T23:21:37
git@github.com:eclipse/eclipse.platform.ui.git,6393486::data class,6393486.0,data class,complexity,repo_not_cloned,/Users/praffulg/Downloads/Neelam paper/cache/repos/eclipse__eclipse.platform.ui,2026-09-04T23:21:37
git@github.com:eclipse/eclipse.platform.ui.git,6396521::feature envy,6396521.0,feature envy,complexity,repo_not_cloned,/Users/praffulg/Downloads/Neelam paper/cache/repos/eclipse__eclipse.platform.ui,2026-09-04T23:21:37
git@github.com:eclipse/eclipse.platform.ui.git,6396521::long method,6396521.0,long method,complexity,repo_not_cloned,/Users/praffulg/Downloads/Neelam paper/cache/repos/eclipse__eclipse.platform.ui,2026-09-04T23:21:37
git@github.com:eclipse/eclipse.platform.ui.git,6398249::feature envy,6398249.0,feature envy,complexity,repo_not_cloned,/Users/praffulg/Downloads/Neelam paper/cache/repos/eclipse__eclipse.platform.ui,2026-09-04T23:21:37
git@github.com:eclipse/eclipse.platform.ui.git,6398249::long method,6398249.0,long method,complexity,repo_not_cloned,/Users/praffulg/Downloads/Neelam paper/cache/repos/eclipse__eclipse.platform.ui,2026-09-04T23:21:37
git@github.com:eclipse/eclipse.platform.ui.git,6398820::blob,6398820.0,blob,complexity,repo_not_cloned,/Users/praffulg/Downloads/Neelam paper/cache/repos/eclipse__eclipse.platform.ui,2026-09-04T23:21:37
git@github.com:eclipse/eclipse.platform.ui.git,6398820::data class,6398820.0,data class,complexity,repo_not_cloned,/Users/praffulg/Downloads/Neelam paper/cache/repos/eclipse__eclipse.platform.ui,2026-09-04T23:21:37
git@github.com:eclipse/eclipse.platform.ui.git,6403812::feature envy,6403812.0,feature envy,complexity,repo_not_cloned,/Users/praffulg/Downloads/Neelam paper/cache/repos/eclipse__eclipse.platform.ui,2026-09-04T23:21:37
git@github.com:eclipse/eclipse.platform.ui.git,6403812::long method,6403812.0,long method,complexity,repo_not_cloned,/Users/praffulg/Downloads/Neelam paper/cache/repos/eclipse__eclipse.platform.ui,2026-09-04T23:21:37
git@github.com:eclipse/eclipse.platform.ui.git,6404028::blob,6404028.0,blob,complexity,repo_not_cloned,/Users/praffulg/Downloads/Neelam paper/cache/repos/eclipse__eclipse.platform.ui,2026-09-04T23:21:37
git@github.com:eclipse/eclipse.platform.ui.git,6404028::data class,6404028.0,data class,complexity,repo_not_cloned,/Users/praffulg/Downloads/Neelam paper/cache/repos/eclipse__eclipse.platform.ui,2026-09-04T23:21:37
git@github.com:eclipse/eclipse.platform.ui.git,6406137::blob,6406137.0,blob,complexity,repo_not_cloned,/Users/praffulg/Downloads/Neelam paper/cache/repos/eclipse__eclipse.platform.ui,2026-09-04T23:21:37
git@github.com:eclipse/eclipse.platform.ui.git,6406137::data class,6406137.0,data class,complexity,repo_not_cloned,/Users/praffulg/Downloads/Neelam paper/cache/repos/eclipse__eclipse.platform.ui,2026-09-04T23:21:37
git@github.com:eclipse/eclipse.platform.ui.git,6406918::feature envy,6406918.0,feature envy,complexity,repo_not_cloned,/Users/praffulg/Downloads/Neelam paper/cache/repos/eclipse__eclipse.platform.ui,2026-09-04T23:21:37
git@github.com:eclipse/eclipse.platform.ui.git,6406918::long method,6406918.0,long method,complexity,repo_not_cloned,/Users/praffulg/Downloads/Neelam paper/cache/repos/eclipse__eclipse.platform.ui,2026-09-04T23:21:37
git@github.com:eclipse/eclipse.platform.ui.git,6412439::blob,6412439.0,blob,complexity,repo_not_cloned,/Users/praffulg/Downloads/Neelam paper/cache/repos/eclipse__eclipse.platform.ui,2026-09-04T23:21:37
git@github.com:eclipse/eclipse.platform.ui.git,6412439::data class,6412439.0,data class,complexity,repo_not_cloned,/Users/praffulg/Downloads/Neelam paper/cache/repos/eclipse__eclipse.platform.ui,2026-09-04T23:21:37
git@github.com:eclipse/eclipse.platform.ui.git,6413248::blob,6413248.0,blob,complexity,repo_not_cloned,/Users/praffulg/Downloads/Neelam paper/cache/repos/eclipse__eclipse.platform.ui,2026-09-04T23:21:37
git@github.com:eclipse/eclipse.platform.ui.git,6413248::data class,6413248.0,data class,complexity,repo_not_cloned,/Users/praffulg/Downloads/Neelam paper/cache/repos/eclipse__eclipse.platform.ui,2026-09-04T23:21:37
git@github.com:eclipse/eclipse.platform.ui.git,6413795::blob,6413795.0,blob,complexity,repo_not_cloned,/Users/praffulg/Downloads/Neelam paper/cache/repos/eclipse__eclipse.platform.ui,2026-09-04T23:21:37
git@github.com:eclipse/eclipse.platform.ui.git,6413795::data class,6413795.0,data class,complexity,repo_not_cloned,/Users/praffulg/Downloads/Neelam paper/cache/repos/eclipse__eclipse.platform.ui,2026-09-04T23:21:37
git@github.com:eclipse/eclipse.platform.ui.git,6414719::blob,6414719.0,blob,complexity,repo_not_cloned,/Users/praffulg/Downloads/Neelam paper/cache/repos/eclipse__eclipse.platform.ui,2026-09-04T23:21:37
git@github.com:eclipse/eclipse.platform.ui.git,6414719::data class,6414719.0,data class,complexity,repo_not_cloned,/Users/praffulg/Downloads/Neelam paper/cache/repos/eclipse__eclipse.platform.ui,2026-09-04T23:21:37
git@github.com:eclipse/eclipse.platform.ui.git,6414926::feature envy,6414926.0,feature envy,complexity,repo_not_cloned,/Users/praffulg/Downloads/Neelam paper/cache/repos/eclipse__eclipse.platform.ui,2026-09-04T23:21:37
git@github.com:eclipse/eclipse.platform.ui.git,6414926::long method,6414926.0,long method,complexity,repo_not_cloned,/Users/praffulg/Downloads/Neelam paper/cache/repos/eclipse__eclipse.platform.ui,2026-09-04T23:21:37
git@github.com:eclipse/eclipse.platform.ui.git,6416620::blob,6416620.0,blob,complexity,repo_not_cloned,/Users/praffulg/Downloads/Neelam paper/cache/repos/eclipse__eclipse.platform.ui,2026-09-04T23:21:37
git@github.com:eclipse/eclipse.platform.ui.git,6416620::data class,6416620.0,data class,complexity,repo_not_cloned,/Users/praffulg/Downloads/Neelam paper/cache/repos/eclipse__eclipse.platform.ui,2026-09-04T23:21:37
git@github.com:eclipse/eclipse.platform.ui.git,6417488::feature envy,6417488.0,feature envy,complexity,repo_not_cloned,/Users/praffulg/Downloads/Neelam paper/cache/repos/eclipse__eclipse.platform.ui,2026-09-04T23:21:37
git@github.com:eclipse/eclipse.platform.ui.git,6417488::long method,6417488.0,long method,complexity,repo_not_cloned,/Users/praffulg/Downloads/Neelam paper/cache/repos/eclipse__eclipse.platform.ui,2026-09-04T23:21:37
git@github.com:eclipse/eclipse.platform.ui.git,6417561::feature envy,6417561.0,feature envy,complexity,repo_not_cloned,/Users/praffulg/Downloads/Neelam paper/cache/repos/eclipse__eclipse.platform.ui,2026-09-04T23:21:37
git@github.com:eclipse/eclipse.platform.ui.git,6417561::long method,6417561.0,long method,complexity,repo_not_cloned,/Users/praffulg/Downloads/Neelam paper/cache/repos/eclipse__eclipse.platform.ui,2026-09-04T23:21:37
git@github.com:eclipse/eclipse.platform.ui.git,6419181::feature envy,6419181.0,feature envy,complexity,repo_not_cloned,/Users/praffulg/Downloads/Neelam paper/cache/repos/eclipse__eclipse.platform.ui,2026-09-04T23:21:37
git@github.com:eclipse/eclipse.platform.ui.git,6419181::long method,6419181.0,long method,complexity,repo_not_cloned,/Users/praffulg/Downloads/Neelam paper/cache/repos/eclipse__eclipse.platform.ui,2026-09-04T23:21:37
git@github.com:eclipse/eclipse.platform.ui.git,6419975::long method,6419975.0,long method,complexity,repo_not_cloned,/Users/praffulg/Downloads/Neelam paper/cache/repos/eclipse__eclipse.platform.ui,2026-09-04T23:21:37
git@github.com:eclipse/eclipse.platform.ui.git,6424656::blob,6424656.0,blob,complexity,repo_not_cloned,/Users/praffulg/Downloads/Neelam paper/cache/repos/eclipse__eclipse.platform.ui,2026-09-04T23:21:37
git@github.com:eclipse/eclipse.platform.ui.git,6424656::data class,6424656.0,data class,complexity,repo_not_cloned,/Users/praffulg/Downloads/Neelam paper/cache/repos/eclipse__eclipse.platform.ui,2026-09-04T23:21:37
git@github.com:eclipse/eclipse.platform.ui.git,6424683::blob,6424683.0,blob,complexity,repo_not_cloned,/Users/praffulg/Downloads/Neelam paper/cache/repos/eclipse__eclipse.platform.ui,2026-09-04T23:21:37
git@github.com:eclipse/eclipse.platform.ui.git,6424683::data class,6424683.0,data class,complexity,repo_not_cloned,/Users/praffulg/Downloads/Neelam paper/cache/repos/eclipse__eclipse.platform.ui,2026-09-04T23:21:37
git@github.com:eclipse/eclipse.platform.ui.git,6424791::feature envy,6424791.0,feature envy,complexity,repo_not_cloned,/Users/praffulg/Downloads/Neelam paper/cache/repos/eclipse__eclipse.platform.ui,2026-09-04T23:21:37
git@github.com:eclipse/eclipse.platform.ui.git,6424791::long method,6424791.0,long method,complexity,repo_not_cloned,/Users/praffulg/Downloads/Neelam paper/cache/repos/eclipse__eclipse.platform.ui,2026-09-04T23:21:37
git@github.com:eclipse/eclipse.platform.ui.git,6425142::blob,6425142.0,blob,complexity,repo_not_cloned,/Users/praffulg/Downloads/Neelam paper/cache/repos/eclipse__eclipse.platform.ui,2026-09-04T23:21:37
git@github.com:eclipse/eclipse.platform.ui.git,6425142::data class,6425142.0,data class,complexity,repo_not_cloned,/Users/praffulg/Downloads/Neelam paper/cache/repos/eclipse__eclipse.platform.ui,2026-09-04T23:21:37
git@github.com:eclipse/eclipse.platform.ui.git,6427227::blob,6427227.0,blob,complexity,repo_not_cloned,/Users/praffulg/Downloads/Neelam paper/cache/repos/eclipse__eclipse.platform.ui,2026-09-04T23:21:37
git@github.com:eclipse/eclipse.platform.ui.git,6427227::data class,6427227.0,data class,complexity,repo_not_cloned,/Users/praffulg/Downloads/Neelam paper/cache/repos/eclipse__eclipse.platform.ui,2026-09-04T23:21:37
git@github.com:eclipse/eclipse.platform.ui.git,6427329::feature envy,6427329.0,feature envy,complexity,repo_not_cloned,/Users/praffulg/Downloads/Neelam paper/cache/repos/eclipse__eclipse.platform.ui,2026-09-04T23:21:37
git@github.com:eclipse/eclipse.platform.ui.git,6427329::long method,6427329.0,long method,complexity,repo_not_cloned,/Users/praffulg/Downloads/Neelam paper/cache/repos/eclipse__eclipse.platform.ui,2026-09-04T23:21:37
git@github.com:eclipse/eclipse.platform.ui.git,6427852::feature envy,6427852.0,feature envy,complexity,repo_not_cloned,/Users/praffulg/Downloads/Neelam paper/cache/repos/eclipse__eclipse.platform.ui,2026-09-04T23:21:37
git@github.com:eclipse/eclipse.platform.ui.git,6427852::long method,6427852.0,long method,complexity,repo_not_cloned,/Users/praffulg/Downloads/Neelam paper/cache/repos/eclipse__eclipse.platform.ui,2026-09-04T23:21:37
git@github.com:eclipse/eclipse.platform.ui.git,6427864::feature envy,6427864.0,feature envy,complexity,repo_not_cloned,/Users/praffulg/Downloads/Neelam paper/cache/repos/eclipse__eclipse.platform.ui,2026-09-04T23:21:37
git@github.com:eclipse/eclipse.platform.ui.git,6427864::long method,6427864.0,long method,complexity,repo_not_cloned,/Users/praffulg/Downloads/Neelam paper/cache/repos/eclipse__eclipse.platform.ui,2026-09-04T23:21:37
git@github.com:eclipse/eclipse.platform.ui.git,6427968::feature envy,6427968.0,feature envy,complexity,repo_not_cloned,/Users/praffulg/Downloads/Neelam paper/cache/repos/eclipse__eclipse.platform.ui,2026-09-04T23:21:37
git@github.com:eclipse/eclipse.platform.ui.git,6427968::long method,6427968.0,long method,complexity,repo_not_cloned,/Users/praffulg/Downloads/Neelam paper/cache/repos/eclipse__eclipse.platform.ui,2026-09-04T23:21:37
git@github.com:eclipse/eclipse.platform.ui.git,6428158::blob,6428158.0,blob,complexity,repo_not_cloned,/Users/praffulg/Downloads/Neelam paper/cache/repos/eclipse__eclipse.platform.ui,2026-09-04T23:21:37
git@github.com:eclipse/eclipse.platform.ui.git,6428158::data class,6428158.0,data class,complexity,repo_not_cloned,/Users/praffulg/Downloads/Neelam paper/cache/repos/eclipse__eclipse.platform.ui,2026-09-04T23:21:37
git@github.com:eclipse/egit-github.git,6157376::blob,6157376.0,blob,complexity,repo_not_cloned,/Users/praffulg/Downloads/Neelam paper/cache/repos/eclipse__egit-github,2026-09-04T23:21:37
git@github.com:eclipse/egit-github.git,6157376::data class,6157376.0,data class,complexity,repo_not_cloned,/Users/praffulg/Downloads/Neelam paper/cache/repos/eclipse__egit-github,2026-09-04T23:21:37
git@github.com:eclipse/egit-github.git,6157639::data class,6157639.0,data class,complexity,repo_not_cloned,/Users/praffulg/Downloads/Neelam paper/cache/repos/eclipse__egit-github,2026-09-04T23:21:37
git@github.com:eclipse/egit.git,6172019::blob,6172019.0,blob,complexity,repo_not_cloned,/Users/praffulg/Downloads/Neelam paper/cache/repos/eclipse__egit,2026-09-04T23:21:37
git@github.com:eclipse/egit.git,6172019::data class,6172019.0,data class,complexity,repo_not_cloned,/Users/praffulg/Downloads/Neelam paper/cache/repos/eclipse__egit,2026-09-04T23:21:37
git@github.com:eclipse/egit.git,6178268::blob,6178268.0,blob,complexity,repo_not_cloned,/Users/praffulg/Downloads/Neelam paper/cache/repos/eclipse__egit,2026-09-04T23:21:37
git@github.com:eclipse/egit.git,6178268::data class,6178268.0,data class,complexity,repo_not_cloned,/Users/praffulg/Downloads/Neelam paper/cache/repos/eclipse__egit,2026-09-04T23:21:37
git@github.com:eclipse/egit.git,6180154::long method,6180154.0,long method,complexity,repo_not_cloned,/Users/praffulg/Downloads/Neelam paper/cache/repos/eclipse__egit,2026-09-04T23:21:37
git@github.com:eclipse/egit.git,6185975::feature envy,6185975.0,feature envy,complexity,repo_not_cloned,/Users/praffulg/Downloads/Neelam paper/cache/repos/eclipse__egit,2026-09-04T23:21:37
git@github.com:eclipse/egit.git,6185975::long method,6185975.0,long method,complexity,repo_not_cloned,/Users/praffulg/Downloads/Neelam paper/cache/repos/eclipse__egit,2026-09-04T23:21:37
git@github.com:eclipse/egit.git,6186565::feature envy,6186565.0,feature envy,complexity,repo_not_cloned,/Users/praffulg/Downloads/Neelam paper/cache/repos/eclipse__egit,2026-09-04T23:21:37
git@github.com:eclipse/egit.git,6186565::long method,6186565.0,long method,complexity,repo_not_cloned,/Users/praffulg/Downloads/Neelam paper/cache/repos/eclipse__egit,2026-09-04T23:21:37
git@github.com:eclipse/egit.git,6191838::blob,6191838.0,blob,complexity,repo_not_cloned,/Users/praffulg/Downloads/Neelam paper/cache/repos/eclipse__egit,2026-09-04T23:21:37
git@github.com:eclipse/egit.git,6191838::data class,6191838.0,data class,complexity,repo_not_cloned,/Users/praffulg/Downloads/Neelam paper/cache/repos/eclipse__egit,2026-09-04T23:21:37
git@github.com:eclipse/egit.git,6191994::feature envy,6191994.0,feature envy,complexity,repo_not_cloned,/Users/praffulg/Downloads/Neelam paper/cache/repos/eclipse__egit,2026-09-04T23:21:37
git@github.com:eclipse/egit.git,6191994::long method,6191994.0,long method,complexity,repo_not_cloned,/Users/praffulg/Downloads/Neelam paper/cache/repos/eclipse__egit,2026-09-04T23:21:37
git@github.com:eclipse/egit.git,6192331::blob,6192331.0,blob,complexity,repo_not_cloned,/Users/praffulg/Downloads/Neelam paper/cache/repos/eclipse__egit,2026-09-04T23:21:37
git@github.com:eclipse/egit.git,6192331::data class,6192331.0,data class,complexity,repo_not_cloned,/Users/praffulg/Downloads/Neelam paper/cache/repos/eclipse__egit,2026-09-04T23:21:37
git@github.com:eclipse/jgit.git,6266636::blob,6266636.0,blob,complexity,repo_not_cloned,/Users/praffulg/Downloads/Neelam paper/cache/repos/eclipse__jgit,2026-09-04T23:24:13
git@github.com:eclipse/jgit.git,6266636::data class,6266636.0,data class,complexity,repo_not_cloned,/Users/praffulg/Downloads/Neelam paper/cache/repos/eclipse__jgit,2026-09-04T23:24:13
git@github.com:eclipse/jgit.git,6267409::blob,6267409.0,blob,complexity,repo_not_cloned,/Users/praffulg/Downloads/Neelam paper/cache/repos/eclipse__jgit,2026-09-04T23:24:13
git@github.com:eclipse/jgit.git,6267409::data class,6267409.0,data class,complexity,repo_not_cloned,/Users/praffulg/Downloads/Neelam paper/cache/repos/eclipse__jgit,2026-09-04T23:24:13
git@github.com:eclipse/jgit.git,6268790::blob,6268790.0,blob,complexity,repo_not_cloned,/Users/praffulg/Downloads/Neelam paper/cache/repos/eclipse__jgit,2026-09-04T23:24:13
git@github.com:eclipse/jgit.git,6268790::data class,6268790.0,data class,complexity,repo_not_cloned,/Users/praffulg/Downloads/Neelam paper/cache/repos/eclipse__jgit,2026-09-04T23:24:13
git@github.com:eclipse/jgit.git,6270951::feature envy,6270951.0,feature envy,complexity,repo_not_cloned,/Users/praffulg/Downloads/Neelam paper/cache/repos/eclipse__jgit,2026-09-04T23:24:13
git@github.com:eclipse/jgit.git,6270951::long method,6270951.0,long method,complexity,repo_not_cloned,/Users/praffulg/Downloads/Neelam paper/cache/repos/eclipse__jgit,2026-09-04T23:24:13
git@github.com:eclipse/jgit.git,6272855::blob,6272855.0,blob,complexity,repo_not_cloned,/Users/praffulg/Downloads/Neelam paper/cache/repos/eclipse__jgit,2026-09-04T23:24:13
git@github.com:eclipse/jgit.git,6272855::data class,6272855.0,data class,complexity,repo_not_cloned,/Users/praffulg/Downloads/Neelam paper/cache/repos/eclipse__jgit,2026-09-04T23:24:13
git@github.com:eclipse/jgit.git,6276517::feature envy,6276517.0,feature envy,complexity,repo_not_cloned,/Users/praffulg/Downloads/Neelam paper/cache/repos/eclipse__jgit,2026-09-04T23:24:13
git@github.com:eclipse/jgit.git,6276517::long method,6276517.0,long method,complexity,repo_not_cloned,/Users/praffulg/Downloads/Neelam paper/cache/repos/eclipse__jgit,2026-09-04T23:24:13
git@github.com:eclipse/jgit.git,6277045::blob,6277045.0,blob,complexity,repo_not_cloned,/Users/praffulg/Downloads/Neelam paper/cache/repos/eclipse__jgit,2026-09-04T23:24:13
git@github.com:eclipse/jgit.git,6277045::data class,6277045.0,data class,complexity,repo_not_cloned,/Users/praffulg/Downloads/Neelam paper/cache/repos/eclipse__jgit,2026-09-04T23:24:13
git@github.com:eclipse/jgit.git,6277787::blob,6277787.0,blob,complexity,repo_not_cloned,/Users/praffulg/Downloads/Neelam paper/cache/repos/eclipse__jgit,2026-09-04T23:24:13
git@github.com:eclipse/jgit.git,6277787::data class,6277787.0,data class,complexity,repo_not_cloned,/Users/praffulg/Downloads/Neelam paper/cache/repos/eclipse__jgit,2026-09-04T23:24:13
git@github.com:eclipse/jgit.git,6277868::long method,6277868.0,long method,complexity,repo_not_cloned,/Users/praffulg/Downloads/Neelam paper/cache/repos/eclipse__jgit,2026-09-04T23:24:13
git@github.com:eclipse/jgit.git,6278076::feature envy,6278076.0,feature envy,complexity,repo_not_cloned,/Users/praffulg/Downloads/Neelam paper/cache/repos/eclipse__jgit,2026-09-04T23:24:13
git@github.com:eclipse/jgit.git,6278076::long method,6278076.0,long method,complexity,repo_not_cloned,/Users/praffulg/Downloads/Neelam paper/cache/repos/eclipse__jgit,2026-09-04T23:24:13
git@github.com:eclipse/jgit.git,6279420::blob,6279420.0,blob,complexity,repo_not_cloned,/Users/praffulg/Downloads/Neelam paper/cache/repos/eclipse__jgit,2026-09-04T23:24:13
git@github.com:eclipse/jgit.git,6279420::data class,6279420.0,data class,complexity,repo_not_cloned,/Users/praffulg/Downloads/Neelam paper/cache/repos/eclipse__jgit,2026-09-04T23:24:13
git@github.com:eclipse/jgit.git,6279766::feature envy,6279766.0,feature envy,complexity,repo_not_cloned,/Users/praffulg/Downloads/Neelam paper/cache/repos/eclipse__jgit,2026-09-04T23:24:13
git@github.com:eclipse/jgit.git,6279766::long method,6279766.0,long method,complexity,repo_not_cloned,/Users/praffulg/Downloads/Neelam paper/cache/repos/eclipse__jgit,2026-09-04T23:24:13
git@github.com:eclipse/jgit.git,6279768::blob,6279768.0,blob,complexity,repo_not_cloned,/Users/praffulg/Downloads/Neelam paper/cache/repos/eclipse__jgit,2026-09-04T23:24:13
git@github.com:eclipse/jgit.git,6279768::data class,6279768.0,data class,complexity,repo_not_cloned,/Users/praffulg/Downloads/Neelam paper/cache/repos/eclipse__jgit,2026-09-04T23:24:13
git@github.com:eclipse/jgit.git,6280313::blob,6280313.0,blob,complexity,repo_not_cloned,/Users/praffulg/Downloads/Neelam paper/cache/repos/eclipse__jgit,2026-09-04T23:24:13
git@github.com:eclipse/jgit.git,6280313::data class,6280313.0,data class,complexity,repo_not_cloned,/Users/praffulg/Downloads/Neelam paper/cache/repos/eclipse__jgit,2026-09-04T23:24:13
git@github.com:eclipse/jgit.git,6280639::blob,6280639.0,blob,complexity,repo_not_cloned,/Users/praffulg/Downloads/Neelam paper/cache/repos/eclipse__jgit,2026-09-04T23:24:13
git@github.com:eclipse/jgit.git,6280639::data class,6280639.0,data class,complexity,repo_not_cloned,/Users/praffulg/Downloads/Neelam paper/cache/repos/eclipse__jgit,2026-09-04T23:24:13
git@github.com:eclipse/linuxtools.git,6337145::blob,6337145.0,blob,complexity,repo_not_cloned,/Users/praffulg/Downloads/Neelam paper/cache/repos/eclipse__linuxtools,2026-09-04T23:24:54
git@github.com:eclipse/linuxtools.git,6337145::data class,6337145.0,data class,complexity,repo_not_cloned,/Users/praffulg/Downloads/Neelam paper/cache/repos/eclipse__linuxtools,2026-09-04T23:24:54
git@github.com:eclipse/linuxtools.git,6339455::feature envy,6339455.0,feature envy,complexity,repo_not_cloned,/Users/praffulg/Downloads/Neelam paper/cache/repos/eclipse__linuxtools,2026-09-04T23:24:54
git@github.com:eclipse/linuxtools.git,6339455::long method,6339455.0,long method,complexity,repo_not_cloned,/Users/praffulg/Downloads/Neelam paper/cache/repos/eclipse__linuxtools,2026-09-04T23:24:54
git@github.com:eclipse/linuxtools.git,6340979::feature envy,6340979.0,feature envy,complexity,repo_not_cloned,/Users/praffulg/Downloads/Neelam paper/cache/repos/eclipse__linuxtools,2026-09-04T23:24:54
git@github.com:eclipse/linuxtools.git,6340979::long method,6340979.0,long method,complexity,repo_not_cloned,/Users/praffulg/Downloads/Neelam paper/cache/repos/eclipse__linuxtools,2026-09-04T23:24:54
git@github.com:eclipse/linuxtools.git,6341451::blob,6341451.0,blob,complexity,repo_not_cloned,/Users/praffulg/Downloads/Neelam paper/cache/repos/eclipse__linuxtools,2026-09-04T23:24:54
git@github.com:eclipse/linuxtools.git,6341451::data class,6341451.0,data class,complexity,repo_not_cloned,/Users/praffulg/Downloads/Neelam paper/cache/repos/eclipse__linuxtools,2026-09-04T23:24:54
git@github.com:eclipse/linuxtools.git,6344285::feature envy,6344285.0,feature envy,complexity,repo_not_cloned,/Users/praffulg/Downloads/Neelam paper/cache/repos/eclipse__linuxtools,2026-09-04T23:24:54
git@github.com:eclipse/linuxtools.git,6344285::long method,6344285.0,long method,complexity,repo_not_cloned,/Users/praffulg/Downloads/Neelam paper/cache/repos/eclipse__linuxtools,2026-09-04T23:24:54
git@github.com:eclipse/linuxtools.git,6344428::blob,6344428.0,blob,complexity,repo_not_cloned,/Users/praffulg/Downloads/Neelam paper/cache/repos/eclipse__linuxtools,2026-09-04T23:24:54
git@github.com:eclipse/linuxtools.git,6344428::data class,6344428.0,data class,complexity,repo_not_cloned,/Users/praffulg/Downloads/Neelam paper/cache/repos/eclipse__linuxtools,2026-09-04T23:24:54
git@github.com:eclipse/linuxtools.git,6346063::feature envy,6346063.0,feature envy,complexity,repo_not_cloned,/Users/praffulg/Downloads/Neelam paper/cache/repos/eclipse__linuxtools,2026-09-04T23:24:54
git@github.com:eclipse/linuxtools.git,6346063::long method,6346063.0,long method,complexity,repo_not_cloned,/Users/praffulg/Downloads/Neelam paper/cache/repos/eclipse__linuxtools,2026-09-04T23:24:54
git@github.com:eclipse/linuxtools.git,6346740::feature envy,6346740.0,feature envy,complexity,repo_not_cloned,/Users/praffulg/Downloads/Neelam paper/cache/repos/eclipse__linuxtools,2026-09-04T23:24:54
git@github.com:eclipse/linuxtools.git,6346740::long method,6346740.0,long method,complexity,repo_not_cloned,/Users/praffulg/Downloads/Neelam paper/cache/repos/eclipse__linuxtools,2026-09-04T23:24:54
git@github.com:eclipse/linuxtools.git,6350174::feature envy,6350174.0,feature envy,complexity,repo_not_cloned,/Users/praffulg/Downloads/Neelam paper/cache/repos/eclipse__linuxtools,2026-09-04T23:24:54
git@github.com:eclipse/linuxtools.git,6350174::long method,6350174.0,long method,complexity,repo_not_cloned,/Users/praffulg/Downloads/Neelam paper/cache/repos/eclipse__linuxtools,2026-09-04T23:24:54
git@github.com:eclipse/linuxtools.git,6350501::blob,6350501.0,blob,complexity,repo_not_cloned,/Users/praffulg/Downloads/Neelam paper/cache/repos/eclipse__linuxtools,2026-09-04T23:24:54
git@github.com:eclipse/linuxtools.git,6350501::data class,6350501.0,data class,complexity,repo_not_cloned,/Users/praffulg/Downloads/Neelam paper/cache/repos/eclipse__linuxtools,2026-09-04T23:24:54
git@github.com:eclipse/linuxtools.git,6351518::feature envy,6351518.0,feature envy,complexity,repo_not_cloned,/Users/praffulg/Downloads/Neelam paper/cache/repos/eclipse__linuxtools,2026-09-04T23:24:54
git@github.com:eclipse/linuxtools.git,6351518::long method,6351518.0,long method,complexity,repo_not_cloned,/Users/praffulg/Downloads/Neelam paper/cache/repos/eclipse__linuxtools,2026-09-04T23:24:54
git@github.com:eclipse/m2e-core.git,6357053::blob,6357053.0,blob,complexity,repo_not_cloned,/Users/praffulg/Downloads/Neelam paper/cache/repos/eclipse__m2e-core,2026-09-04T23:24:58
git@github.com:eclipse/m2e-core.git,6357053::data class,6357053.0,data class,complexity,repo_not_cloned,/Users/praffulg/Downloads/Neelam paper/cache/repos/eclipse__m2e-core,2026-09-04T23:24:58
git@github.com:eclipse/m2e-core.git,6358306::blob,6358306.0,blob,complexity,repo_not_cloned,/Users/praffulg/Downloads/Neelam paper/cache/repos/eclipse__m2e-core,2026-09-04T23:24:58
git@github.com:eclipse/m2e-core.git,6358306::data class,6358306.0,data class,complexity,repo_not_cloned,/Users/praffulg/Downloads/Neelam paper/cache/repos/eclipse__m2e-core,2026-09-04T23:24:58
git@github.com:eclipse/m2e-core.git,6363175::blob,6363175.0,blob,complexity,repo_not_cloned,/Users/praffulg/Downloads/Neelam paper/cache/repos/eclipse__m2e-core,2026-09-04T23:24:58
git@github.com:eclipse/m2e-core.git,6363175::data class,6363175.0,data class,complexity,repo_not_cloned,/Users/praffulg/Downloads/Neelam paper/cache/repos/eclipse__m2e-core,2026-09-04T23:24:58
git@github.com:eclipse/m2e-core.git,6363367::blob,6363367.0,blob,complexity,repo_not_cloned,/Users/praffulg/Downloads/Neelam paper/cache/repos/eclipse__m2e-core,2026-09-04T23:24:58
git@github.com:eclipse/m2e-core.git,6363367::data class,6363367.0,data class,complexity,repo_not_cloned,/Users/praffulg/Downloads/Neelam paper/cache/repos/eclipse__m2e-core,2026-09-04T23:24:58
git@github.com:eclipse/m2e-core.git,6363556::blob,6363556.0,blob,complexity,repo_not_cloned,/Users/praffulg/Downloads/Neelam paper/cache/repos/eclipse__m2e-core,2026-09-04T23:24:58
git@github.com:eclipse/m2e-core.git,6363556::data class,6363556.0,data class,complexity,repo_not_cloned,/Users/praffulg/Downloads/Neelam paper/cache/repos/eclipse__m2e-core,2026-09-04T23:24:58
git@github.com:eclipse/nebula.widgets.nattable.git,6391015::blob,6391015.0,blob,complexity,repo_not_cloned,/Users/praffulg/Downloads/Neelam paper/cache/repos/eclipse__nebula.widgets.nattable,2026-09-04T23:26:42
git@github.com:eclipse/nebula.widgets.nattable.git,6391015::data class,6391015.0,data class,complexity,repo_not_cloned,/Users/praffulg/Downloads/Neelam paper/cache/repos/eclipse__nebula.widgets.nattable,2026-09-04T23:26:42
git@github.com:eclipse/nebula.widgets.nattable.git,6392412::blob,6392412.0,blob,complexity,repo_not_cloned,/Users/praffulg/Downloads/Neelam paper/cache/repos/eclipse__nebula.widgets.nattable,2026-09-04T23:26:42
git@github.com:eclipse/nebula.widgets.nattable.git,6392412::data class,6392412.0,data class,complexity,repo_not_cloned,/Users/praffulg/Downloads/Neelam paper/cache/repos/eclipse__nebula.widgets.nattable,2026-09-04T23:26:42
git@github.com:eclipse/nebula.widgets.nattable.git,6394642::blob,6394642.0,blob,complexity,repo_not_cloned,/Users/praffulg/Downloads/Neelam paper/cache/repos/eclipse__nebula.widgets.nattable,2026-09-04T23:26:42
git@github.com:eclipse/nebula.widgets.nattable.git,6394642::data class,6394642.0,data class,complexity,repo_not_cloned,/Users/praffulg/Downloads/Neelam paper/cache/repos/eclipse__nebula.widgets.nattable,2026-09-04T23:26:42
git@github.com:eclipse/nebula.widgets.nattable.git,6397068::blob,6397068.0,blob,complexity,repo_not_cloned,/Users/praffulg/Downloads/Neelam paper/cache/repos/eclipse__nebula.widgets.nattable,2026-09-04T23:26:42
git@github.com:eclipse/nebula.widgets.nattable.git,6397068::data class,6397068.0,data class,complexity,repo_not_cloned,/Users/praffulg/Downloads/Neelam paper/cache/repos/eclipse__nebula.widgets.nattable,2026-09-04T23:26:42
git@github.com:eclipse/nebula.widgets.nattable.git,6398866::feature envy,6398866.0,feature envy,complexity,repo_not_cloned,/Users/praffulg/Downloads/Neelam paper/cache/repos/eclipse__nebula.widgets.nattable,2026-09-04T23:26:42
git@github.com:eclipse/nebula.widgets.nattable.git,6398866::long method,6398866.0,long method,complexity,repo_not_cloned,/Users/praffulg/Downloads/Neelam paper/cache/repos/eclipse__nebula.widgets.nattable,2026-09-04T23:26:42
git@github.com:eclipse/nebula.widgets.nattable.git,6398884::blob,6398884.0,blob,complexity,repo_not_cloned,/Users/praffulg/Downloads/Neelam paper/cache/repos/eclipse__nebula.widgets.nattable,2026-09-04T23:26:42
git@github.com:eclipse/nebula.widgets.nattable.git,6398884::data class,6398884.0,data class,complexity,repo_not_cloned,/Users/praffulg/Downloads/Neelam paper/cache/repos/eclipse__nebula.widgets.nattable,2026-09-04T23:26:42
git@github.com:eclipse/nebula.widgets.nattable.git,6400040::feature envy,6400040.0,feature envy,complexity,repo_not_cloned,/Users/praffulg/Downloads/Neelam paper/cache/repos/eclipse__nebula.widgets.nattable,2026-09-04T23:26:42
git@github.com:eclipse/nebula.widgets.nattable.git,6400040::long method,6400040.0,long method,complexity,repo_not_cloned,/Users/praffulg/Downloads/Neelam paper/cache/repos/eclipse__nebula.widgets.nattable,2026-09-04T23:26:42
git@github.com:eclipse/nebula.widgets.nattable.git,6405981::blob,6405981.0,blob,complexity,repo_not_cloned,/Users/praffulg/Downloads/Neelam paper/cache/repos/eclipse__nebula.widgets.nattable,2026-09-04T23:26:42
git@github.com:eclipse/nebula.widgets.nattable.git,6405981::data class,6405981.0,data class,complexity,repo_not_cloned,/Users/praffulg/Downloads/Neelam paper/cache/repos/eclipse__nebula.widgets.nattable,2026-09-04T23:26:42
git@github.com:eclipse/nebula.widgets.nattable.git,6407807::blob,6407807.0,blob,complexity,repo_not_cloned,/Users/praffulg/Downloads/Neelam paper/cache/repos/eclipse__nebula.widgets.nattable,2026-09-04T23:26:42
git@github.com:eclipse/nebula.widgets.nattable.git,6407807::data class,6407807.0,data class,complexity,repo_not_cloned,/Users/praffulg/Downloads/Neelam paper/cache/repos/eclipse__nebula.widgets.nattable,2026-09-04T23:26:42
git@github.com:eclipse/rap.git,6547476::blob,6547476.0,blob,complexity,repo_not_cloned,/Users/praffulg/Downloads/Neelam paper/cache/repos/eclipse__rap,2026-09-04T23:27:58
git@github.com:eclipse/rap.git,6547476::data class,6547476.0,data class,complexity,repo_not_cloned,/Users/praffulg/Downloads/Neelam paper/cache/repos/eclipse__rap,2026-09-04T23:27:58
git@github.com:eclipse/rap.git,6547794::feature envy,6547794.0,feature envy,complexity,repo_not_cloned,/Users/praffulg/Downloads/Neelam paper/cache/repos/eclipse__rap,2026-09-04T23:27:58
git@github.com:eclipse/rap.git,6547794::long method,6547794.0,long method,complexity,repo_not_cloned,/Users/praffulg/Downloads/Neelam paper/cache/repos/eclipse__rap,2026-09-04T23:27:58
git@github.com:eclipse/rap.git,6547907::blob,6547907.0,blob,complexity,repo_not_cloned,/Users/praffulg/Downloads/Neelam paper/cache/repos/eclipse__rap,2026-09-04T23:27:58
git@github.com:eclipse/rap.git,6547907::data class,6547907.0,data class,complexity,repo_not_cloned,/Users/praffulg/Downloads/Neelam paper/cache/repos/eclipse__rap,2026-09-04T23:27:58
git@github.com:eclipse/rap.git,6548259::blob,6548259.0,blob,complexity,repo_not_cloned,/Users/praffulg/Downloads/Neelam paper/cache/repos/eclipse__rap,2026-09-04T23:27:58
git@github.com:eclipse/rap.git,6548259::data class,6548259.0,data class,complexity,repo_not_cloned,/Users/praffulg/Downloads/Neelam paper/cache/repos/eclipse__rap,2026-09-04T23:27:58
git@github.com:eclipse/rap.git,6548279::feature envy,6548279.0,feature envy,complexity,repo_not_cloned,/Users/praffulg/Downloads/Neelam paper/cache/repos/eclipse__rap,2026-09-04T23:27:58
git@github.com:eclipse/rap.git,6548279::long method,6548279.0,long method,complexity,repo_not_cloned,/Users/praffulg/Downloads/Neelam paper/cache/repos/eclipse__rap,2026-09-04T23:27:58
git@github.com:eclipse/rap.git,6548643::feature envy,6548643.0,feature envy,complexity,repo_not_cloned,/Users/praffulg/Downloads/Neelam paper/cache/repos/eclipse__rap,2026-09-04T23:27:58
git@github.com:eclipse/rap.git,6548643::long method,6548643.0,long method,complexity,repo_not_cloned,/Users/praffulg/Downloads/Neelam paper/cache/repos/eclipse__rap,2026-09-04T23:27:58
git@github.com:eclipse/rap.git,6550344::blob,6550344.0,blob,complexity,repo_not_cloned,/Users/praffulg/Downloads/Neelam paper/cache/repos/eclipse__rap,2026-09-04T23:27:58
git@github.com:eclipse/rap.git,6550344::data class,6550344.0,data class,complexity,repo_not_cloned,/Users/praffulg/Downloads/Neelam paper/cache/repos/eclipse__rap,2026-09-04T23:27:58
git@github.com:eclipse/rap.git,6551559::blob,6551559.0,blob,complexity,repo_not_cloned,/Users/praffulg/Downloads/Neelam paper/cache/repos/eclipse__rap,2026-09-04T23:27:58
git@github.com:eclipse/rap.git,6551559::data class,6551559.0,data class,complexity,repo_not_cloned,/Users/praffulg/Downloads/Neelam paper/cache/repos/eclipse__rap,2026-09-04T23:27:58
git@github.com:eclipse/rap.git,6552410::feature envy,6552410.0,feature envy,complexity,repo_not_cloned,/Users/praffulg/Downloads/Neelam paper/cache/repos/eclipse__rap,2026-09-04T23:27:58
git@github.com:eclipse/rap.git,6552410::long method,6552410.0,long method,complexity,repo_not_cloned,/Users/praffulg/Downloads/Neelam paper/cache/repos/eclipse__rap,2026-09-04T23:27:58
git@github.com:eclipse/rap.git,6553535::feature envy,6553535.0,feature envy,complexity,repo_not_cloned,/Users/praffulg/Downloads/Neelam paper/cache/repos/eclipse__rap,2026-09-04T23:27:58
git@github.com:eclipse/rap.git,6553535::long method,6553535.0,long method,complexity,repo_not_cloned,/Users/praffulg/Downloads/Neelam paper/cache/repos/eclipse__rap,2026-09-04T23:27:58
git@github.com:eclipse/rap.git,6554999::blob,6554999.0,blob,complexity,repo_not_cloned,/Users/praffulg/Downloads/Neelam paper/cache/repos/eclipse__rap,2026-09-04T23:27:58
git@github.com:eclipse/rap.git,6554999::data class,6554999.0,data class,complexity,repo_not_cloned,/Users/praffulg/Downloads/Neelam paper/cache/repos/eclipse__rap,2026-09-04T23:27:58
git@github.com:eclipse/rap.git,6555966::blob,6555966.0,blob,complexity,repo_not_cloned,/Users/praffulg/Downloads/Neelam paper/cache/repos/eclipse__rap,2026-09-04T23:27:58
git@github.com:eclipse/rap.git,6555966::data class,6555966.0,data class,complexity,repo_not_cloned,/Users/praffulg/Downloads/Neelam paper/cache/repos/eclipse__rap,2026-09-04T23:27:58
git@github.com:eclipse/rap.git,6560581::blob,6560581.0,blob,complexity,repo_not_cloned,/Users/praffulg/Downloads/Neelam paper/cache/repos/eclipse__rap,2026-09-04T23:27:58
git@github.com:eclipse/rap.git,6560581::data class,6560581.0,data class,complexity,repo_not_cloned,/Users/praffulg/Downloads/Neelam paper/cache/repos/eclipse__rap,2026-09-04T23:27:58
git@github.com:eclipse/rap.git,6562164::feature envy,6562164.0,feature envy,complexity,repo_not_cloned,/Users/praffulg/Downloads/Neelam paper/cache/repos/eclipse__rap,2026-09-04T23:27:58
git@github.com:eclipse/rap.git,6562164::long method,6562164.0,long method,complexity,repo_not_cloned,/Users/praffulg/Downloads/Neelam paper/cache/repos/eclipse__rap,2026-09-04T23:27:58
git@github.com:eclipse/rap.git,6562309::blob,6562309.0,blob,complexity,repo_not_cloned,/Users/praffulg/Downloads/Neelam paper/cache/repos/eclipse__rap,2026-09-04T23:27:58
git@github.com:eclipse/rap.git,6562309::data class,6562309.0,data class,complexity,repo_not_cloned,/Users/praffulg/Downloads/Neelam paper/cache/repos/eclipse__rap,2026-09-04T23:27:58
git@github.com:eclipse/rap.git,6562963::feature envy,6562963.0,feature envy,complexity,repo_not_cloned,/Users/praffulg/Downloads/Neelam paper/cache/repos/eclipse__rap,2026-09-04T23:27:58
git@github.com:eclipse/rap.git,6562963::long method,6562963.0,long method,complexity,repo_not_cloned,/Users/praffulg/Downloads/Neelam paper/cache/repos/eclipse__rap,2026-09-04T23:27:58
git@github.com:eclipse/rap.git,6563293::feature envy,6563293.0,feature envy,complexity,repo_not_cloned,/Users/praffulg/Downloads/Neelam paper/cache/repos/eclipse__rap,2026-09-04T23:27:58
git@github.com:eclipse/rap.git,6563293::long method,6563293.0,long method,complexity,repo_not_cloned,/Users/praffulg/Downloads/Neelam paper/cache/repos/eclipse__rap,2026-09-04T23:27:58
git@github.com:eclipse/rap.git,6563346::feature envy,6563346.0,feature envy,complexity,repo_not_cloned,/Users/praffulg/Downloads/Neelam paper/cache/repos/eclipse__rap,2026-09-04T23:27:58
git@github.com:eclipse/rap.git,6563346::long method,6563346.0,long method,complexity,repo_not_cloned,/Users/praffulg/Downloads/Neelam paper/cache/repos/eclipse__rap,2026-09-04T23:27:58
git@github.com:eclipse/rap.git,6564431::blob,6564431.0,blob,complexity,repo_not_cloned,/Users/praffulg/Downloads/Neelam paper/cache/repos/eclipse__rap,2026-09-04T23:27:58
git@github.com:eclipse/rap.git,6564431::data class,6564431.0,data class,complexity,repo_not_cloned,/Users/praffulg/Downloads/Neelam paper/cache/repos/eclipse__rap,2026-09-04T23:27:58
git@github.com:eclipse/rap.git,6564535::feature envy,6564535.0,feature envy,complexity,repo_not_cloned,/Users/praffulg/Downloads/Neelam paper/cache/repos/eclipse__rap,2026-09-04T23:27:58
git@github.com:eclipse/rap.git,6564535::long method,6564535.0,long method,complexity,repo_not_cloned,/Users/praffulg/Downloads/Neelam paper/cache/repos/eclipse__rap,2026-09-04T23:27:58
git@github.com:eclipse/rap.git,6567017::feature envy,6567017.0,feature envy,complexity,repo_not_cloned,/Users/praffulg/Downloads/Neelam paper/cache/repos/eclipse__rap,2026-09-04T23:27:58
git@github.com:eclipse/rap.git,6567017::long method,6567017.0,long method,complexity,repo_not_cloned,/Users/praffulg/Downloads/Neelam paper/cache/repos/eclipse__rap,2026-09-04T23:27:58
git@github.com:eclipse/rap.git,6568804::blob,6568804.0,blob,complexity,repo_not_cloned,/Users/praffulg/Downloads/Neelam paper/cache/repos/eclipse__rap,2026-09-04T23:27:58
git@github.com:eclipse/rap.git,6568804::data class,6568804.0,data class,complexity,repo_not_cloned,/Users/praffulg/Downloads/Neelam paper/cache/repos/eclipse__rap,2026-09-04T23:27:58
git@github.com:eclipse/rap.git,6569900::blob,6569900.0,blob,complexity,repo_not_cloned,/Users/praffulg/Downloads/Neelam paper/cache/repos/eclipse__rap,2026-09-04T23:27:58
git@github.com:eclipse/rap.git,6569900::data class,6569900.0,data class,complexity,repo_not_cloned,/Users/praffulg/Downloads/Neelam paper/cache/repos/eclipse__rap,2026-09-04T23:27:58
git@github.com:eclipse/rap.git,6571650::blob,6571650.0,blob,complexity,repo_not_cloned,/Users/praffulg/Downloads/Neelam paper/cache/repos/eclipse__rap,2026-09-04T23:27:58
git@github.com:eclipse/rap.git,6571650::data class,6571650.0,data class,complexity,repo_not_cloned,/Users/praffulg/Downloads/Neelam paper/cache/repos/eclipse__rap,2026-09-04T23:27:58
git@github.com:eclipse/rap.git,6571793::blob,6571793.0,blob,complexity,repo_not_cloned,/Users/praffulg/Downloads/Neelam paper/cache/repos/eclipse__rap,2026-09-04T23:27:58
git@github.com:eclipse/rap.git,6571793::data class,6571793.0,data class,complexity,repo_not_cloned,/Users/praffulg/Downloads/Neelam paper/cache/repos/eclipse__rap,2026-09-04T23:27:58
git@github.com:eclipse/rap.git,6571855::blob,6571855.0,blob,complexity,repo_not_cloned,/Users/praffulg/Downloads/Neelam paper/cache/repos/eclipse__rap,2026-09-04T23:27:58
git@github.com:eclipse/rap.git,6571855::data class,6571855.0,data class,complexity,repo_not_cloned,/Users/praffulg/Downloads/Neelam paper/cache/repos/eclipse__rap,2026-09-04T23:27:58
git@github.com:eclipse/rap.git,6572017::blob,6572017.0,blob,complexity,repo_not_cloned,/Users/praffulg/Downloads/Neelam paper/cache/repos/eclipse__rap,2026-09-04T23:27:58
git@github.com:eclipse/rap.git,6572017::data class,6572017.0,data class,complexity,repo_not_cloned,/Users/praffulg/Downloads/Neelam paper/cache/repos/eclipse__rap,2026-09-04T23:27:58
git@github.com:eclipse/rap.git,6573661::blob,6573661.0,blob,complexity,repo_not_cloned,/Users/praffulg/Downloads/Neelam paper/cache/repos/eclipse__rap,2026-09-04T23:27:58
git@github.com:eclipse/rap.git,6573661::data class,6573661.0,data class,complexity,repo_not_cloned,/Users/praffulg/Downloads/Neelam paper/cache/repos/eclipse__rap,2026-09-04T23:27:58
git@github.com:eclipse/rap.git,6573709::blob,6573709.0,blob,complexity,repo_not_cloned,/Users/praffulg/Downloads/Neelam paper/cache/repos/eclipse__rap,2026-09-04T23:27:58
git@github.com:eclipse/rap.git,6573709::data class,6573709.0,data class,complexity,repo_not_cloned,/Users/praffulg/Downloads/Neelam paper/cache/repos/eclipse__rap,2026-09-04T23:27:58
git@github.com:eclipse/rap.git,6577681::feature envy,6577681.0,feature envy,complexity,repo_not_cloned,/Users/praffulg/Downloads/Neelam paper/cache/repos/eclipse__rap,2026-09-04T23:27:58
git@github.com:eclipse/rap.git,6577681::long method,6577681.0,long method,complexity,repo_not_cloned,/Users/praffulg/Downloads/Neelam paper/cache/repos/eclipse__rap,2026-09-04T23:27:58
git@github.com:eclipse/rap.git,6578541::blob,6578541.0,blob,complexity,repo_not_cloned,/Users/praffulg/Downloads/Neelam paper/cache/repos/eclipse__rap,2026-09-04T23:27:58
git@github.com:eclipse/rap.git,6578541::data class,6578541.0,data class,complexity,repo_not_cloned,/Users/praffulg/Downloads/Neelam paper/cache/repos/eclipse__rap,2026-09-04T23:27:58
git@github.com:eclipse/rap.git,6579063::feature envy,6579063.0,feature envy,complexity,repo_not_cloned,/Users/praffulg/Downloads/Neelam paper/cache/repos/eclipse__rap,2026-09-04T23:27:58
git@github.com:eclipse/rap.git,6579063::long method,6579063.0,long method,complexity,repo_not_cloned,/Users/praffulg/Downloads/Neelam paper/cache/repos/eclipse__rap,2026-09-04T23:27:58
git@github.com:eclipse/rap.git,6579891::feature envy,6579891.0,feature envy,complexity,repo_not_cloned,/Users/praffulg/Downloads/Neelam paper/cache/repos/eclipse__rap,2026-09-04T23:27:58
git@github.com:eclipse/rap.git,6579891::long method,6579891.0,long method,complexity,repo_not_cloned,/Users/praffulg/Downloads/Neelam paper/cache/repos/eclipse__rap,2026-09-04T23:27:58
git@github.com:eclipse/rap.git,6581292::feature envy,6581292.0,feature envy,complexity,repo_not_cloned,/Users/praffulg/Downloads/Neelam paper/cache/repos/eclipse__rap,2026-09-04T23:27:58
git@github.com:eclipse/rap.git,6581292::long method,6581292.0,long method,complexity,repo_not_cloned,/Users/praffulg/Downloads/Neelam paper/cache/repos/eclipse__rap,2026-09-04T23:27:58
git@github.com:eclipse/rap.git,6583398::feature envy,6583398.0,feature envy,complexity,repo_not_cloned,/Users/praffulg/Downloads/Neelam paper/cache/repos/eclipse__rap,2026-09-04T23:27:58
git@github.com:eclipse/rap.git,6583398::long method,6583398.0,long method,complexity,repo_not_cloned,/Users/praffulg/Downloads/Neelam paper/cache/repos/eclipse__rap,2026-09-04T23:27:58
git@github.com:eclipse/rap.git,6589712::blob,6589712.0,blob,complexity,repo_not_cloned,/Users/praffulg/Downloads/Neelam paper/cache/repos/eclipse__rap,2026-09-04T23:27:58
git@github.com:eclipse/rap.git,6589712::data class,6589712.0,data class,complexity,repo_not_cloned,/Users/praffulg/Downloads/Neelam paper/cache/repos/eclipse__rap,2026-09-04T23:27:58
git@github.com:eclipse/rap.git,6589858::feature envy,6589858.0,feature envy,complexity,repo_not_cloned,/Users/praffulg/Downloads/Neelam paper/cache/repos/eclipse__rap,2026-09-04T23:27:58
git@github.com:eclipse/rap.git,6589858::long method,6589858.0,long method,complexity,repo_not_cloned,/Users/praffulg/Downloads/Neelam paper/cache/repos/eclipse__rap,2026-09-04T23:27:58
git@github.com:eclipse/titan.EclipsePlug-ins.git,7949921::feature envy,7949921.0,feature envy,complexity,repo_not_cloned,/Users/praffulg/Downloads/Neelam paper/cache/repos/eclipse__titan.EclipsePlug-ins,2026-09-04T23:28:46
git@github.com:eclipse/titan.EclipsePlug-ins.git,7949921::long method,7949921.0,long method,complexity,repo_not_cloned,/Users/praffulg/Downloads/Neelam paper/cache/repos/eclipse__titan.EclipsePlug-ins,2026-09-04T23:28:46
git@github.com:eclipse/titan.EclipsePlug-ins.git,7950542::feature envy,7950542.0,feature envy,complexity,repo_not_cloned,/Users/praffulg/Downloads/Neelam paper/cache/repos/eclipse__titan.EclipsePlug-ins,2026-09-04T23:28:46
git@github.com:eclipse/titan.EclipsePlug-ins.git,7950542::long method,7950542.0,long method,complexity,repo_not_cloned,/Users/praffulg/Downloads/Neelam paper/cache/repos/eclipse__titan.EclipsePlug-ins,2026-09-04T23:28:46
git@github.com:eclipse/titan.EclipsePlug-ins.git,7951909::feature envy,7951909.0,feature envy,complexity,repo_not_cloned,/Users/praffulg/Downloads/Neelam paper/cache/repos/eclipse__titan.EclipsePlug-ins,2026-09-04T23:28:46
git@github.com:eclipse/titan.EclipsePlug-ins.git,7951909::long method,7951909.0,long method,complexity,repo_not_cloned,/Users/praffulg/Downloads/Neelam paper/cache/repos/eclipse__titan.EclipsePlug-ins,2026-09-04T23:28:46
git@github.com:eclipse/titan.EclipsePlug-ins.git,7952037::blob,7952037.0,blob,complexity,repo_not_cloned,/Users/praffulg/Downloads/Neelam paper/cache/repos/eclipse__titan.EclipsePlug-ins,2026-09-04T23:28:46
git@github.com:eclipse/titan.EclipsePlug-ins.git,7952037::data class,7952037.0,data class,complexity,repo_not_cloned,/Users/praffulg/Downloads/Neelam paper/cache/repos/eclipse__titan.EclipsePlug-ins,2026-09-04T23:28:46
git@github.com:eclipse/titan.EclipsePlug-ins.git,7954017::feature envy,7954017.0,feature envy,complexity,repo_not_cloned,/Users/praffulg/Downloads/Neelam paper/cache/repos/eclipse__titan.EclipsePlug-ins,2026-09-04T23:28:46
git@github.com:eclipse/titan.EclipsePlug-ins.git,7954017::long method,7954017.0,long method,complexity,repo_not_cloned,/Users/praffulg/Downloads/Neelam paper/cache/repos/eclipse__titan.EclipsePlug-ins,2026-09-04T23:28:46
git@github.com:eclipse/titan.EclipsePlug-ins.git,7954026::blob,7954026.0,blob,complexity,repo_not_cloned,/Users/praffulg/Downloads/Neelam paper/cache/repos/eclipse__titan.EclipsePlug-ins,2026-09-04T23:28:46
git@github.com:eclipse/titan.EclipsePlug-ins.git,7954026::data class,7954026.0,data class,complexity,repo_not_cloned,/Users/praffulg/Downloads/Neelam paper/cache/repos/eclipse__titan.EclipsePlug-ins,2026-09-04T23:28:46
git@github.com:eclipse/titan.EclipsePlug-ins.git,7954103::feature envy,7954103.0,feature envy,complexity,repo_not_cloned,/Users/praffulg/Downloads/Neelam paper/cache/repos/eclipse__titan.EclipsePlug-ins,2026-09-04T23:28:46
git@github.com:eclipse/titan.EclipsePlug-ins.git,7954103::long method,7954103.0,long method,complexity,repo_not_cloned,/Users/praffulg/Downloads/Neelam paper/cache/repos/eclipse__titan.EclipsePlug-ins,2026-09-04T23:28:46
git@github.com:eclipse/titan.EclipsePlug-ins.git,7958322::feature envy,7958322.0,feature envy,complexity,repo_not_cloned,/Users/praffulg/Downloads/Neelam paper/cache/repos/eclipse__titan.EclipsePlug-ins,2026-09-04T23:28:46
git@github.com:eclipse/titan.EclipsePlug-ins.git,7958322::long method,7958322.0,long method,complexity,repo_not_cloned,/Users/praffulg/Downloads/Neelam paper/cache/repos/eclipse__titan.EclipsePlug-ins,2026-09-04T23:28:46
git@github.com:eclipse/titan.EclipsePlug-ins.git,7959083::blob,7959083.0,blob,complexity,repo_not_cloned,/Users/praffulg/Downloads/Neelam paper/cache/repos/eclipse__titan.EclipsePlug-ins,2026-09-04T23:28:46
git@github.com:eclipse/titan.EclipsePlug-ins.git,7959083::data class,7959083.0,data class,complexity,repo_not_cloned,/Users/praffulg/Downloads/Neelam paper/cache/repos/eclipse__titan.EclipsePlug-ins,2026-09-04T23:28:46
git@github.com:eclipse/titan.EclipsePlug-ins.git,7959714::feature envy,7959714.0,feature envy,complexity,repo_not_cloned,/Users/praffulg/Downloads/Neelam paper/cache/repos/eclipse__titan.EclipsePlug-ins,2026-09-04T23:28:46
git@github.com:eclipse/titan.EclipsePlug-ins.git,7959714::long method,7959714.0,long method,complexity,repo_not_cloned,/Users/praffulg/Downloads/Neelam paper/cache/repos/eclipse__titan.EclipsePlug-ins,2026-09-04T23:28:46
git@github.com:eclipse/titan.EclipsePlug-ins.git,7959812::blob,7959812.0,blob,complexity,repo_not_cloned,/Users/praffulg/Downloads/Neelam paper/cache/repos/eclipse__titan.EclipsePlug-ins,2026-09-04T23:28:46
git@github.com:eclipse/titan.EclipsePlug-ins.git,7959812::data class,7959812.0,data class,complexity,repo_not_cloned,/Users/praffulg/Downloads/Neelam paper/cache/repos/eclipse__titan.EclipsePlug-ins,2026-09-04T23:28:46
git@github.com:eclipse/titan.EclipsePlug-ins.git,7960668::feature envy,7960668.0,feature envy,complexity,repo_not_cloned,/Users/praffulg/Downloads/Neelam paper/cache/repos/eclipse__titan.EclipsePlug-ins,2026-09-04T23:28:46
git@github.com:eclipse/titan.EclipsePlug-ins.git,7960668::long method,7960668.0,long method,complexity,repo_not_cloned,/Users/praffulg/Downloads/Neelam paper/cache/repos/eclipse__titan.EclipsePlug-ins,2026-09-04T23:28:46
git@github.com:eclipse/titan.EclipsePlug-ins.git,7961199::blob,7961199.0,blob,complexity,repo_not_cloned,/Users/praffulg/Downloads/Neelam paper/cache/repos/eclipse__titan.EclipsePlug-ins,2026-09-04T23:28:46
git@github.com:eclipse/titan.EclipsePlug-ins.git,7961199::data class,7961199.0,data class,complexity,repo_not_cloned,/Users/praffulg/Downloads/Neelam paper/cache/repos/eclipse__titan.EclipsePlug-ins,2026-09-04T23:28:46
git@github.com:eclipse/titan.EclipsePlug-ins.git,7961760::blob,7961760.0,blob,complexity,repo_not_cloned,/Users/praffulg/Downloads/Neelam paper/cache/repos/eclipse__titan.EclipsePlug-ins,2026-09-04T23:28:46
git@github.com:eclipse/titan.EclipsePlug-ins.git,7961760::data class,7961760.0,data class,complexity,repo_not_cloned,/Users/praffulg/Downloads/Neelam paper/cache/repos/eclipse__titan.EclipsePlug-ins,2026-09-04T23:28:46
git@github.com:eclipse/titan.EclipsePlug-ins.git,7961905::blob,7961905.0,blob,complexity,repo_not_cloned,/Users/praffulg/Downloads/Neelam paper/cache/repos/eclipse__titan.EclipsePlug-ins,2026-09-04T23:28:46
git@github.com:eclipse/titan.EclipsePlug-ins.git,7961905::data class,7961905.0,data class,complexity,repo_not_cloned,/Users/praffulg/Downloads/Neelam paper/cache/repos/eclipse__titan.EclipsePlug-ins,2026-09-04T23:28:46
git@github.com:eclipse/titan.EclipsePlug-ins.git,7987645::blob,7987645.0,blob,complexity,repo_not_cloned,/Users/praffulg/Downloads/Neelam paper/cache/repos/eclipse__titan.EclipsePlug-ins,2026-09-04T23:28:46
git@github.com:eclipse/titan.EclipsePlug-ins.git,7987645::data class,7987645.0,data class,complexity,repo_not_cloned,/Users/praffulg/Downloads/Neelam paper/cache/repos/eclipse__titan.EclipsePlug-ins,2026-09-04T23:28:46
git@github.com:eclipse/titan.EclipsePlug-ins.git,8009118::feature envy,8009118.0,feature envy,complexity,repo_not_cloned,/Users/praffulg/Downloads/Neelam paper/cache/repos/eclipse__titan.EclipsePlug-ins,2026-09-04T23:28:46
git@github.com:eclipse/titan.EclipsePlug-ins.git,8009118::long method,8009118.0,long method,complexity,repo_not_cloned,/Users/praffulg/Downloads/Neelam paper/cache/repos/eclipse__titan.EclipsePlug-ins,2026-09-04T23:28:46
git@github.com:eclipse/titan.EclipsePlug-ins.git,8009299::feature envy,8009299.0,feature envy,complexity,repo_not_cloned,/Users/praffulg/Downloads/Neelam paper/cache/repos/eclipse__titan.EclipsePlug-ins,2026-09-04T23:28:46
git@github.com:eclipse/titan.EclipsePlug-ins.git,8009299::long method,8009299.0,long method,complexity,repo_not_cloned,/Users/praffulg/Downloads/Neelam paper/cache/repos/eclipse__titan.EclipsePlug-ins,2026-09-04T23:28:46
git@github.com:eclipse/titan.EclipsePlug-ins.git,8017975::feature envy,8017975.0,feature envy,complexity,repo_not_cloned,/Users/praffulg/Downloads/Neelam paper/cache/repos/eclipse__titan.EclipsePlug-ins,2026-09-04T23:28:46
git@github.com:eclipse/titan.EclipsePlug-ins.git,8017975::long method,8017975.0,long method,complexity,repo_not_cloned,/Users/praffulg/Downloads/Neelam paper/cache/repos/eclipse__titan.EclipsePlug-ins,2026-09-04T23:28:46
git@github.com:eclipse/titan.EclipsePlug-ins.git,8018535::blob,8018535.0,blob,complexity,repo_not_cloned,/Users/praffulg/Downloads/Neelam paper/cache/repos/eclipse__titan.EclipsePlug-ins,2026-09-04T23:28:46
git@github.com:eclipse/titan.EclipsePlug-ins.git,8018535::data class,8018535.0,data class,complexity,repo_not_cloned,/Users/praffulg/Downloads/Neelam paper/cache/repos/eclipse__titan.EclipsePlug-ins,2026-09-04T23:28:46
git@github.com:eclipse/titan.EclipsePlug-ins.git,8023829::blob,8023829.0,blob,complexity,repo_not_cloned,/Users/praffulg/Downloads/Neelam paper/cache/repos/eclipse__titan.EclipsePlug-ins,2026-09-04T23:28:46
git@github.com:eclipse/titan.EclipsePlug-ins.git,8023829::data class,8023829.0,data class,complexity,repo_not_cloned,/Users/praffulg/Downloads/Neelam paper/cache/repos/eclipse__titan.EclipsePlug-ins,2026-09-04T23:28:46
git@github.com:eclipse/titan.EclipsePlug-ins.git,8024427::feature envy,8024427.0,feature envy,complexity,repo_not_cloned,/Users/praffulg/Downloads/Neelam paper/cache/repos/eclipse__titan.EclipsePlug-ins,2026-09-04T23:28:46
git@github.com:eclipse/titan.EclipsePlug-ins.git,8024427::long method,8024427.0,long method,complexity,repo_not_cloned,/Users/praffulg/Downloads/Neelam paper/cache/repos/eclipse__titan.EclipsePlug-ins,2026-09-04T23:28:46
git@github.com:eclipse/titan.EclipsePlug-ins.git,8031777::feature envy,8031777.0,feature envy,complexity,repo_not_cloned,/Users/praffulg/Downloads/Neelam paper/cache/repos/eclipse__titan.EclipsePlug-ins,2026-09-04T23:28:46
git@github.com:eclipse/titan.EclipsePlug-ins.git,8031777::long method,8031777.0,long method,complexity,repo_not_cloned,/Users/praffulg/Downloads/Neelam paper/cache/repos/eclipse__titan.EclipsePlug-ins,2026-09-04T23:28:46
git@github.com:eclipse/titan.EclipsePlug-ins.git,8043430::blob,8043430.0,blob,complexity,repo_not_cloned,/Users/praffulg/Downloads/Neelam paper/cache/repos/eclipse__titan.EclipsePlug-ins,2026-09-04T23:28:46
git@github.com:eclipse/titan.EclipsePlug-ins.git,8043430::data class,8043430.0,data class,complexity,repo_not_cloned,/Users/praffulg/Downloads/Neelam paper/cache/repos/eclipse__titan.EclipsePlug-ins,2026-09-04T23:28:46
git@github.com:eclipse/titan.EclipsePlug-ins.git,8049607::feature envy,8049607.0,feature envy,complexity,repo_not_cloned,/Users/praffulg/Downloads/Neelam paper/cache/repos/eclipse__titan.EclipsePlug-ins,2026-09-04T23:28:46
git@github.com:eclipse/titan.EclipsePlug-ins.git,8049607::long method,8049607.0,long method,complexity,repo_not_cloned,/Users/praffulg/Downloads/Neelam paper/cache/repos/eclipse__titan.EclipsePlug-ins,2026-09-04T23:28:46
git@github.com:eclipse/titan.EclipsePlug-ins.git,8050493::feature envy,8050493.0,feature envy,complexity,repo_not_cloned,/Users/praffulg/Downloads/Neelam paper/cache/repos/eclipse__titan.EclipsePlug-ins,2026-09-04T23:28:46
git@github.com:eclipse/titan.EclipsePlug-ins.git,8050493::long method,8050493.0,long method,complexity,repo_not_cloned,/Users/praffulg/Downloads/Neelam paper/cache/repos/eclipse__titan.EclipsePlug-ins,2026-09-04T23:28:46
git@github.com:eclipse/titan.EclipsePlug-ins.git,8067122::feature envy,8067122.0,feature envy,complexity,repo_not_cloned,/Users/praffulg/Downloads/Neelam paper/cache/repos/eclipse__titan.EclipsePlug-ins,2026-09-04T23:28:46
git@github.com:eclipse/titan.EclipsePlug-ins.git,8067122::long method,8067122.0,long method,complexity,repo_not_cloned,/Users/praffulg/Downloads/Neelam paper/cache/repos/eclipse__titan.EclipsePlug-ins,2026-09-04T23:28:46
git@github.com:eclipse/titan.EclipsePlug-ins.git,8069899::blob,8069899.0,blob,complexity,repo_not_cloned,/Users/praffulg/Downloads/Neelam paper/cache/repos/eclipse__titan.EclipsePlug-ins,2026-09-04T23:28:46
git@github.com:eclipse/titan.EclipsePlug-ins.git,8069899::data class,8069899.0,data class,complexity,repo_not_cloned,/Users/praffulg/Downloads/Neelam paper/cache/repos/eclipse__titan.EclipsePlug-ins,2026-09-04T23:28:46
git@github.com:eclipse/titan.EclipsePlug-ins.git,8070913::feature envy,8070913.0,feature envy,complexity,repo_not_cloned,/Users/praffulg/Downloads/Neelam paper/cache/repos/eclipse__titan.EclipsePlug-ins,2026-09-04T23:28:46
git@github.com:eclipse/titan.EclipsePlug-ins.git,8070913::long method,8070913.0,long method,complexity,repo_not_cloned,/Users/praffulg/Downloads/Neelam paper/cache/repos/eclipse__titan.EclipsePlug-ins,2026-09-04T23:28:46
git@github.com:eclipse/titan.EclipsePlug-ins.git,8087833::feature envy,8087833.0,feature envy,complexity,repo_not_cloned,/Users/praffulg/Downloads/Neelam paper/cache/repos/eclipse__titan.EclipsePlug-ins,2026-09-04T23:28:46
git@github.com:eclipse/titan.EclipsePlug-ins.git,8087833::long method,8087833.0,long method,complexity,repo_not_cloned,/Users/praffulg/Downloads/Neelam paper/cache/repos/eclipse__titan.EclipsePlug-ins,2026-09-04T23:28:46
git@github.com:eclipse/titan.EclipsePlug-ins.git,8091719::blob,8091719.0,blob,complexity,repo_not_cloned,/Users/praffulg/Downloads/Neelam paper/cache/repos/eclipse__titan.EclipsePlug-ins,2026-09-04T23:28:46
git@github.com:eclipse/titan.EclipsePlug-ins.git,8091719::data class,8091719.0,data class,complexity,repo_not_cloned,/Users/praffulg/Downloads/Neelam paper/cache/repos/eclipse__titan.EclipsePlug-ins,2026-09-04T23:28:46
git@github.com:eclipse/titan.EclipsePlug-ins.git,8095851::feature envy,8095851.0,feature envy,complexity,repo_not_cloned,/Users/praffulg/Downloads/Neelam paper/cache/repos/eclipse__titan.EclipsePlug-ins,2026-09-04T23:28:46
git@github.com:eclipse/titan.EclipsePlug-ins.git,8095851::long method,8095851.0,long method,complexity,repo_not_cloned,/Users/praffulg/Downloads/Neelam paper/cache/repos/eclipse__titan.EclipsePlug-ins,2026-09-04T23:28:46
git@github.com:eclipse/webtools.sourceediting.git,6643667::blob,6643667.0,blob,complexity,repo_not_cloned,/Users/praffulg/Downloads/Neelam paper/cache/repos/eclipse__webtools.sourceediting,2026-09-04T23:29:29
git@github.com:eclipse/webtools.sourceediting.git,6643667::data class,6643667.0,data class,complexity,repo_not_cloned,/Users/praffulg/Downloads/Neelam paper/cache/repos/eclipse__webtools.sourceediting,2026-09-04T23:29:29
git@github.com:eclipse/webtools.sourceediting.git,6645623::blob,6645623.0,blob,complexity,repo_not_cloned,/Users/praffulg/Downloads/Neelam paper/cache/repos/eclipse__webtools.sourceediting,2026-09-04T23:29:29
git@github.com:eclipse/webtools.sourceediting.git,6645623::data class,6645623.0,data class,complexity,repo_not_cloned,/Users/praffulg/Downloads/Neelam paper/cache/repos/eclipse__webtools.sourceediting,2026-09-04T23:29:29
git@github.com:eclipse/webtools.sourceediting.git,6648229::feature envy,6648229.0,feature envy,complexity,repo_not_cloned,/Users/praffulg/Downloads/Neelam paper/cache/repos/eclipse__webtools.sourceediting,2026-09-04T23:29:29
git@github.com:eclipse/webtools.sourceediting.git,6648229::long method,6648229.0,long method,complexity,repo_not_cloned,/Users/praffulg/Downloads/Neelam paper/cache/repos/eclipse__webtools.sourceediting,2026-09-04T23:29:29
git@github.com:eclipse/webtools.sourceediting.git,6651983::blob,6651983.0,blob,complexity,repo_not_cloned,/Users/praffulg/Downloads/Neelam paper/cache/repos/eclipse__webtools.sourceediting,2026-09-04T23:29:29
git@github.com:eclipse/webtools.sourceediting.git,6651983::data class,6651983.0,data class,complexity,repo_not_cloned,/Users/praffulg/Downloads/Neelam paper/cache/repos/eclipse__webtools.sourceediting,2026-09-04T23:29:29
git@github.com:eclipse/webtools.sourceediting.git,6652229::feature envy,6652229.0,feature envy,complexity,repo_not_cloned,/Users/praffulg/Downloads/Neelam paper/cache/repos/eclipse__webtools.sourceediting,2026-09-04T23:29:29
git@github.com:eclipse/webtools.sourceediting.git,6652229::long method,6652229.0,long method,complexity,repo_not_cloned,/Users/praffulg/Downloads/Neelam paper/cache/repos/eclipse__webtools.sourceediting,2026-09-04T23:29:29
git@github.com:eclipse/webtools.sourceediting.git,6654627::feature envy,6654627.0,feature envy,complexity,repo_not_cloned,/Users/praffulg/Downloads/Neelam paper/cache/repos/eclipse__webtools.sourceediting,2026-09-04T23:29:29
git@github.com:eclipse/webtools.sourceediting.git,6654627::long method,6654627.0,long method,complexity,repo_not_cloned,/Users/praffulg/Downloads/Neelam paper/cache/repos/eclipse__webtools.sourceediting,2026-09-04T23:29:29
git@github.com:eclipse/webtools.sourceediting.git,6654966::blob,6654966.0,blob,complexity,repo_not_cloned,/Users/praffulg/Downloads/Neelam paper/cache/repos/eclipse__webtools.sourceediting,2026-09-04T23:29:29
git@github.com:eclipse/webtools.sourceediting.git,6654966::data class,6654966.0,data class,complexity,repo_not_cloned,/Users/praffulg/Downloads/Neelam paper/cache/repos/eclipse__webtools.sourceediting,2026-09-04T23:29:29
git@github.com:eclipse/webtools.sourceediting.git,6656706::blob,6656706.0,blob,complexity,repo_not_cloned,/Users/praffulg/Downloads/Neelam paper/cache/repos/eclipse__webtools.sourceediting,2026-09-04T23:29:29
git@github.com:eclipse/webtools.sourceediting.git,6656706::data class,6656706.0,data class,complexity,repo_not_cloned,/Users/praffulg/Downloads/Neelam paper/cache/repos/eclipse__webtools.sourceediting,2026-09-04T23:29:29
git@github.com:eclipse/webtools.sourceediting.git,6660510::feature envy,6660510.0,feature envy,complexity,repo_not_cloned,/Users/praffulg/Downloads/Neelam paper/cache/repos/eclipse__webtools.sourceediting,2026-09-04T23:29:29
git@github.com:eclipse/webtools.sourceediting.git,6660510::long method,6660510.0,long method,complexity,repo_not_cloned,/Users/praffulg/Downloads/Neelam paper/cache/repos/eclipse__webtools.sourceediting,2026-09-04T23:29:29
git@github.com:eclipse/webtools.sourceediting.git,6665183::feature envy,6665183.0,feature envy,complexity,repo_not_cloned,/Users/praffulg/Downloads/Neelam paper/cache/repos/eclipse__webtools.sourceediting,2026-09-04T23:29:29
git@github.com:eclipse/webtools.sourceediting.git,6665183::long method,6665183.0,long method,complexity,repo_not_cloned,/Users/praffulg/Downloads/Neelam paper/cache/repos/eclipse__webtools.sourceediting,2026-09-04T23:29:29
git@github.com:eclipse/webtools.sourceediting.git,6666702::feature envy,6666702.0,feature envy,complexity,repo_not_cloned,/Users/praffulg/Downloads/Neelam paper/cache/repos/eclipse__webtools.sourceediting,2026-09-04T23:29:29
git@github.com:eclipse/webtools.sourceediting.git,6666702::long method,6666702.0,long method,complexity,repo_not_cloned,/Users/praffulg/Downloads/Neelam paper/cache/repos/eclipse__webtools.sourceediting,2026-09-04T23:29:29
git@github.com:eclipse/webtools.sourceediting.git,6668271::feature envy,6668271.0,feature envy,complexity,repo_not_cloned,/Users/praffulg/Downloads/Neelam paper/cache/repos/eclipse__webtools.sourceediting,2026-09-04T23:29:29
git@github.com:eclipse/webtools.sourceediting.git,6668271::long method,6668271.0,long method,complexity,repo_not_cloned,/Users/praffulg/Downloads/Neelam paper/cache/repos/eclipse__webtools.sourceediting,2026-09-04T23:29:29
git@github.com:eclipse/webtools.sourceediting.git,6670656::feature envy,6670656.0,feature envy,complexity,repo_not_cloned,/Users/praffulg/Downloads/Neelam paper/cache/repos/eclipse__webtools.sourceediting,2026-09-04T23:29:29
git@github.com:eclipse/webtools.sourceediting.git,6670656::long method,6670656.0,long method,complexity,repo_not_cloned,/Users/praffulg/Downloads/Neelam paper/cache/repos/eclipse__webtools.sourceediting,2026-09-04T23:29:29
git@github.com:eclipse/webtools.sourceediting.git,6674458::feature envy,6674458.0,feature envy,complexity,repo_not_cloned,/Users/praffulg/Downloads/Neelam paper/cache/repos/eclipse__webtools.sourceediting,2026-09-04T23:29:29
git@github.com:eclipse/webtools.sourceediting.git,6674458::long method,6674458.0,long method,complexity,repo_not_cloned,/Users/praffulg/Downloads/Neelam paper/cache/repos/eclipse__webtools.sourceediting,2026-09-04T23:29:29
git@github.com:eclipse/webtools.sourceediting.git,6678026::blob,6678026.0,blob,complexity,repo_not_cloned,/Users/praffulg/Downloads/Neelam paper/cache/repos/eclipse__webtools.sourceediting,2026-09-04T23:29:29
git@github.com:eclipse/webtools.sourceediting.git,6678026::data class,6678026.0,data class,complexity,repo_not_cloned,/Users/praffulg/Downloads/Neelam paper/cache/repos/eclipse__webtools.sourceediting,2026-09-04T23:29:29
git@github.com:eclipse/webtools.sourceediting.git,6680763::blob,6680763.0,blob,complexity,repo_not_cloned,/Users/praffulg/Downloads/Neelam paper/cache/repos/eclipse__webtools.sourceediting,2026-09-04T23:29:29
git@github.com:eclipse/webtools.sourceediting.git,6680763::data class,6680763.0,data class,complexity,repo_not_cloned,/Users/praffulg/Downloads/Neelam paper/cache/repos/eclipse__webtools.sourceediting,2026-09-04T23:29:29
git@github.com:eclipse/webtools.sourceediting.git,6681713::feature envy,6681713.0,feature envy,complexity,repo_not_cloned,/Users/praffulg/Downloads/Neelam paper/cache/repos/eclipse__webtools.sourceediting,2026-09-04T23:29:29
git@github.com:eclipse/webtools.sourceediting.git,6681713::long method,6681713.0,long method,complexity,repo_not_cloned,/Users/praffulg/Downloads/Neelam paper/cache/repos/eclipse__webtools.sourceediting,2026-09-04T23:29:29
git@github.com:eclipse/webtools.sourceediting.git,6685037::blob,6685037.0,blob,complexity,repo_not_cloned,/Users/praffulg/Downloads/Neelam paper/cache/repos/eclipse__webtools.sourceediting,2026-09-04T23:29:29
git@github.com:eclipse/webtools.sourceediting.git,6685037::data class,6685037.0,data class,complexity,repo_not_cloned,/Users/praffulg/Downloads/Neelam paper/cache/repos/eclipse__webtools.sourceediting,2026-09-04T23:29:29
git@github.com:eclipse/webtools.sourceediting.git,6689007::blob,6689007.0,blob,complexity,repo_not_cloned,/Users/praffulg/Downloads/Neelam paper/cache/repos/eclipse__webtools.sourceediting,2026-09-04T23:29:29
git@github.com:eclipse/webtools.sourceediting.git,6689007::data class,6689007.0,data class,complexity,repo_not_cloned,/Users/praffulg/Downloads/Neelam paper/cache/repos/eclipse__webtools.sourceediting,2026-09-04T23:29:29
git@github.com:eclipse/webtools.sourceediting.git,6695546::blob,6695546.0,blob,complexity,repo_not_cloned,/Users/praffulg/Downloads/Neelam paper/cache/repos/eclipse__webtools.sourceediting,2026-09-04T23:29:29
git@github.com:eclipse/webtools.sourceediting.git,6695546::data class,6695546.0,data class,complexity,repo_not_cloned,/Users/praffulg/Downloads/Neelam paper/cache/repos/eclipse__webtools.sourceediting,2026-09-04T23:29:29
git@github.com:eclipse/webtools.sourceediting.git,6696450::blob,6696450.0,blob,complexity,repo_not_cloned,/Users/praffulg/Downloads/Neelam paper/cache/repos/eclipse__webtools.sourceediting,2026-09-04T23:29:29
git@github.com:eclipse/webtools.sourceediting.git,6696450::data class,6696450.0,data class,complexity,repo_not_cloned,/Users/praffulg/Downloads/Neelam paper/cache/repos/eclipse__webtools.sourceediting,2026-09-04T23:29:29
git@github.com:eclipse/webtools.sourceediting.git,6696822::blob,6696822.0,blob,complexity,repo_not_cloned,/Users/praffulg/Downloads/Neelam paper/cache/repos/eclipse__webtools.sourceediting,2026-09-04T23:29:29
git@github.com:eclipse/webtools.sourceediting.git,6696822::data class,6696822.0,data class,complexity,repo_not_cloned,/Users/praffulg/Downloads/Neelam paper/cache/repos/eclipse__webtools.sourceediting,2026-09-04T23:29:29
git@github.com:eclipse/webtools.sourceediting.git,6703396::feature envy,6703396.0,feature envy,complexity,repo_not_cloned,/Users/praffulg/Downloads/Neelam paper/cache/repos/eclipse__webtools.sourceediting,2026-09-04T23:29:29
git@github.com:eclipse/webtools.sourceediting.git,6703396::long method,6703396.0,long method,complexity,repo_not_cloned,/Users/praffulg/Downloads/Neelam paper/cache/repos/eclipse__webtools.sourceediting,2026-09-04T23:29:29
git@github.com:eclipse/webtools.sourceediting.git,6705537::feature envy,6705537.0,feature envy,complexity,repo_not_cloned,/Users/praffulg/Downloads/Neelam paper/cache/repos/eclipse__webtools.sourceediting,2026-09-04T23:29:29
git@github.com:eclipse/webtools.sourceediting.git,6705537::long method,6705537.0,long method,complexity,repo_not_cloned,/Users/praffulg/Downloads/Neelam paper/cache/repos/eclipse__webtools.sourceediting,2026-09-04T23:29:29
git@github.com:eclipse/webtools.sourceediting.git,6721460::feature envy,6721460.0,feature envy,complexity,repo_not_cloned,/Users/praffulg/Downloads/Neelam paper/cache/repos/eclipse__webtools.sourceediting,2026-09-04T23:29:29
git@github.com:eclipse/webtools.sourceediting.git,6721460::long method,6721460.0,long method,complexity,repo_not_cloned,/Users/praffulg/Downloads/Neelam paper/cache/repos/eclipse__webtools.sourceediting,2026-09-04T23:29:29
git@github.com:eclipse/webtools.sourceediting.git,6725112::blob,6725112.0,blob,complexity,repo_not_cloned,/Users/praffulg/Downloads/Neelam paper/cache/repos/eclipse__webtools.sourceediting,2026-09-04T23:29:29
git@github.com:eclipse/webtools.sourceediting.git,6725112::data class,6725112.0,data class,complexity,repo_not_cloned,/Users/praffulg/Downloads/Neelam paper/cache/repos/eclipse__webtools.sourceediting,2026-09-04T23:29:29
git@github.com:eclipse/webtools.sourceediting.git,6729098::feature envy,6729098.0,feature envy,complexity,repo_not_cloned,/Users/praffulg/Downloads/Neelam paper/cache/repos/eclipse__webtools.sourceediting,2026-09-04T23:29:29
git@github.com:eclipse/webtools.sourceediting.git,6729098::long method,6729098.0,long method,complexity,repo_not_cloned,/Users/praffulg/Downloads/Neelam paper/cache/repos/eclipse__webtools.sourceediting,2026-09-04T23:29:29
git@github.com:eclipse/webtools.sourceediting.git,6730087::feature envy,6730087.0,feature envy,complexity,repo_not_cloned,/Users/praffulg/Downloads/Neelam paper/cache/repos/eclipse__webtools.sourceediting,2026-09-04T23:29:29
git@github.com:eclipse/webtools.sourceediting.git,6730087::long method,6730087.0,long method,complexity,repo_not_cloned,/Users/praffulg/Downloads/Neelam paper/cache/repos/eclipse__webtools.sourceediting,2026-09-04T23:29:29
git@github.com:eclipse/webtools.sourceediting.git,6732424::feature envy,6732424.0,feature envy,complexity,repo_not_cloned,/Users/praffulg/Downloads/Neelam paper/cache/repos/eclipse__webtools.sourceediting,2026-09-04T23:29:29
git@github.com:eclipse/webtools.sourceediting.git,6732424::long method,6732424.0,long method,complexity,repo_not_cloned,/Users/praffulg/Downloads/Neelam paper/cache/repos/eclipse__webtools.sourceediting,2026-09-04T23:29:29
git@github.com:eclipse/webtools.sourceediting.git,6732448::blob,6732448.0,blob,complexity,repo_not_cloned,/Users/praffulg/Downloads/Neelam paper/cache/repos/eclipse__webtools.sourceediting,2026-09-04T23:29:29
git@github.com:eclipse/webtools.sourceediting.git,6732448::data class,6732448.0,data class,complexity,repo_not_cloned,/Users/praffulg/Downloads/Neelam paper/cache/repos/eclipse__webtools.sourceediting,2026-09-04T23:29:29
git@github.com:eclipse/webtools.sourceediting.git,6732692::blob,6732692.0,blob,complexity,repo_not_cloned,/Users/praffulg/Downloads/Neelam paper/cache/repos/eclipse__webtools.sourceediting,2026-09-04T23:29:29
git@github.com:eclipse/webtools.sourceediting.git,6732692::data class,6732692.0,data class,complexity,repo_not_cloned,/Users/praffulg/Downloads/Neelam paper/cache/repos/eclipse__webtools.sourceediting,2026-09-04T23:29:29
git@github.com:eclipse/webtools.sourceediting.git,6735393::feature envy,6735393.0,feature envy,complexity,repo_not_cloned,/Users/praffulg/Downloads/Neelam paper/cache/repos/eclipse__webtools.sourceediting,2026-09-04T23:29:29
git@github.com:eclipse/webtools.sourceediting.git,6735393::long method,6735393.0,long method,complexity,repo_not_cloned,/Users/praffulg/Downloads/Neelam paper/cache/repos/eclipse__webtools.sourceediting,2026-09-04T23:29:29
git@github.com:eclipse/webtools.sourceediting.git,6738255::blob,6738255.0,blob,complexity,repo_not_cloned,/Users/praffulg/Downloads/Neelam paper/cache/repos/eclipse__webtools.sourceediting,2026-09-04T23:29:29
git@github.com:eclipse/webtools.sourceediting.git,6738255::data class,6738255.0,data class,complexity,repo_not_cloned,/Users/praffulg/Downloads/Neelam paper/cache/repos/eclipse__webtools.sourceediting,2026-09-04T23:29:29
git@github.com:eclipse/webtools.sourceediting.git,6741910::blob,6741910.0,blob,complexity,repo_not_cloned,/Users/praffulg/Downloads/Neelam paper/cache/repos/eclipse__webtools.sourceediting,2026-09-04T23:29:29
git@github.com:eclipse/webtools.sourceediting.git,6741910::data class,6741910.0,data class,complexity,repo_not_cloned,/Users/praffulg/Downloads/Neelam paper/cache/repos/eclipse__webtools.sourceediting,2026-09-04T23:29:29
git@github.com:epam/DLab.git,6593325::feature envy,6593325.0,feature envy,complexity,repo_not_cloned,/Users/praffulg/Downloads/Neelam paper/cache/repos/epam__DLab,2026-09-04T23:32:17
git@github.com:epam/DLab.git,6593325::long method,6593325.0,long method,complexity,repo_not_cloned,/Users/praffulg/Downloads/Neelam paper/cache/repos/epam__DLab,2026-09-04T23:32:17
git@github.com:epam/DLab.git,6593393::blob,6593393.0,blob,complexity,repo_not_cloned,/Users/praffulg/Downloads/Neelam paper/cache/repos/epam__DLab,2026-09-04T23:32:17
git@github.com:epam/DLab.git,6593393::data class,6593393.0,data class,complexity,repo_not_cloned,/Users/praffulg/Downloads/Neelam paper/cache/repos/epam__DLab,2026-09-04T23:32:17
git@github.com:epam/DLab.git,6594157::blob,6594157.0,blob,complexity,repo_not_cloned,/Users/praffulg/Downloads/Neelam paper/cache/repos/epam__DLab,2026-09-04T23:32:17
git@github.com:epam/DLab.git,6594157::data class,6594157.0,data class,complexity,repo_not_cloned,/Users/praffulg/Downloads/Neelam paper/cache/repos/epam__DLab,2026-09-04T23:32:17
git@github.com:epam/DLab.git,6594892::feature envy,6594892.0,feature envy,complexity,repo_not_cloned,/Users/praffulg/Downloads/Neelam paper/cache/repos/epam__DLab,2026-09-04T23:32:17
git@github.com:epam/DLab.git,6594892::long method,6594892.0,long method,complexity,repo_not_cloned,/Users/praffulg/Downloads/Neelam paper/cache/repos/epam__DLab,2026-09-04T23:32:17
git@github.com:epam/DLab.git,6595424::feature envy,6595424.0,feature envy,complexity,repo_not_cloned,/Users/praffulg/Downloads/Neelam paper/cache/repos/epam__DLab,2026-09-04T23:32:17
git@github.com:epam/DLab.git,6595424::long method,6595424.0,long method,complexity,repo_not_cloned,/Users/praffulg/Downloads/Neelam paper/cache/repos/epam__DLab,2026-09-04T23:32:17
git@github.com:epam/DLab.git,6595547::long method,6595547.0,long method,complexity,repo_not_cloned,/Users/praffulg/Downloads/Neelam paper/cache/repos/epam__DLab,2026-09-04T23:32:17
git@github.com:salesforce/Argus.git,7242039::blob,7242039.0,blob,complexity,repo_not_cloned,/Users/praffulg/Downloads/Neelam paper/cache/repos/salesforce__Argus,2026-09-04T23:46:13
git@github.com:salesforce/Argus.git,7242039::data class,7242039.0,data class,complexity,repo_not_cloned,/Users/praffulg/Downloads/Neelam paper/cache/repos/salesforce__Argus,2026-09-04T23:46:13
git@github.com:salesforce/Argus.git,7243958::blob,7243958.0,blob,complexity,repo_not_cloned,/Users/praffulg/Downloads/Neelam paper/cache/repos/salesforce__Argus,2026-09-04T23:46:13
git@github.com:salesforce/Argus.git,7243958::data class,7243958.0,data class,complexity,repo_not_cloned,/Users/praffulg/Downloads/Neelam paper/cache/repos/salesforce__Argus,2026-09-04T23:46:13
git@github.com:salesforce/Argus.git,7244146::blob,7244146.0,blob,complexity,repo_not_cloned,/Users/praffulg/Downloads/Neelam paper/cache/repos/salesforce__Argus,2026-09-04T23:46:13
git@github.com:salesforce/Argus.git,7244146::data class,7244146.0,data class,complexity,repo_not_cloned,/Users/praffulg/Downloads/Neelam paper/cache/repos/salesforce__Argus,2026-09-04T23:46:13
git@github.com:Microsoft/EmbeddedSocial-Android-SDK.git,7134617::blob,7134617.0,blob,persistence_history,commit_not_ancestor_of_head,a507d791f19e53cee5a421309a6afbf9c37e00f7,2026-09-04T15:12:15
git@github.com:Microsoft/EmbeddedSocial-Android-SDK.git,7134617::data class,7134617.0,data class,persistence_history,commit_not_ancestor_of_head,a507d791f19e53cee5a421309a6afbf9c37e00f7,2026-09-04T15:12:15
git@github.com:Microsoft/EmbeddedSocial-Android-SDK.git,7135236::blob,7135236.0,blob,persistence_history,commit_not_ancestor_of_head,a507d791f19e53cee5a421309a6afbf9c37e00f7,2026-09-04T15:12:15
git@github.com:Microsoft/EmbeddedSocial-Android-SDK.git,7135236::data class,7135236.0,data class,persistence_history,commit_not_ancestor_of_head,a507d791f19e53cee5a421309a6afbf9c37e00f7,2026-09-04T15:12:15
git@github.com:Microsoft/EmbeddedSocial-Android-SDK.git,7137862::blob,7137862.0,blob,persistence_history,commit_not_ancestor_of_head,a507d791f19e53cee5a421309a6afbf9c37e00f7,2026-09-04T15:12:15
git@github.com:Microsoft/EmbeddedSocial-Android-SDK.git,7137862::data class,7137862.0,data class,persistence_history,commit_not_ancestor_of_head,a507d791f19e53cee5a421309a6afbf9c37e00f7,2026-09-04T15:12:15
git@github.com:amzn/exoplayer-amazon-port.git,3780834::feature envy,3780834.0,feature envy,persistence_history,commit_not_ancestor_of_head,90cf56092dca07e8752f8f7e063a0b3b98313942,2026-09-04T00:13:39
git@github.com:amzn/exoplayer-amazon-port.git,3780834::long method,3780834.0,long method,persistence_history,commit_not_ancestor_of_head,90cf56092dca07e8752f8f7e063a0b3b98313942,2026-09-04T00:13:39
git@github.com:amzn/exoplayer-amazon-port.git,3782985::feature envy,3782985.0,feature envy,persistence_history,commit_not_ancestor_of_head,90cf56092dca07e8752f8f7e063a0b3b98313942,2026-09-04T00:13:39
git@github.com:amzn/exoplayer-amazon-port.git,3782985::long method,3782985.0,long method,persistence_history,commit_not_ancestor_of_head,90cf56092dca07e8752f8f7e063a0b3b98313942,2026-09-04T00:13:39
git@github.com:amzn/exoplayer-amazon-port.git,3786480::blob,3786480.0,blob,persistence_history,commit_not_ancestor_of_head,90cf56092dca07e8752f8f7e063a0b3b98313942,2026-09-04T00:13:39
git@github.com:amzn/exoplayer-amazon-port.git,3786480::data class,3786480.0,data class,persistence_history,commit_not_ancestor_of_head,90cf56092dca07e8752f8f7e063a0b3b98313942,2026-09-04T00:13:39
git@github.com:amzn/exoplayer-amazon-port.git,3788627::blob,3788627.0,blob,persistence_history,commit_not_ancestor_of_head,90cf56092dca07e8752f8f7e063a0b3b98313942,2026-09-04T00:13:39
git@github.com:amzn/exoplayer-amazon-port.git,3788627::data class,3788627.0,data class,persistence_history,commit_not_ancestor_of_head,90cf56092dca07e8752f8f7e063a0b3b98313942,2026-09-04T00:13:39
git@github.com:amzn/exoplayer-amazon-port.git,3789205::blob,3789205.0,blob,persistence_history,commit_not_ancestor_of_head,90cf56092dca07e8752f8f7e063a0b3b98313942,2026-09-04T00:13:39
git@github.com:amzn/exoplayer-amazon-port.git,3789205::data class,3789205.0,data class,persistence_history,commit_not_ancestor_of_head,90cf56092dca07e8752f8f7e063a0b3b98313942,2026-09-04T00:13:39
git@github.com:amzn/exoplayer-amazon-port.git,3790421::feature envy,3790421.0,feature envy,persistence_history,commit_not_ancestor_of_head,90cf56092dca07e8752f8f7e063a0b3b98313942,2026-09-04T00:13:39
git@github.com:amzn/exoplayer-amazon-port.git,3790421::long method,3790421.0,long method,persistence_history,commit_not_ancestor_of_head,90cf56092dca07e8752f8f7e063a0b3b98313942,2026-09-04T00:13:39
git@github.com:amzn/exoplayer-amazon-port.git,3790799::blob,3790799.0,blob,persistence_history,commit_not_ancestor_of_head,90cf56092dca07e8752f8f7e063a0b3b98313942,2026-09-04T00:13:39
git@github.com:amzn/exoplayer-amazon-port.git,3790799::data class,3790799.0,data class,persistence_history,commit_not_ancestor_of_head,90cf56092dca07e8752f8f7e063a0b3b98313942,2026-09-04T00:13:39
git@github.com:amzn/exoplayer-amazon-port.git,3791275::feature envy,3791275.0,feature envy,persistence_history,commit_not_ancestor_of_head,90cf56092dca07e8752f8f7e063a0b3b98313942,2026-09-04T00:13:39
git@github.com:amzn/exoplayer-amazon-port.git,3791275::long method,3791275.0,long method,persistence_history,commit_not_ancestor_of_head,90cf56092dca07e8752f8f7e063a0b3b98313942,2026-09-04T00:13:39
git@github.com:amzn/exoplayer-amazon-port.git,3794102::feature envy,3794102.0,feature envy,persistence_history,commit_not_ancestor_of_head,90cf56092dca07e8752f8f7e063a0b3b98313942,2026-09-04T00:13:39
git@github.com:amzn/exoplayer-amazon-port.git,3794102::long method,3794102.0,long method,persistence_history,commit_not_ancestor_of_head,90cf56092dca07e8752f8f7e063a0b3b98313942,2026-09-04T00:13:39
git@github.com:amzn/exoplayer-amazon-port.git,3800392::feature envy,3800392.0,feature envy,persistence_history,commit_not_ancestor_of_head,90cf56092dca07e8752f8f7e063a0b3b98313942,2026-09-04T00:13:39
git@github.com:amzn/exoplayer-amazon-port.git,3800392::long method,3800392.0,long method,persistence_history,commit_not_ancestor_of_head,90cf56092dca07e8752f8f7e063a0b3b98313942,2026-09-04T00:13:39
git@github.com:apache/ctakes.git,4472442::blob,4472442.0,blob,persistence_history,commit_not_ancestor_of_head,79be3ba2833857714bb301449f021cca36f373e6,2026-09-04T11:30:06
git@github.com:apache/ctakes.git,4472442::data class,4472442.0,data class,persistence_history,commit_not_ancestor_of_head,79be3ba2833857714bb301449f021cca36f373e6,2026-09-04T11:30:06
git@github.com:apache/ctakes.git,4472450::blob,4472450.0,blob,persistence_history,commit_not_ancestor_of_head,79be3ba2833857714bb301449f021cca36f373e6,2026-09-04T11:30:06
git@github.com:apache/ctakes.git,4472450::data class,4472450.0,data class,persistence_history,commit_not_ancestor_of_head,79be3ba2833857714bb301449f021cca36f373e6,2026-09-04T11:30:06
git@github.com:apache/ctakes.git,4473015::feature envy,4473015.0,feature envy,persistence_history,commit_not_ancestor_of_head,79be3ba2833857714bb301449f021cca36f373e6,2026-09-04T11:30:06
git@github.com:apache/ctakes.git,4473015::long method,4473015.0,long method,persistence_history,commit_not_ancestor_of_head,79be3ba2833857714bb301449f021cca36f373e6,2026-09-04T11:30:06
git@github.com:apache/ctakes.git,4473448::blob,4473448.0,blob,persistence_history,commit_not_ancestor_of_head,79be3ba2833857714bb301449f021cca36f373e6,2026-09-04T11:30:06
git@github.com:apache/ctakes.git,4473448::data class,4473448.0,data class,persistence_history,commit_not_ancestor_of_head,79be3ba2833857714bb301449f021cca36f373e6,2026-09-04T11:30:06
git@github.com:apache/ctakes.git,4473720::feature envy,4473720.0,feature envy,persistence_history,commit_not_ancestor_of_head,79be3ba2833857714bb301449f021cca36f373e6,2026-09-04T11:30:06
git@github.com:apache/ctakes.git,4473720::long method,4473720.0,long method,persistence_history,commit_not_ancestor_of_head,79be3ba2833857714bb301449f021cca36f373e6,2026-09-04T11:30:06
git@github.com:apache/ctakes.git,4474548::feature envy,4474548.0,feature envy,persistence_history,commit_not_ancestor_of_head,79be3ba2833857714bb301449f021cca36f373e6,2026-09-04T11:30:06
git@github.com:apache/ctakes.git,4474548::long method,4474548.0,long method,persistence_history,commit_not_ancestor_of_head,79be3ba2833857714bb301449f021cca36f373e6,2026-09-04T11:30:06
git@github.com:apache/ctakes.git,4475154::feature envy,4475154.0,feature envy,persistence_history,commit_not_ancestor_of_head,79be3ba2833857714bb301449f021cca36f373e6,2026-09-04T11:30:06
git@github.com:apache/ctakes.git,4475154::long method,4475154.0,long method,persistence_history,commit_not_ancestor_of_head,79be3ba2833857714bb301449f021cca36f373e6,2026-09-04T11:30:06
git@github.com:apache/ctakes.git,4479629::blob,4479629.0,blob,persistence_history,commit_not_ancestor_of_head,79be3ba2833857714bb301449f021cca36f373e6,2026-09-04T11:30:06
git@github.com:apache/ctakes.git,4479629::data class,4479629.0,data class,persistence_history,commit_not_ancestor_of_head,79be3ba2833857714bb301449f021cca36f373e6,2026-09-04T11:30:06
git@github.com:apache/ctakes.git,4480837::blob,4480837.0,blob,persistence_history,commit_not_ancestor_of_head,79be3ba2833857714bb301449f021cca36f373e6,2026-09-04T11:30:06
git@github.com:apache/ctakes.git,4480837::data class,4480837.0,data class,persistence_history,commit_not_ancestor_of_head,79be3ba2833857714bb301449f021cca36f373e6,2026-09-04T11:30:06
git@github.com:apache/ctakes.git,4486552::feature envy,4486552.0,feature envy,persistence_history,commit_not_ancestor_of_head,79be3ba2833857714bb301449f021cca36f373e6,2026-09-04T11:30:06
git@github.com:apache/ctakes.git,4486552::long method,4486552.0,long method,persistence_history,commit_not_ancestor_of_head,79be3ba2833857714bb301449f021cca36f373e6,2026-09-04T11:30:06
git@github.com:apache/ctakes.git,4487855::blob,4487855.0,blob,persistence_history,commit_not_ancestor_of_head,79be3ba2833857714bb301449f021cca36f373e6,2026-09-04T11:30:06
git@github.com:apache/ctakes.git,4487855::data class,4487855.0,data class,persistence_history,commit_not_ancestor_of_head,79be3ba2833857714bb301449f021cca36f373e6,2026-09-04T11:30:06
git@github.com:apache/ctakes.git,4488901::feature envy,4488901.0,feature envy,persistence_history,commit_not_ancestor_of_head,79be3ba2833857714bb301449f021cca36f373e6,2026-09-04T11:30:06
git@github.com:apache/ctakes.git,4488901::long method,4488901.0,long method,persistence_history,commit_not_ancestor_of_head,79be3ba2833857714bb301449f021cca36f373e6,2026-09-04T11:30:06
git@github.com:apache/ctakes.git,4490338::feature envy,4490338.0,feature envy,persistence_history,commit_not_ancestor_of_head,79be3ba2833857714bb301449f021cca36f373e6,2026-09-04T11:30:06
git@github.com:apache/ctakes.git,4490338::long method,4490338.0,long method,persistence_history,commit_not_ancestor_of_head,79be3ba2833857714bb301449f021cca36f373e6,2026-09-04T11:30:06
git@github.com:apache/ctakes.git,4491039::blob,4491039.0,blob,persistence_history,commit_not_ancestor_of_head,79be3ba2833857714bb301449f021cca36f373e6,2026-09-04T11:30:06
git@github.com:apache/ctakes.git,4491039::data class,4491039.0,data class,persistence_history,commit_not_ancestor_of_head,79be3ba2833857714bb301449f021cca36f373e6,2026-09-04T11:30:06
git@github.com:apache/ctakes.git,4491391::feature envy,4491391.0,feature envy,persistence_history,commit_not_ancestor_of_head,79be3ba2833857714bb301449f021cca36f373e6,2026-09-04T11:30:06
git@github.com:apache/ctakes.git,4491391::long method,4491391.0,long method,persistence_history,commit_not_ancestor_of_head,79be3ba2833857714bb301449f021cca36f373e6,2026-09-04T11:30:06
git@github.com:apache/ctakes.git,4493181::blob,4493181.0,blob,persistence_history,commit_not_ancestor_of_head,79be3ba2833857714bb301449f021cca36f373e6,2026-09-04T11:30:06
git@github.com:apache/ctakes.git,4493181::data class,4493181.0,data class,persistence_history,commit_not_ancestor_of_head,79be3ba2833857714bb301449f021cca36f373e6,2026-09-04T11:30:06
git@github.com:apache/ctakes.git,4493485::feature envy,4493485.0,feature envy,persistence_history,commit_not_ancestor_of_head,79be3ba2833857714bb301449f021cca36f373e6,2026-09-04T11:30:06
git@github.com:apache/ctakes.git,4493485::long method,4493485.0,long method,persistence_history,commit_not_ancestor_of_head,79be3ba2833857714bb301449f021cca36f373e6,2026-09-04T11:30:06
git@github.com:apache/ctakes.git,4494161::feature envy,4494161.0,feature envy,persistence_history,commit_not_ancestor_of_head,79be3ba2833857714bb301449f021cca36f373e6,2026-09-04T11:30:06
git@github.com:apache/ctakes.git,4494161::long method,4494161.0,long method,persistence_history,commit_not_ancestor_of_head,79be3ba2833857714bb301449f021cca36f373e6,2026-09-04T11:30:06
git@github.com:apache/felix.git,4502504::feature envy,4502504.0,feature envy,persistence_history,commit_not_ancestor_of_head,a132994b250751d4ba3b115ee070ba397d9840ca,2026-09-04T11:30:46
git@github.com:apache/felix.git,4502504::long method,4502504.0,long method,persistence_history,commit_not_ancestor_of_head,a132994b250751d4ba3b115ee070ba397d9840ca,2026-09-04T11:30:46
git@github.com:apache/felix.git,4506790::blob,4506790.0,blob,persistence_history,commit_not_ancestor_of_head,a132994b250751d4ba3b115ee070ba397d9840ca,2026-09-04T11:30:46
git@github.com:apache/felix.git,4506790::data class,4506790.0,data class,persistence_history,commit_not_ancestor_of_head,a132994b250751d4ba3b115ee070ba397d9840ca,2026-09-04T11:30:46
git@github.com:apache/felix.git,4508554::blob,4508554.0,blob,persistence_history,commit_not_ancestor_of_head,a132994b250751d4ba3b115ee070ba397d9840ca,2026-09-04T11:30:46
git@github.com:apache/felix.git,4508554::data class,4508554.0,data class,persistence_history,commit_not_ancestor_of_head,a132994b250751d4ba3b115ee070ba397d9840ca,2026-09-04T11:30:46
git@github.com:apache/felix.git,4509296::blob,4509296.0,blob,persistence_history,commit_not_ancestor_of_head,a132994b250751d4ba3b115ee070ba397d9840ca,2026-09-04T11:30:46
git@github.com:apache/felix.git,4509296::data class,4509296.0,data class,persistence_history,commit_not_ancestor_of_head,a132994b250751d4ba3b115ee070ba397d9840ca,2026-09-04T11:30:46
git@github.com:apache/felix.git,4512195::blob,4512195.0,blob,persistence_history,commit_not_ancestor_of_head,a132994b250751d4ba3b115ee070ba397d9840ca,2026-09-04T11:30:46
git@github.com:apache/felix.git,4512195::data class,4512195.0,data class,persistence_history,commit_not_ancestor_of_head,a132994b250751d4ba3b115ee070ba397d9840ca,2026-09-04T11:30:46
git@github.com:apache/felix.git,4512609::feature envy,4512609.0,feature envy,persistence_history,commit_not_ancestor_of_head,a132994b250751d4ba3b115ee070ba397d9840ca,2026-09-04T11:30:46
git@github.com:apache/felix.git,4512609::long method,4512609.0,long method,persistence_history,commit_not_ancestor_of_head,a132994b250751d4ba3b115ee070ba397d9840ca,2026-09-04T11:30:46
git@github.com:apache/felix.git,4514229::feature envy,4514229.0,feature envy,persistence_history,commit_not_ancestor_of_head,a132994b250751d4ba3b115ee070ba397d9840ca,2026-09-04T11:30:46
git@github.com:apache/felix.git,4514229::long method,4514229.0,long method,persistence_history,commit_not_ancestor_of_head,a132994b250751d4ba3b115ee070ba397d9840ca,2026-09-04T11:30:46
git@github.com:apache/felix.git,4514232::feature envy,4514232.0,feature envy,persistence_history,commit_not_ancestor_of_head,a132994b250751d4ba3b115ee070ba397d9840ca,2026-09-04T11:30:46
git@github.com:apache/felix.git,4514232::long method,4514232.0,long method,persistence_history,commit_not_ancestor_of_head,a132994b250751d4ba3b115ee070ba397d9840ca,2026-09-04T11:30:46
git@github.com:apache/felix.git,4515721::blob,4515721.0,blob,persistence_history,commit_not_ancestor_of_head,a132994b250751d4ba3b115ee070ba397d9840ca,2026-09-04T11:30:46
git@github.com:apache/felix.git,4515721::data class,4515721.0,data class,persistence_history,commit_not_ancestor_of_head,a132994b250751d4ba3b115ee070ba397d9840ca,2026-09-04T11:30:46
git@github.com:apache/felix.git,4516585::blob,4516585.0,blob,persistence_history,commit_not_ancestor_of_head,a132994b250751d4ba3b115ee070ba397d9840ca,2026-09-04T11:30:46
git@github.com:apache/felix.git,4516585::data class,4516585.0,data class,persistence_history,commit_not_ancestor_of_head,a132994b250751d4ba3b115ee070ba397d9840ca,2026-09-04T11:30:46
git@github.com:apache/felix.git,4516760::blob,4516760.0,blob,persistence_history,commit_not_ancestor_of_head,a132994b250751d4ba3b115ee070ba397d9840ca,2026-09-04T11:30:46
git@github.com:apache/felix.git,4516760::data class,4516760.0,data class,persistence_history,commit_not_ancestor_of_head,a132994b250751d4ba3b115ee070ba397d9840ca,2026-09-04T11:30:46
git@github.com:apache/felix.git,4517142::blob,4517142.0,blob,persistence_history,commit_not_ancestor_of_head,a132994b250751d4ba3b115ee070ba397d9840ca,2026-09-04T11:30:46
git@github.com:apache/felix.git,4517142::data class,4517142.0,data class,persistence_history,commit_not_ancestor_of_head,a132994b250751d4ba3b115ee070ba397d9840ca,2026-09-04T11:30:46
git@github.com:apache/felix.git,4517572::blob,4517572.0,blob,persistence_history,commit_not_ancestor_of_head,a132994b250751d4ba3b115ee070ba397d9840ca,2026-09-04T11:30:46
git@github.com:apache/felix.git,4517572::data class,4517572.0,data class,persistence_history,commit_not_ancestor_of_head,a132994b250751d4ba3b115ee070ba397d9840ca,2026-09-04T11:30:46
git@github.com:apache/felix.git,4522222::feature envy,4522222.0,feature envy,persistence_history,commit_not_ancestor_of_head,a132994b250751d4ba3b115ee070ba397d9840ca,2026-09-04T11:30:46
git@github.com:apache/felix.git,4522222::long method,4522222.0,long method,persistence_history,commit_not_ancestor_of_head,a132994b250751d4ba3b115ee070ba397d9840ca,2026-09-04T11:30:46
git@github.com:apache/felix.git,4523536::feature envy,4523536.0,feature envy,persistence_history,commit_not_ancestor_of_head,a132994b250751d4ba3b115ee070ba397d9840ca,2026-09-04T11:30:46
git@github.com:apache/felix.git,4523536::long method,4523536.0,long method,persistence_history,commit_not_ancestor_of_head,a132994b250751d4ba3b115ee070ba397d9840ca,2026-09-04T11:30:46
git@github.com:apache/felix.git,4525067::blob,4525067.0,blob,persistence_history,commit_not_ancestor_of_head,a132994b250751d4ba3b115ee070ba397d9840ca,2026-09-04T11:30:46
git@github.com:apache/felix.git,4525067::data class,4525067.0,data class,persistence_history,commit_not_ancestor_of_head,a132994b250751d4ba3b115ee070ba397d9840ca,2026-09-04T11:30:46
git@github.com:apache/felix.git,4527035::feature envy,4527035.0,feature envy,persistence_history,commit_not_ancestor_of_head,a132994b250751d4ba3b115ee070ba397d9840ca,2026-09-04T11:30:46
git@github.com:apache/felix.git,4527035::long method,4527035.0,long method,persistence_history,commit_not_ancestor_of_head,a132994b250751d4ba3b115ee070ba397d9840ca,2026-09-04T11:30:46
git@github.com:apache/felix.git,4532155::feature envy,4532155.0,feature envy,persistence_history,commit_not_ancestor_of_head,a132994b250751d4ba3b115ee070ba397d9840ca,2026-09-04T11:30:46
git@github.com:apache/felix.git,4532155::long method,4532155.0,long method,persistence_history,commit_not_ancestor_of_head,a132994b250751d4ba3b115ee070ba397d9840ca,2026-09-04T11:30:46
git@github.com:apache/felix.git,4534763::feature envy,4534763.0,feature envy,persistence_history,commit_not_ancestor_of_head,a132994b250751d4ba3b115ee070ba397d9840ca,2026-09-04T11:30:46
git@github.com:apache/felix.git,4534763::long method,4534763.0,long method,persistence_history,commit_not_ancestor_of_head,a132994b250751d4ba3b115ee070ba397d9840ca,2026-09-04T11:30:46
git@github.com:apache/felix.git,4536178::feature envy,4536178.0,feature envy,persistence_history,commit_not_ancestor_of_head,a132994b250751d4ba3b115ee070ba397d9840ca,2026-09-04T11:30:46
git@github.com:apache/felix.git,4536178::long method,4536178.0,long method,persistence_history,commit_not_ancestor_of_head,a132994b250751d4ba3b115ee070ba397d9840ca,2026-09-04T11:30:46
git@github.com:apache/felix.git,4536448::blob,4536448.0,blob,persistence_history,commit_not_ancestor_of_head,a132994b250751d4ba3b115ee070ba397d9840ca,2026-09-04T11:30:46
git@github.com:apache/felix.git,4536448::data class,4536448.0,data class,persistence_history,commit_not_ancestor_of_head,a132994b250751d4ba3b115ee070ba397d9840ca,2026-09-04T11:30:46
git@github.com:apache/log4j.git,5025102::blob,5025102.0,blob,persistence_history,commit_not_ancestor_of_head,7be00eed88152dd011a619e8bae5a631235c3f4c,2026-09-04T13:31:41
git@github.com:apache/log4j.git,5025102::data class,5025102.0,data class,persistence_history,commit_not_ancestor_of_head,7be00eed88152dd011a619e8bae5a631235c3f4c,2026-09-04T13:31:41
git@github.com:apache/log4j.git,5025413::feature envy,5025413.0,feature envy,persistence_history,commit_not_ancestor_of_head,7be00eed88152dd011a619e8bae5a631235c3f4c,2026-09-04T13:31:41
git@github.com:apache/log4j.git,5025413::long method,5025413.0,long method,persistence_history,commit_not_ancestor_of_head,7be00eed88152dd011a619e8bae5a631235c3f4c,2026-09-04T13:31:41
git@github.com:apache/log4j.git,5025893::feature envy,5025893.0,feature envy,persistence_history,commit_not_ancestor_of_head,7be00eed88152dd011a619e8bae5a631235c3f4c,2026-09-04T13:31:41
git@github.com:apache/log4j.git,5025893::long method,5025893.0,long method,persistence_history,commit_not_ancestor_of_head,7be00eed88152dd011a619e8bae5a631235c3f4c,2026-09-04T13:31:41
git@github.com:apache/log4j.git,5026271::blob,5026271.0,blob,persistence_history,commit_not_ancestor_of_head,7be00eed88152dd011a619e8bae5a631235c3f4c,2026-09-04T13:31:41
git@github.com:apache/log4j.git,5026271::data class,5026271.0,data class,persistence_history,commit_not_ancestor_of_head,7be00eed88152dd011a619e8bae5a631235c3f4c,2026-09-04T13:31:41
git@github.com:apache/log4j.git,5027180::blob,5027180.0,blob,persistence_history,commit_not_ancestor_of_head,7be00eed88152dd011a619e8bae5a631235c3f4c,2026-09-04T13:31:41
git@github.com:apache/log4j.git,5027180::data class,5027180.0,data class,persistence_history,commit_not_ancestor_of_head,7be00eed88152dd011a619e8bae5a631235c3f4c,2026-09-04T13:31:41
git@github.com:apache/logging-log4j2.git,5052296::blob,5052296.0,blob,persistence_history,commit_not_ancestor_of_head,9b6bb237ae8771ffbf6d61ed07b0acb4f4dc2da6,2026-09-04T13:32:18
git@github.com:apache/logging-log4j2.git,5052296::data class,5052296.0,data class,persistence_history,commit_not_ancestor_of_head,9b6bb237ae8771ffbf6d61ed07b0acb4f4dc2da6,2026-09-04T13:32:18
git@github.com:apache/logging-log4j2.git,5057041::feature envy,5057041.0,feature envy,persistence_history,commit_not_ancestor_of_head,9b6bb237ae8771ffbf6d61ed07b0acb4f4dc2da6,2026-09-04T13:32:18
git@github.com:apache/logging-log4j2.git,5057041::long method,5057041.0,long method,persistence_history,commit_not_ancestor_of_head,9b6bb237ae8771ffbf6d61ed07b0acb4f4dc2da6,2026-09-04T13:32:18
git@github.com:apache/logging-log4j2.git,5058759::blob,5058759.0,blob,persistence_history,commit_not_ancestor_of_head,9b6bb237ae8771ffbf6d61ed07b0acb4f4dc2da6,2026-09-04T13:32:18
git@github.com:apache/logging-log4j2.git,5058759::data class,5058759.0,data class,persistence_history,commit_not_ancestor_of_head,9b6bb237ae8771ffbf6d61ed07b0acb4f4dc2da6,2026-09-04T13:32:18
git@github.com:apache/logging-log4j2.git,5066014::feature envy,5066014.0,feature envy,persistence_history,commit_not_ancestor_of_head,9b6bb237ae8771ffbf6d61ed07b0acb4f4dc2da6,2026-09-04T13:32:18
git@github.com:apache/logging-log4j2.git,5066014::long method,5066014.0,long method,persistence_history,commit_not_ancestor_of_head,9b6bb237ae8771ffbf6d61ed07b0acb4f4dc2da6,2026-09-04T13:32:18
git@github.com:apache/logging-log4j2.git,5070999::feature envy,5070999.0,feature envy,persistence_history,commit_not_ancestor_of_head,9b6bb237ae8771ffbf6d61ed07b0acb4f4dc2da6,2026-09-04T13:32:18
git@github.com:apache/logging-log4j2.git,5070999::long method,5070999.0,long method,persistence_history,commit_not_ancestor_of_head,9b6bb237ae8771ffbf6d61ed07b0acb4f4dc2da6,2026-09-04T13:32:18
git@github.com:apache/logging-log4j2.git,5072938::blob,5072938.0,blob,persistence_history,commit_not_ancestor_of_head,9b6bb237ae8771ffbf6d61ed07b0acb4f4dc2da6,2026-09-04T13:32:18
git@github.com:apache/logging-log4j2.git,5072938::data class,5072938.0,data class,persistence_history,commit_not_ancestor_of_head,9b6bb237ae8771ffbf6d61ed07b0acb4f4dc2da6,2026-09-04T13:32:18
git@github.com:apache/uima-ruta.git,5820419::feature envy,5820419.0,feature envy,persistence_history,commit_not_ancestor_of_head,08efb111a775b4ba01cf048ac699aa9c22188325,2026-09-04T13:58:07
git@github.com:apache/uima-ruta.git,5820419::long method,5820419.0,long method,persistence_history,commit_not_ancestor_of_head,08efb111a775b4ba01cf048ac699aa9c22188325,2026-09-04T13:58:07
git@github.com:apache/uima-ruta.git,5820518::blob,5820518.0,blob,persistence_history,commit_not_ancestor_of_head,08efb111a775b4ba01cf048ac699aa9c22188325,2026-09-04T13:58:07
git@github.com:apache/uima-ruta.git,5820518::data class,5820518.0,data class,persistence_history,commit_not_ancestor_of_head,08efb111a775b4ba01cf048ac699aa9c22188325,2026-09-04T13:58:07
git@github.com:apache/uima-ruta.git,5822090::blob,5822090.0,blob,persistence_history,commit_not_ancestor_of_head,08efb111a775b4ba01cf048ac699aa9c22188325,2026-09-04T13:58:07
git@github.com:apache/uima-ruta.git,5822090::data class,5822090.0,data class,persistence_history,commit_not_ancestor_of_head,08efb111a775b4ba01cf048ac699aa9c22188325,2026-09-04T13:58:07
git@github.com:apache/uima-ruta.git,5822785::blob,5822785.0,blob,persistence_history,commit_not_ancestor_of_head,08efb111a775b4ba01cf048ac699aa9c22188325,2026-09-04T13:58:07
git@github.com:apache/uima-ruta.git,5822785::data class,5822785.0,data class,persistence_history,commit_not_ancestor_of_head,08efb111a775b4ba01cf048ac699aa9c22188325,2026-09-04T13:58:07
git@github.com:apache/uima-ruta.git,5822952::blob,5822952.0,blob,persistence_history,commit_not_ancestor_of_head,08efb111a775b4ba01cf048ac699aa9c22188325,2026-09-04T13:58:07
git@github.com:apache/uima-ruta.git,5822952::data class,5822952.0,data class,persistence_history,commit_not_ancestor_of_head,08efb111a775b4ba01cf048ac699aa9c22188325,2026-09-04T13:58:07
git@github.com:apache/uima-ruta.git,5823351::blob,5823351.0,blob,persistence_history,commit_not_ancestor_of_head,08efb111a775b4ba01cf048ac699aa9c22188325,2026-09-04T13:58:07
git@github.com:apache/uima-ruta.git,5823351::data class,5823351.0,data class,persistence_history,commit_not_ancestor_of_head,08efb111a775b4ba01cf048ac699aa9c22188325,2026-09-04T13:58:07
git@github.com:apache/uima-ruta.git,5824343::feature envy,5824343.0,feature envy,persistence_history,commit_not_ancestor_of_head,08efb111a775b4ba01cf048ac699aa9c22188325,2026-09-04T13:58:07
git@github.com:apache/uima-ruta.git,5824343::long method,5824343.0,long method,persistence_history,commit_not_ancestor_of_head,08efb111a775b4ba01cf048ac699aa9c22188325,2026-09-04T13:58:07
git@github.com:apache/uima-ruta.git,5827363::blob,5827363.0,blob,persistence_history,commit_not_ancestor_of_head,08efb111a775b4ba01cf048ac699aa9c22188325,2026-09-04T13:58:07
git@github.com:apache/uima-ruta.git,5827363::data class,5827363.0,data class,persistence_history,commit_not_ancestor_of_head,08efb111a775b4ba01cf048ac699aa9c22188325,2026-09-04T13:58:07
git@github.com:apache/uima-ruta.git,5827504::feature envy,5827504.0,feature envy,persistence_history,commit_not_ancestor_of_head,08efb111a775b4ba01cf048ac699aa9c22188325,2026-09-04T13:58:07
git@github.com:apache/uima-ruta.git,5827504::long method,5827504.0,long method,persistence_history,commit_not_ancestor_of_head,08efb111a775b4ba01cf048ac699aa9c22188325,2026-09-04T13:58:07
git@github.com:apache/uima-ruta.git,5827650::blob,5827650.0,blob,persistence_history,commit_not_ancestor_of_head,08efb111a775b4ba01cf048ac699aa9c22188325,2026-09-04T13:58:07
git@github.com:apache/uima-ruta.git,5827650::data class,5827650.0,data class,persistence_history,commit_not_ancestor_of_head,08efb111a775b4ba01cf048ac699aa9c22188325,2026-09-04T13:58:07
git@github.com:eclipse/californium.git,6029853::feature envy,6029853.0,feature envy,persistence_history,commit_not_ancestor_of_head,0dd6db579be90c514dd765027ec55ed7a4668337,2026-09-04T14:07:19
git@github.com:eclipse/californium.git,6029853::long method,6029853.0,long method,persistence_history,commit_not_ancestor_of_head,0dd6db579be90c514dd765027ec55ed7a4668337,2026-09-04T14:07:19
git@github.com:eclipse/californium.git,6030541::feature envy,6030541.0,feature envy,persistence_history,commit_not_ancestor_of_head,0dd6db579be90c514dd765027ec55ed7a4668337,2026-09-04T14:07:19
git@github.com:eclipse/californium.git,6030541::long method,6030541.0,long method,persistence_history,commit_not_ancestor_of_head,0dd6db579be90c514dd765027ec55ed7a4668337,2026-09-04T14:07:19
git@github.com:eclipse/californium.git,6030681::feature envy,6030681.0,feature envy,persistence_history,commit_not_ancestor_of_head,0dd6db579be90c514dd765027ec55ed7a4668337,2026-09-04T14:07:19
git@github.com:eclipse/californium.git,6030681::long method,6030681.0,long method,persistence_history,commit_not_ancestor_of_head,0dd6db579be90c514dd765027ec55ed7a4668337,2026-09-04T14:07:19
git@github.com:epam/NGB.git,6601584::feature envy,6601584.0,feature envy,persistence_history,commit_not_ancestor_of_head,340504529fc576eeec92fbae636e437ce486cc4a,2026-09-04T14:26:06
git@github.com:epam/NGB.git,6601584::long method,6601584.0,long method,persistence_history,commit_not_ancestor_of_head,340504529fc576eeec92fbae636e437ce486cc4a,2026-09-04T14:26:06
git@github.com:epam/NGB.git,6603072::blob,6603072.0,blob,persistence_history,commit_not_ancestor_of_head,340504529fc576eeec92fbae636e437ce486cc4a,2026-09-04T14:26:06
git@github.com:epam/NGB.git,6603072::data class,6603072.0,data class,persistence_history,commit_not_ancestor_of_head,340504529fc576eeec92fbae636e437ce486cc4a,2026-09-04T14:26:06
git@github.com:epam/NGB.git,6605811::blob,6605811.0,blob,persistence_history,commit_not_ancestor_of_head,340504529fc576eeec92fbae636e437ce486cc4a,2026-09-04T14:26:06
git@github.com:epam/NGB.git,6605811::data class,6605811.0,data class,persistence_history,commit_not_ancestor_of_head,340504529fc576eeec92fbae636e437ce486cc4a,2026-09-04T14:26:06
git@github.com:epam/NGB.git,6605818::feature envy,6605818.0,feature envy,persistence_history,commit_not_ancestor_of_head,340504529fc576eeec92fbae636e437ce486cc4a,2026-09-04T14:26:06
git@github.com:epam/NGB.git,6605818::long method,6605818.0,long method,persistence_history,commit_not_ancestor_of_head,340504529fc576eeec92fbae636e437ce486cc4a,2026-09-04T14:26:06
git@github.com:epam/NGB.git,6606189::feature envy,6606189.0,feature envy,persistence_history,commit_not_ancestor_of_head,340504529fc576eeec92fbae636e437ce486cc4a,2026-09-04T14:26:06
git@github.com:epam/NGB.git,6606189::long method,6606189.0,long method,persistence_history,commit_not_ancestor_of_head,340504529fc576eeec92fbae636e437ce486cc4a,2026-09-04T14:26:06
git@github.com:linkedin/cruise-control.git,7046440::feature envy,7046440.0,feature envy,persistence_history,commit_not_ancestor_of_head,d35af1b6d5a87046e6cd173948755a1e50faa531,2026-09-04T15:09:30
git@github.com:linkedin/cruise-control.git,7046440::long method,7046440.0,long method,persistence_history,commit_not_ancestor_of_head,d35af1b6d5a87046e6cd173948755a1e50faa531,2026-09-04T15:09:30
git@github.com:linkedin/cruise-control.git,7047929::blob,7047929.0,blob,persistence_history,commit_not_ancestor_of_head,d35af1b6d5a87046e6cd173948755a1e50faa531,2026-09-04T15:09:30
git@github.com:linkedin/cruise-control.git,7047929::data class,7047929.0,data class,persistence_history,commit_not_ancestor_of_head,d35af1b6d5a87046e6cd173948755a1e50faa531,2026-09-04T15:09:30
git@github.com:linkedin/cruise-control.git,7048486::blob,7048486.0,blob,persistence_history,commit_not_ancestor_of_head,d35af1b6d5a87046e6cd173948755a1e50faa531,2026-09-04T15:09:30
git@github.com:linkedin/cruise-control.git,7048486::data class,7048486.0,data class,persistence_history,commit_not_ancestor_of_head,d35af1b6d5a87046e6cd173948755a1e50faa531,2026-09-04T15:09:30
git@github.com:linkedin/cruise-control.git,7049236::feature envy,7049236.0,feature envy,persistence_history,commit_not_ancestor_of_head,d35af1b6d5a87046e6cd173948755a1e50faa531,2026-09-04T15:09:30
git@github.com:linkedin/cruise-control.git,7049236::long method,7049236.0,long method,persistence_history,commit_not_ancestor_of_head,d35af1b6d5a87046e6cd173948755a1e50faa531,2026-09-04T15:09:30
git@github.com:oracle/weblogic-kubernetes-operator.git,7209681::feature envy,7209681.0,feature envy,persistence_history,commit_not_ancestor_of_head,1fb059d7e32b9b3514617d54e4dda41ab68e71ea,2026-09-04T15:19:06
git@github.com:oracle/weblogic-kubernetes-operator.git,7209681::long method,7209681.0,long method,persistence_history,commit_not_ancestor_of_head,1fb059d7e32b9b3514617d54e4dda41ab68e71ea,2026-09-04T15:19:06
git@github.com:oracle/weblogic-kubernetes-operator.git,7210083::blob,7210083.0,blob,persistence_history,commit_not_ancestor_of_head,1fb059d7e32b9b3514617d54e4dda41ab68e71ea,2026-09-04T15:19:06
git@github.com:oracle/weblogic-kubernetes-operator.git,7210083::data class,7210083.0,data class,persistence_history,commit_not_ancestor_of_head,1fb059d7e32b9b3514617d54e4dda41ab68e71ea,2026-09-04T15:19:06
git@github.com:oracle/weblogic-kubernetes-operator.git,7210387::feature envy,7210387.0,feature envy,persistence_history,commit_not_ancestor_of_head,1fb059d7e32b9b3514617d54e4dda41ab68e71ea,2026-09-04T15:19:06
git@github.com:oracle/weblogic-kubernetes-operator.git,7210387::long method,7210387.0,long method,persistence_history,commit_not_ancestor_of_head,1fb059d7e32b9b3514617d54e4dda41ab68e71ea,2026-09-04T15:19:06
git@github.com:oracle/weblogic-kubernetes-operator.git,7211250::feature envy,7211250.0,feature envy,persistence_history,commit_not_ancestor_of_head,1fb059d7e32b9b3514617d54e4dda41ab68e71ea,2026-09-04T15:19:06
git@github.com:oracle/weblogic-kubernetes-operator.git,7211250::long method,7211250.0,long method,persistence_history,commit_not_ancestor_of_head,1fb059d7e32b9b3514617d54e4dda41ab68e71ea,2026-09-04T15:19:06
git@github.com:spring-projects/spring-security-saml.git,7625447::blob,7625447.0,blob,persistence_history,commit_not_ancestor_of_head,fa46190c8c37c2eb24b0fd424263c219ffe27e25,2026-09-04T15:53:45
git@github.com:spring-projects/spring-security-saml.git,7625447::data class,7625447.0,data class,persistence_history,commit_not_ancestor_of_head,fa46190c8c37c2eb24b0fd424263c219ffe27e25,2026-09-04T15:53:45
git@github.com:apache/hadoop.git,9474427::feature envy,9474427.0,feature envy,persistence_history,entity_not_found_at_labelled_commit,org.apache.hadoop.yarn.webapp.hamlet2.Hamlet.BODY#$onclick String,2026-09-04T22:10:59
git@github.com:apache/hadoop.git,9474427::long method,9474427.0,long method,persistence_history,entity_not_found_at_labelled_commit,org.apache.hadoop.yarn.webapp.hamlet2.Hamlet.BODY#$onclick String,2026-09-04T22:10:59
git@github.com:apache/hadoop.git,9489554::feature envy,9489554.0,feature envy,persistence_history,entity_not_found_at_labelled_commit,org.apache.hadoop.yarn.webapp.hamlet2.Hamlet.BUTTON#$lang String,2026-09-04T22:11:31
git@github.com:apache/hadoop.git,9489554::long method,9489554.0,long method,persistence_history,entity_not_found_at_labelled_commit,org.apache.hadoop.yarn.webapp.hamlet2.Hamlet.BUTTON#$lang String,2026-09-04T22:11:31
git@github.com:apache/hadoop.git,9519320::feature envy,9519320.0,feature envy,persistence_history,entity_not_found_at_labelled_commit,org.apache.hadoop.yarn.webapp.hamlet.Hamlet.UL#$onmousedown String,2026-09-04T22:13:28
git@github.com:apache/hadoop.git,9519320::long method,9519320.0,long method,persistence_history,entity_not_found_at_labelled_commit,org.apache.hadoop.yarn.webapp.hamlet.Hamlet.UL#$onmousedown String,2026-09-04T22:13:28
git@github.com:apache/hadoop.git,9523258::feature envy,9523258.0,feature envy,persistence_history,entity_not_found_at_labelled_commit,org.apache.hadoop.yarn.webapp.hamlet.Hamlet.CODE#$class String,2026-09-04T22:13:31
git@github.com:apache/hadoop.git,9523258::long method,9523258.0,long method,persistence_history,entity_not_found_at_labelled_commit,org.apache.hadoop.yarn.webapp.hamlet.Hamlet.CODE#$class String,2026-09-04T22:13:31
git@github.com:apache/hadoop.git,9528887::feature envy,9528887.0,feature envy,persistence_history,entity_not_found_at_labelled_commit,org.apache.hadoop.yarn.webapp.hamlet2.Hamlet.TFOOT#$onmouseover String,2026-09-04T22:13:33
git@github.com:apache/hadoop.git,9528887::long method,9528887.0,long method,persistence_history,entity_not_found_at_labelled_commit,org.apache.hadoop.yarn.webapp.hamlet2.Hamlet.TFOOT#$onmouseover String,2026-09-04T22:13:33
git@github.com:facebook/facebook-java-business-sdk.git,6761580::feature envy,6761580.0,feature envy,persistence_history,git_log_failed,"fatal: unable to access 'https://github.com/facebook/facebook-java-business-sdk.git/': SSL connection timeout
fatal: could not fetch 8dd607097b757d4b25ea41d0e5c68c0fa5c6041f from promisor remote",2026-09-04T14:58:31
git@github.com:apache/bookkeeper.git,4075888::feature envy,4075888.0,feature envy,persistence_history,path_unreadable_at_labelled_commit,stream/statelib/src/main/java/org/apache/bookkeeper/statelib/impl/rocksdb/checkpoint/RocksdbCheckpointTask.java,2026-09-04T00:31:20
git@github.com:apache/cassandra.git,4218788::blob,4218788.0,blob,persistence_history,path_unreadable_at_labelled_commit,src/java/org/apache/cassandra/audit/FullQueryLogger.java,2026-09-04T05:03:44
git@github.com:apache/drill.git,4456492::blob,4456492.0,blob,persistence_history,path_unreadable_at_labelled_commit,exec/java-exec/src/main/java/org/apache/drill/exec/planner/logical/DrillFilterItemStarReWriterRule.java,2026-09-04T10:44:22
git@github.com:apache/hadoop.git,9537065::blob,9537065.0,blob,persistence_history,path_unreadable_at_labelled_commit,hadoop-yarn-project/hadoop-yarn/hadoop-yarn-server/hadoop-yarn-server-nodemanager/src/main/java/org/apache/hadoop/yarn/server/nodemanager/WindowsSecureContainerExecutor.java,2026-09-04T22:13:48
git@github.com:apache/hbase.git,8565824::feature envy,8565824.0,feature envy,persistence_history,path_unreadable_at_labelled_commit,hbase-procedure/src/main/java/org/apache/hadoop/hbase/procedure2/SimpleProcedureScheduler.java,2026-09-04T16:28:08
git@github.com:apache/nifi.git,5355489::feature envy,5355489.0,feature envy,persistence_history,path_unreadable_at_labelled_commit,nifi-nar-bundles/nifi-media-bundle/nifi-media-processors/src/main/java/org/apache/nifi/processors/media/ExtractMediaMetadata.java,2026-09-04T13:43:42
git@github.com:apache/ofbiz.git,8690136::blob,8690136.0,blob,persistence_history,path_unreadable_at_labelled_commit,framework/service/src/main/java/org/apache/ofbiz/service/config/model/ServiceLocation.java,2026-09-04T17:00:37
git@github.com:apache/pulsar.git,5450953::blob,5450953.0,blob,persistence_history,path_unreadable_at_labelled_commit,pulsar-io/docs/src/main/java/org/apache/pulsar/io/docs/ConnectorDocGenerator.java,2026-09-04T13:47:25
git@github.com:eclipse/che.git,6183095::blob,6183095.0,blob,persistence_history,path_unreadable_at_labelled_commit,ide/che-core-ide-api/src/main/java/org/eclipse/che/ide/api/workspace/event/MachineStoppedEvent.java,2026-09-04T14:09:37
git@github.com:eclipse/milo.git,6434677::blob,6434677.0,blob,persistence_history,path_unreadable_at_labelled_commit,opc-ua-sdk/sdk-server/src/main/java/org/eclipse/milo/opcua/sdk/server/model/methods/GetRejectedListMethod.java,2026-09-04T14:16:32
git@github.com:eclipse/org.aspectj.git,8334400::feature envy,8334400.0,feature envy,persistence_history,path_unreadable_at_labelled_commit,tests/incrementalju/initialTests/sourceAdded/src/main/Main.java,2026-09-04T16:15:11
git@github.com:eclipse/xtext-eclipse.git,8044671::feature envy,8044671.0,feature envy,persistence_history,path_unreadable_at_labelled_commit,org.eclipse.xtext.common.types.ui/src/org/eclipse/xtext/common/types/xtext/ui/JdtVariableCompletions.java,2026-09-04T16:08:44
git@github.com:facebook/buck.git,7898105::blob,7898105.0,blob,persistence_history,path_unreadable_at_labelled_commit,src/com/facebook/buck/cli/AbstractInstallResult.java,2026-09-04T16:04:10
git@github.com:google/caja.git,6842606::feature envy,6842606.0,feature envy,persistence_history,path_unreadable_at_labelled_commit,src/com/google/caja/util/SyntheticAttributes.java,2026-09-04T15:01:48
git@github.com:google/guava.git,6975479::feature envy,6975479.0,feature envy,persistence_history,path_unreadable_at_labelled_commit,android/guava/src/com/google/common/collect/Tables.java,2026-09-04T15:06:35
git@github.com:google/j2objc.git,7107337::feature envy,7107337.0,feature envy,persistence_history,path_unreadable_at_labelled_commit,jre_emul/android/platform/libcore/luni/src/main/java/org/apache/harmony/xml/dom/NodeImpl.java,2026-09-04T15:10:16
git@github.com:oracle/oci-java-sdk.git,7197234::feature envy,7197234.0,feature envy,persistence_history,path_unreadable_at_labelled_commit,bmc-core/src/main/java/com/oracle/bmc/core/model/CreateImageDetails.java,2026-09-04T15:16:43
git@github.com:oracle/oci-java-sdk.git,7205803::feature envy,7205803.0,feature envy,persistence_history,path_unreadable_at_labelled_commit,bmc-email/src/main/java/com/oracle/bmc/email/EmailClient.java,2026-09-04T15:18:57
git@github.com:apache/kylin.git,5161069::blob,5161069.0,blob,persistence_history,remap_candidate_not_ancestor_of_head,6ee0212af9d5b50096850c9cb76031b7cdd67402,2026-09-04T13:33:52
git@github.com:apache/kylin.git,5161069::data class,5161069.0,data class,persistence_history,remap_candidate_not_ancestor_of_head,6ee0212af9d5b50096850c9cb76031b7cdd67402,2026-09-04T13:33:52
git@github.com:apache/kylin.git,5161273::feature envy,5161273.0,feature envy,persistence_history,remap_candidate_not_ancestor_of_head,6ee0212af9d5b50096850c9cb76031b7cdd67402,2026-09-04T13:33:52
git@github.com:apache/kylin.git,5161273::long method,5161273.0,long method,persistence_history,remap_candidate_not_ancestor_of_head,6ee0212af9d5b50096850c9cb76031b7cdd67402,2026-09-04T13:33:52
git@github.com:apache/kylin.git,5162987::blob,5162987.0,blob,persistence_history,remap_candidate_not_ancestor_of_head,6ee0212af9d5b50096850c9cb76031b7cdd67402,2026-09-04T13:33:52
git@github.com:apache/kylin.git,5162987::data class,5162987.0,data class,persistence_history,remap_candidate_not_ancestor_of_head,6ee0212af9d5b50096850c9cb76031b7cdd67402,2026-09-04T13:33:52
git@github.com:apache/kylin.git,5164165::blob,5164165.0,blob,persistence_history,remap_candidate_not_ancestor_of_head,6ee0212af9d5b50096850c9cb76031b7cdd67402,2026-09-04T13:33:52
git@github.com:apache/kylin.git,5164165::data class,5164165.0,data class,persistence_history,remap_candidate_not_ancestor_of_head,6ee0212af9d5b50096850c9cb76031b7cdd67402,2026-09-04T13:33:52
git@github.com:apache/kylin.git,5172876::blob,5172876.0,blob,persistence_history,remap_candidate_not_ancestor_of_head,6ee0212af9d5b50096850c9cb76031b7cdd67402,2026-09-04T13:33:52
git@github.com:apache/kylin.git,5172876::data class,5172876.0,data class,persistence_history,remap_candidate_not_ancestor_of_head,6ee0212af9d5b50096850c9cb76031b7cdd67402,2026-09-04T13:33:52
git@github.com:apache/kylin.git,5173084::feature envy,5173084.0,feature envy,persistence_history,remap_candidate_not_ancestor_of_head,6ee0212af9d5b50096850c9cb76031b7cdd67402,2026-09-04T13:33:52
git@github.com:apache/kylin.git,5173084::long method,5173084.0,long method,persistence_history,remap_candidate_not_ancestor_of_head,6ee0212af9d5b50096850c9cb76031b7cdd67402,2026-09-04T13:33:52
git@github.com:apache/kylin.git,5177811::feature envy,5177811.0,feature envy,persistence_history,remap_candidate_not_ancestor_of_head,6ee0212af9d5b50096850c9cb76031b7cdd67402,2026-09-04T13:33:52
git@github.com:apache/kylin.git,5177811::long method,5177811.0,long method,persistence_history,remap_candidate_not_ancestor_of_head,6ee0212af9d5b50096850c9cb76031b7cdd67402,2026-09-04T13:33:52
git@github.com:apache/kylin.git,5180625::blob,5180625.0,blob,persistence_history,remap_candidate_not_ancestor_of_head,6ee0212af9d5b50096850c9cb76031b7cdd67402,2026-09-04T13:33:52
git@github.com:apache/kylin.git,5180625::data class,5180625.0,data class,persistence_history,remap_candidate_not_ancestor_of_head,6ee0212af9d5b50096850c9cb76031b7cdd67402,2026-09-04T13:33:52
git@github.com:apache/kylin.git,5182713::blob,5182713.0,blob,persistence_history,remap_candidate_not_ancestor_of_head,6ee0212af9d5b50096850c9cb76031b7cdd67402,2026-09-04T13:33:52
git@github.com:apache/kylin.git,5182713::data class,5182713.0,data class,persistence_history,remap_candidate_not_ancestor_of_head,6ee0212af9d5b50096850c9cb76031b7cdd67402,2026-09-04T13:33:52
git@github.com:apache/kylin.git,5182985::feature envy,5182985.0,feature envy,persistence_history,remap_candidate_not_ancestor_of_head,6ee0212af9d5b50096850c9cb76031b7cdd67402,2026-09-04T13:33:52
git@github.com:apache/kylin.git,5182985::long method,5182985.0,long method,persistence_history,remap_candidate_not_ancestor_of_head,6ee0212af9d5b50096850c9cb76031b7cdd67402,2026-09-04T13:33:52
git@github.com:apache/axis1-java.git,8151887::blob,8151887.0,blob,persistence_history,repo_not_cloned,/Users/praffulg/Downloads/Neelam paper/cache/repos/apache__axis1-java,2026-09-04T16:10:54
git@github.com:apache/axis1-java.git,8151887::data class,8151887.0,data class,persistence_history,repo_not_cloned,/Users/praffulg/Downloads/Neelam paper/cache/repos/apache__axis1-java,2026-09-04T16:10:54
git@github.com:apache/axis1-java.git,8152579::feature envy,8152579.0,feature envy,persistence_history,repo_not_cloned,/Users/praffulg/Downloads/Neelam paper/cache/repos/apache__axis1-java,2026-09-04T16:10:54
git@github.com:apache/axis1-java.git,8152579::long method,8152579.0,long method,persistence_history,repo_not_cloned,/Users/praffulg/Downloads/Neelam paper/cache/repos/apache__axis1-java,2026-09-04T16:10:54
git@github.com:apache/axis1-java.git,8152732::blob,8152732.0,blob,persistence_history,repo_not_cloned,/Users/praffulg/Downloads/Neelam paper/cache/repos/apache__axis1-java,2026-09-04T16:10:54
git@github.com:apache/axis1-java.git,8152732::data class,8152732.0,data class,persistence_history,repo_not_cloned,/Users/praffulg/Downloads/Neelam paper/cache/repos/apache__axis1-java,2026-09-04T16:10:54
git@github.com:apache/axis1-java.git,8154467::blob,8154467.0,blob,persistence_history,repo_not_cloned,/Users/praffulg/Downloads/Neelam paper/cache/repos/apache__axis1-java,2026-09-04T16:10:54
git@github.com:apache/axis1-java.git,8154467::data class,8154467.0,data class,persistence_history,repo_not_cloned,/Users/praffulg/Downloads/Neelam paper/cache/repos/apache__axis1-java,2026-09-04T16:10:54
git@github.com:apache/axis1-java.git,8154696::feature envy,8154696.0,feature envy,persistence_history,repo_not_cloned,/Users/praffulg/Downloads/Neelam paper/cache/repos/apache__axis1-java,2026-09-04T16:10:54
git@github.com:apache/axis1-java.git,8154696::long method,8154696.0,long method,persistence_history,repo_not_cloned,/Users/praffulg/Downloads/Neelam paper/cache/repos/apache__axis1-java,2026-09-04T16:10:54
git@github.com:apache/axis1-java.git,8155488::blob,8155488.0,blob,persistence_history,repo_not_cloned,/Users/praffulg/Downloads/Neelam paper/cache/repos/apache__axis1-java,2026-09-04T16:10:54
git@github.com:apache/axis1-java.git,8155488::data class,8155488.0,data class,persistence_history,repo_not_cloned,/Users/praffulg/Downloads/Neelam paper/cache/repos/apache__axis1-java,2026-09-04T16:10:54
git@github.com:apache/axis1-java.git,8155972::feature envy,8155972.0,feature envy,persistence_history,repo_not_cloned,/Users/praffulg/Downloads/Neelam paper/cache/repos/apache__axis1-java,2026-09-04T16:10:54
git@github.com:apache/axis1-java.git,8155972::long method,8155972.0,long method,persistence_history,repo_not_cloned,/Users/praffulg/Downloads/Neelam paper/cache/repos/apache__axis1-java,2026-09-04T16:10:54
git@github.com:apache/axis1-java.git,8156464::blob,8156464.0,blob,persistence_history,repo_not_cloned,/Users/praffulg/Downloads/Neelam paper/cache/repos/apache__axis1-java,2026-09-04T16:10:54
git@github.com:apache/axis1-java.git,8156464::data class,8156464.0,data class,persistence_history,repo_not_cloned,/Users/praffulg/Downloads/Neelam paper/cache/repos/apache__axis1-java,2026-09-04T16:10:54
git@github.com:apache/axis1-java.git,8158039::feature envy,8158039.0,feature envy,persistence_history,repo_not_cloned,/Users/praffulg/Downloads/Neelam paper/cache/repos/apache__axis1-java,2026-09-04T16:10:54
git@github.com:apache/axis1-java.git,8158039::long method,8158039.0,long method,persistence_history,repo_not_cloned,/Users/praffulg/Downloads/Neelam paper/cache/repos/apache__axis1-java,2026-09-04T16:10:54
git@github.com:apache/axis1-java.git,8158565::feature envy,8158565.0,feature envy,persistence_history,repo_not_cloned,/Users/praffulg/Downloads/Neelam paper/cache/repos/apache__axis1-java,2026-09-04T16:10:54
git@github.com:apache/axis1-java.git,8158565::long method,8158565.0,long method,persistence_history,repo_not_cloned,/Users/praffulg/Downloads/Neelam paper/cache/repos/apache__axis1-java,2026-09-04T16:10:54
git@github.com:apache/axis2-java.git,3996032::blob,3996032.0,blob,persistence_history,repo_not_cloned,/Users/praffulg/Downloads/Neelam paper/cache/repos/apache__axis2-java,2026-09-04T00:23:59
git@github.com:apache/axis2-java.git,3996032::data class,3996032.0,data class,persistence_history,repo_not_cloned,/Users/praffulg/Downloads/Neelam paper/cache/repos/apache__axis2-java,2026-09-04T00:23:59
git@github.com:apache/axis2-java.git,3999557::blob,3999557.0,blob,persistence_history,repo_not_cloned,/Users/praffulg/Downloads/Neelam paper/cache/repos/apache__axis2-java,2026-09-04T00:23:59
git@github.com:apache/axis2-java.git,3999557::data class,3999557.0,data class,persistence_history,repo_not_cloned,/Users/praffulg/Downloads/Neelam paper/cache/repos/apache__axis2-java,2026-09-04T00:23:59
git@github.com:apache/axis2-java.git,4000540::blob,4000540.0,blob,persistence_history,repo_not_cloned,/Users/praffulg/Downloads/Neelam paper/cache/repos/apache__axis2-java,2026-09-04T00:23:59
git@github.com:apache/axis2-java.git,4000540::data class,4000540.0,data class,persistence_history,repo_not_cloned,/Users/praffulg/Downloads/Neelam paper/cache/repos/apache__axis2-java,2026-09-04T00:23:59
git@github.com:apache/axis2-java.git,4002575::blob,4002575.0,blob,persistence_history,repo_not_cloned,/Users/praffulg/Downloads/Neelam paper/cache/repos/apache__axis2-java,2026-09-04T00:23:59
git@github.com:apache/axis2-java.git,4002575::data class,4002575.0,data class,persistence_history,repo_not_cloned,/Users/praffulg/Downloads/Neelam paper/cache/repos/apache__axis2-java,2026-09-04T00:23:59
git@github.com:apache/axis2-java.git,4002578::feature envy,4002578.0,feature envy,persistence_history,repo_not_cloned,/Users/praffulg/Downloads/Neelam paper/cache/repos/apache__axis2-java,2026-09-04T00:23:59
git@github.com:apache/axis2-java.git,4002578::long method,4002578.0,long method,persistence_history,repo_not_cloned,/Users/praffulg/Downloads/Neelam paper/cache/repos/apache__axis2-java,2026-09-04T00:23:59
git@github.com:apache/axis2-java.git,4002584::blob,4002584.0,blob,persistence_history,repo_not_cloned,/Users/praffulg/Downloads/Neelam paper/cache/repos/apache__axis2-java,2026-09-04T00:23:59
git@github.com:apache/axis2-java.git,4002584::data class,4002584.0,data class,persistence_history,repo_not_cloned,/Users/praffulg/Downloads/Neelam paper/cache/repos/apache__axis2-java,2026-09-04T00:23:59
git@github.com:apache/axis2-java.git,4002865::blob,4002865.0,blob,persistence_history,repo_not_cloned,/Users/praffulg/Downloads/Neelam paper/cache/repos/apache__axis2-java,2026-09-04T00:23:59
git@github.com:apache/axis2-java.git,4002865::data class,4002865.0,data class,persistence_history,repo_not_cloned,/Users/praffulg/Downloads/Neelam paper/cache/repos/apache__axis2-java,2026-09-04T00:23:59
git@github.com:apache/axis2-java.git,4003132::feature envy,4003132.0,feature envy,persistence_history,repo_not_cloned,/Users/praffulg/Downloads/Neelam paper/cache/repos/apache__axis2-java,2026-09-04T00:23:59
git@github.com:apache/axis2-java.git,4003132::long method,4003132.0,long method,persistence_history,repo_not_cloned,/Users/praffulg/Downloads/Neelam paper/cache/repos/apache__axis2-java,2026-09-04T00:23:59
git@github.com:apache/axis2-java.git,4003482::feature envy,4003482.0,feature envy,persistence_history,repo_not_cloned,/Users/praffulg/Downloads/Neelam paper/cache/repos/apache__axis2-java,2026-09-04T00:23:59
git@github.com:apache/axis2-java.git,4003482::long method,4003482.0,long method,persistence_history,repo_not_cloned,/Users/praffulg/Downloads/Neelam paper/cache/repos/apache__axis2-java,2026-09-04T00:23:59
git@github.com:apache/axis2-java.git,4003492::blob,4003492.0,blob,persistence_history,repo_not_cloned,/Users/praffulg/Downloads/Neelam paper/cache/repos/apache__axis2-java,2026-09-04T00:23:59
git@github.com:apache/axis2-java.git,4003492::data class,4003492.0,data class,persistence_history,repo_not_cloned,/Users/praffulg/Downloads/Neelam paper/cache/repos/apache__axis2-java,2026-09-04T00:23:59
git@github.com:apache/axis2-java.git,4006002::feature envy,4006002.0,feature envy,persistence_history,repo_not_cloned,/Users/praffulg/Downloads/Neelam paper/cache/repos/apache__axis2-java,2026-09-04T00:23:59
git@github.com:apache/axis2-java.git,4006002::long method,4006002.0,long method,persistence_history,repo_not_cloned,/Users/praffulg/Downloads/Neelam paper/cache/repos/apache__axis2-java,2026-09-04T00:23:59
git@github.com:apache/axis2-java.git,4009754::feature envy,4009754.0,feature envy,persistence_history,repo_not_cloned,/Users/praffulg/Downloads/Neelam paper/cache/repos/apache__axis2-java,2026-09-04T00:23:59
git@github.com:apache/axis2-java.git,4009754::long method,4009754.0,long method,persistence_history,repo_not_cloned,/Users/praffulg/Downloads/Neelam paper/cache/repos/apache__axis2-java,2026-09-04T00:23:59
git@github.com:apache/axis2-java.git,4012308::blob,4012308.0,blob,persistence_history,repo_not_cloned,/Users/praffulg/Downloads/Neelam paper/cache/repos/apache__axis2-java,2026-09-04T00:23:59
git@github.com:apache/axis2-java.git,4012308::data class,4012308.0,data class,persistence_history,repo_not_cloned,/Users/praffulg/Downloads/Neelam paper/cache/repos/apache__axis2-java,2026-09-04T00:23:59
git@github.com:apache/axis2-java.git,4016005::blob,4016005.0,blob,persistence_history,repo_not_cloned,/Users/praffulg/Downloads/Neelam paper/cache/repos/apache__axis2-java,2026-09-04T00:23:59
git@github.com:apache/axis2-java.git,4016005::data class,4016005.0,data class,persistence_history,repo_not_cloned,/Users/praffulg/Downloads/Neelam paper/cache/repos/apache__axis2-java,2026-09-04T00:23:59
git@github.com:apache/axis2-java.git,4022541::feature envy,4022541.0,feature envy,persistence_history,repo_not_cloned,/Users/praffulg/Downloads/Neelam paper/cache/repos/apache__axis2-java,2026-09-04T00:23:59
git@github.com:apache/axis2-java.git,4022541::long method,4022541.0,long method,persistence_history,repo_not_cloned,/Users/praffulg/Downloads/Neelam paper/cache/repos/apache__axis2-java,2026-09-04T00:23:59
git@github.com:apache/axis2-java.git,4023677::feature envy,4023677.0,feature envy,persistence_history,repo_not_cloned,/Users/praffulg/Downloads/Neelam paper/cache/repos/apache__axis2-java,2026-09-04T00:23:59
git@github.com:apache/axis2-java.git,4023677::long method,4023677.0,long method,persistence_history,repo_not_cloned,/Users/praffulg/Downloads/Neelam paper/cache/repos/apache__axis2-java,2026-09-04T00:23:59
git@github.com:apache/axis2-java.git,4023846::feature envy,4023846.0,feature envy,persistence_history,repo_not_cloned,/Users/praffulg/Downloads/Neelam paper/cache/repos/apache__axis2-java,2026-09-04T00:23:59
git@github.com:apache/axis2-java.git,4023846::long method,4023846.0,long method,persistence_history,repo_not_cloned,/Users/praffulg/Downloads/Neelam paper/cache/repos/apache__axis2-java,2026-09-04T00:23:59
git@github.com:apache/webservices-xmlschema.git,5894781::blob,5894781.0,blob,persistence_history,repo_not_cloned,/Users/praffulg/Downloads/Neelam paper/cache/repos/apache__webservices-xmlschema,2026-09-04T14:03:00
git@github.com:apache/webservices-xmlschema.git,5894781::data class,5894781.0,data class,persistence_history,repo_not_cloned,/Users/praffulg/Downloads/Neelam paper/cache/repos/apache__webservices-xmlschema,2026-09-04T14:03:00
git@github.com:apache/webservices-xmlschema.git,5894798::feature envy,5894798.0,feature envy,persistence_history,repo_not_cloned,/Users/praffulg/Downloads/Neelam paper/cache/repos/apache__webservices-xmlschema,2026-09-04T14:03:00
git@github.com:apache/webservices-xmlschema.git,5894798::long method,5894798.0,long method,persistence_history,repo_not_cloned,/Users/praffulg/Downloads/Neelam paper/cache/repos/apache__webservices-xmlschema,2026-09-04T14:03:00
git@github.com:apache/wss4j.git,6002683::blob,6002683.0,blob,persistence_history,repo_not_cloned,/Users/praffulg/Downloads/Neelam paper/cache/repos/apache__wss4j,2026-09-04T14:06:03
git@github.com:apache/wss4j.git,6002683::data class,6002683.0,data class,persistence_history,repo_not_cloned,/Users/praffulg/Downloads/Neelam paper/cache/repos/apache__wss4j,2026-09-04T14:06:03
git@github.com:apache/wss4j.git,6005367::feature envy,6005367.0,feature envy,persistence_history,repo_not_cloned,/Users/praffulg/Downloads/Neelam paper/cache/repos/apache__wss4j,2026-09-04T14:06:03
git@github.com:apache/wss4j.git,6005367::long method,6005367.0,long method,persistence_history,repo_not_cloned,/Users/praffulg/Downloads/Neelam paper/cache/repos/apache__wss4j,2026-09-04T14:06:03
git@github.com:apache/wss4j.git,6005399::blob,6005399.0,blob,persistence_history,repo_not_cloned,/Users/praffulg/Downloads/Neelam paper/cache/repos/apache__wss4j,2026-09-04T14:06:03
git@github.com:apache/wss4j.git,6005399::data class,6005399.0,data class,persistence_history,repo_not_cloned,/Users/praffulg/Downloads/Neelam paper/cache/repos/apache__wss4j,2026-09-04T14:06:03
git@github.com:eclipse/acceleo.git,8298339::feature envy,8298339.0,feature envy,persistence_history,repo_not_cloned,/Users/praffulg/Downloads/Neelam paper/cache/repos/eclipse__acceleo,2026-09-04T16:14:10
git@github.com:eclipse/acceleo.git,8298339::long method,8298339.0,long method,persistence_history,repo_not_cloned,/Users/praffulg/Downloads/Neelam paper/cache/repos/eclipse__acceleo,2026-09-04T16:14:10
git@github.com:eclipse/acceleo.git,8298934::feature envy,8298934.0,feature envy,persistence_history,repo_not_cloned,/Users/praffulg/Downloads/Neelam paper/cache/repos/eclipse__acceleo,2026-09-04T16:14:10
git@github.com:eclipse/acceleo.git,8298934::long method,8298934.0,long method,persistence_history,repo_not_cloned,/Users/praffulg/Downloads/Neelam paper/cache/repos/eclipse__acceleo,2026-09-04T16:14:10
git@github.com:eclipse/acceleo.git,8299074::blob,8299074.0,blob,persistence_history,repo_not_cloned,/Users/praffulg/Downloads/Neelam paper/cache/repos/eclipse__acceleo,2026-09-04T16:14:10
git@github.com:eclipse/acceleo.git,8299074::data class,8299074.0,data class,persistence_history,repo_not_cloned,/Users/praffulg/Downloads/Neelam paper/cache/repos/eclipse__acceleo,2026-09-04T16:14:10
git@github.com:eclipse/acceleo.git,8299961::blob,8299961.0,blob,persistence_history,repo_not_cloned,/Users/praffulg/Downloads/Neelam paper/cache/repos/eclipse__acceleo,2026-09-04T16:14:10
git@github.com:eclipse/acceleo.git,8299961::data class,8299961.0,data class,persistence_history,repo_not_cloned,/Users/praffulg/Downloads/Neelam paper/cache/repos/eclipse__acceleo,2026-09-04T16:14:10
git@github.com:eclipse/acceleo.git,8300534::feature envy,8300534.0,feature envy,persistence_history,repo_not_cloned,/Users/praffulg/Downloads/Neelam paper/cache/repos/eclipse__acceleo,2026-09-04T16:14:10
git@github.com:eclipse/acceleo.git,8300534::long method,8300534.0,long method,persistence_history,repo_not_cloned,/Users/praffulg/Downloads/Neelam paper/cache/repos/eclipse__acceleo,2026-09-04T16:14:10
git@github.com:eclipse/acceleo.git,8300767::blob,8300767.0,blob,persistence_history,repo_not_cloned,/Users/praffulg/Downloads/Neelam paper/cache/repos/eclipse__acceleo,2026-09-04T16:14:10
git@github.com:eclipse/acceleo.git,8300767::data class,8300767.0,data class,persistence_history,repo_not_cloned,/Users/praffulg/Downloads/Neelam paper/cache/repos/eclipse__acceleo,2026-09-04T16:14:10
git@github.com:eclipse/acceleo.git,8304366::blob,8304366.0,blob,persistence_history,repo_not_cloned,/Users/praffulg/Downloads/Neelam paper/cache/repos/eclipse__acceleo,2026-09-04T16:14:10
git@github.com:eclipse/acceleo.git,8304366::data class,8304366.0,data class,persistence_history,repo_not_cloned,/Users/praffulg/Downloads/Neelam paper/cache/repos/eclipse__acceleo,2026-09-04T16:14:10
git@github.com:eclipse/acceleo.git,8304375::feature envy,8304375.0,feature envy,persistence_history,repo_not_cloned,/Users/praffulg/Downloads/Neelam paper/cache/repos/eclipse__acceleo,2026-09-04T16:14:10
git@github.com:eclipse/acceleo.git,8304375::long method,8304375.0,long method,persistence_history,repo_not_cloned,/Users/praffulg/Downloads/Neelam paper/cache/repos/eclipse__acceleo,2026-09-04T16:14:10
git@github.com:eclipse/bpmn2-modeler.git,7918920::blob,7918920.0,blob,persistence_history,repo_not_cloned,/Users/praffulg/Downloads/Neelam paper/cache/repos/eclipse__bpmn2-modeler,2026-09-04T16:05:30
git@github.com:eclipse/bpmn2-modeler.git,7918920::data class,7918920.0,data class,persistence_history,repo_not_cloned,/Users/praffulg/Downloads/Neelam paper/cache/repos/eclipse__bpmn2-modeler,2026-09-04T16:05:30
git@github.com:eclipse/bpmn2-modeler.git,7918931::blob,7918931.0,blob,persistence_history,repo_not_cloned,/Users/praffulg/Downloads/Neelam paper/cache/repos/eclipse__bpmn2-modeler,2026-09-04T16:05:30
git@github.com:eclipse/bpmn2-modeler.git,7918931::data class,7918931.0,data class,persistence_history,repo_not_cloned,/Users/praffulg/Downloads/Neelam paper/cache/repos/eclipse__bpmn2-modeler,2026-09-04T16:05:30
git@github.com:eclipse/bpmn2-modeler.git,7920669::feature envy,7920669.0,feature envy,persistence_history,repo_not_cloned,/Users/praffulg/Downloads/Neelam paper/cache/repos/eclipse__bpmn2-modeler,2026-09-04T16:05:30
git@github.com:eclipse/bpmn2-modeler.git,7920669::long method,7920669.0,long method,persistence_history,repo_not_cloned,/Users/praffulg/Downloads/Neelam paper/cache/repos/eclipse__bpmn2-modeler,2026-09-04T16:05:30
git@github.com:eclipse/bpmn2-modeler.git,7921668::blob,7921668.0,blob,persistence_history,repo_not_cloned,/Users/praffulg/Downloads/Neelam paper/cache/repos/eclipse__bpmn2-modeler,2026-09-04T16:05:30
git@github.com:eclipse/bpmn2-modeler.git,7921668::data class,7921668.0,data class,persistence_history,repo_not_cloned,/Users/praffulg/Downloads/Neelam paper/cache/repos/eclipse__bpmn2-modeler,2026-09-04T16:05:30
git@github.com:eclipse/bpmn2-modeler.git,7922186::blob,7922186.0,blob,persistence_history,repo_not_cloned,/Users/praffulg/Downloads/Neelam paper/cache/repos/eclipse__bpmn2-modeler,2026-09-04T16:05:30
git@github.com:eclipse/bpmn2-modeler.git,7922186::data class,7922186.0,data class,persistence_history,repo_not_cloned,/Users/praffulg/Downloads/Neelam paper/cache/repos/eclipse__bpmn2-modeler,2026-09-04T16:05:30
git@github.com:eclipse/bpmn2-modeler.git,7923456::feature envy,7923456.0,feature envy,persistence_history,repo_not_cloned,/Users/praffulg/Downloads/Neelam paper/cache/repos/eclipse__bpmn2-modeler,2026-09-04T16:05:30
git@github.com:eclipse/bpmn2-modeler.git,7923456::long method,7923456.0,long method,persistence_history,repo_not_cloned,/Users/praffulg/Downloads/Neelam paper/cache/repos/eclipse__bpmn2-modeler,2026-09-04T16:05:30
git@github.com:eclipse/bpmn2-modeler.git,7923741::blob,7923741.0,blob,persistence_history,repo_not_cloned,/Users/praffulg/Downloads/Neelam paper/cache/repos/eclipse__bpmn2-modeler,2026-09-04T16:05:30
git@github.com:eclipse/bpmn2-modeler.git,7923741::data class,7923741.0,data class,persistence_history,repo_not_cloned,/Users/praffulg/Downloads/Neelam paper/cache/repos/eclipse__bpmn2-modeler,2026-09-04T16:05:30
git@github.com:eclipse/bpmn2-modeler.git,7925259::feature envy,7925259.0,feature envy,persistence_history,repo_not_cloned,/Users/praffulg/Downloads/Neelam paper/cache/repos/eclipse__bpmn2-modeler,2026-09-04T16:05:30
git@github.com:eclipse/bpmn2-modeler.git,7925259::long method,7925259.0,long method,persistence_history,repo_not_cloned,/Users/praffulg/Downloads/Neelam paper/cache/repos/eclipse__bpmn2-modeler,2026-09-04T16:05:30
git@github.com:eclipse/bpmn2-modeler.git,7925346::blob,7925346.0,blob,persistence_history,repo_not_cloned,/Users/praffulg/Downloads/Neelam paper/cache/repos/eclipse__bpmn2-modeler,2026-09-04T16:05:30
git@github.com:eclipse/bpmn2-modeler.git,7925346::data class,7925346.0,data class,persistence_history,repo_not_cloned,/Users/praffulg/Downloads/Neelam paper/cache/repos/eclipse__bpmn2-modeler,2026-09-04T16:05:30
git@github.com:eclipse/bpmn2-modeler.git,7925698::blob,7925698.0,blob,persistence_history,repo_not_cloned,/Users/praffulg/Downloads/Neelam paper/cache/repos/eclipse__bpmn2-modeler,2026-09-04T16:05:30
git@github.com:eclipse/bpmn2-modeler.git,7925698::data class,7925698.0,data class,persistence_history,repo_not_cloned,/Users/praffulg/Downloads/Neelam paper/cache/repos/eclipse__bpmn2-modeler,2026-09-04T16:05:30
git@github.com:eclipse/bpmn2-modeler.git,7926125::feature envy,7926125.0,feature envy,persistence_history,repo_not_cloned,/Users/praffulg/Downloads/Neelam paper/cache/repos/eclipse__bpmn2-modeler,2026-09-04T16:05:30
git@github.com:eclipse/bpmn2-modeler.git,7926125::long method,7926125.0,long method,persistence_history,repo_not_cloned,/Users/praffulg/Downloads/Neelam paper/cache/repos/eclipse__bpmn2-modeler,2026-09-04T16:05:30
git@github.com:eclipse/bpmn2-modeler.git,7926598::feature envy,7926598.0,feature envy,persistence_history,repo_not_cloned,/Users/praffulg/Downloads/Neelam paper/cache/repos/eclipse__bpmn2-modeler,2026-09-04T16:05:30
git@github.com:eclipse/bpmn2-modeler.git,7926598::long method,7926598.0,long method,persistence_history,repo_not_cloned,/Users/praffulg/Downloads/Neelam paper/cache/repos/eclipse__bpmn2-modeler,2026-09-04T16:05:30
git@github.com:eclipse/bpmn2-modeler.git,7926604::feature envy,7926604.0,feature envy,persistence_history,repo_not_cloned,/Users/praffulg/Downloads/Neelam paper/cache/repos/eclipse__bpmn2-modeler,2026-09-04T16:05:30
git@github.com:eclipse/bpmn2-modeler.git,7926604::long method,7926604.0,long method,persistence_history,repo_not_cloned,/Users/praffulg/Downloads/Neelam paper/cache/repos/eclipse__bpmn2-modeler,2026-09-04T16:05:30
git@github.com:eclipse/bpmn2-modeler.git,7926879::blob,7926879.0,blob,persistence_history,repo_not_cloned,/Users/praffulg/Downloads/Neelam paper/cache/repos/eclipse__bpmn2-modeler,2026-09-04T16:05:30
git@github.com:eclipse/bpmn2-modeler.git,7926879::data class,7926879.0,data class,persistence_history,repo_not_cloned,/Users/praffulg/Downloads/Neelam paper/cache/repos/eclipse__bpmn2-modeler,2026-09-04T16:05:30
git@github.com:eclipse/bpmn2-modeler.git,7926909::feature envy,7926909.0,feature envy,persistence_history,repo_not_cloned,/Users/praffulg/Downloads/Neelam paper/cache/repos/eclipse__bpmn2-modeler,2026-09-04T16:05:30
git@github.com:eclipse/bpmn2-modeler.git,7926909::long method,7926909.0,long method,persistence_history,repo_not_cloned,/Users/praffulg/Downloads/Neelam paper/cache/repos/eclipse__bpmn2-modeler,2026-09-04T16:05:30
git@github.com:eclipse/bpmn2-modeler.git,7927203::blob,7927203.0,blob,persistence_history,repo_not_cloned,/Users/praffulg/Downloads/Neelam paper/cache/repos/eclipse__bpmn2-modeler,2026-09-04T16:05:30
git@github.com:eclipse/bpmn2-modeler.git,7927203::data class,7927203.0,data class,persistence_history,repo_not_cloned,/Users/praffulg/Downloads/Neelam paper/cache/repos/eclipse__bpmn2-modeler,2026-09-04T16:05:30
git@github.com:eclipse/bpmn2-modeler.git,7927341::blob,7927341.0,blob,persistence_history,repo_not_cloned,/Users/praffulg/Downloads/Neelam paper/cache/repos/eclipse__bpmn2-modeler,2026-09-04T16:05:30
git@github.com:eclipse/bpmn2-modeler.git,7927341::data class,7927341.0,data class,persistence_history,repo_not_cloned,/Users/praffulg/Downloads/Neelam paper/cache/repos/eclipse__bpmn2-modeler,2026-09-04T16:05:30
git@github.com:eclipse/bpmn2-modeler.git,7927591::blob,7927591.0,blob,persistence_history,repo_not_cloned,/Users/praffulg/Downloads/Neelam paper/cache/repos/eclipse__bpmn2-modeler,2026-09-04T16:05:30
git@github.com:eclipse/bpmn2-modeler.git,7927591::data class,7927591.0,data class,persistence_history,repo_not_cloned,/Users/praffulg/Downloads/Neelam paper/cache/repos/eclipse__bpmn2-modeler,2026-09-04T16:05:30
git@github.com:eclipse/bpmn2-modeler.git,7927736::feature envy,7927736.0,feature envy,persistence_history,repo_not_cloned,/Users/praffulg/Downloads/Neelam paper/cache/repos/eclipse__bpmn2-modeler,2026-09-04T16:05:30
git@github.com:eclipse/bpmn2-modeler.git,7927736::long method,7927736.0,long method,persistence_history,repo_not_cloned,/Users/praffulg/Downloads/Neelam paper/cache/repos/eclipse__bpmn2-modeler,2026-09-04T16:05:30
git@github.com:eclipse/bpmn2-modeler.git,7928090::feature envy,7928090.0,feature envy,persistence_history,repo_not_cloned,/Users/praffulg/Downloads/Neelam paper/cache/repos/eclipse__bpmn2-modeler,2026-09-04T16:05:30
git@github.com:eclipse/bpmn2-modeler.git,7928090::long method,7928090.0,long method,persistence_history,repo_not_cloned,/Users/praffulg/Downloads/Neelam paper/cache/repos/eclipse__bpmn2-modeler,2026-09-04T16:05:30
git@github.com:eclipse/bpmn2-modeler.git,7928095::feature envy,7928095.0,feature envy,persistence_history,repo_not_cloned,/Users/praffulg/Downloads/Neelam paper/cache/repos/eclipse__bpmn2-modeler,2026-09-04T16:05:30
git@github.com:eclipse/bpmn2-modeler.git,7928095::long method,7928095.0,long method,persistence_history,repo_not_cloned,/Users/praffulg/Downloads/Neelam paper/cache/repos/eclipse__bpmn2-modeler,2026-09-04T16:05:30
git@github.com:eclipse/bpmn2-modeler.git,7928347::feature envy,7928347.0,feature envy,persistence_history,repo_not_cloned,/Users/praffulg/Downloads/Neelam paper/cache/repos/eclipse__bpmn2-modeler,2026-09-04T16:05:30
git@github.com:eclipse/bpmn2-modeler.git,7928347::long method,7928347.0,long method,persistence_history,repo_not_cloned,/Users/praffulg/Downloads/Neelam paper/cache/repos/eclipse__bpmn2-modeler,2026-09-04T16:05:30
git@github.com:eclipse/bpmn2-modeler.git,7928407::feature envy,7928407.0,feature envy,persistence_history,repo_not_cloned,/Users/praffulg/Downloads/Neelam paper/cache/repos/eclipse__bpmn2-modeler,2026-09-04T16:05:30
git@github.com:eclipse/bpmn2-modeler.git,7928407::long method,7928407.0,long method,persistence_history,repo_not_cloned,/Users/praffulg/Downloads/Neelam paper/cache/repos/eclipse__bpmn2-modeler,2026-09-04T16:05:30
git@github.com:eclipse/dltk.core.git,6122163::feature envy,6122163.0,feature envy,persistence_history,repo_not_cloned,/Users/praffulg/Downloads/Neelam paper/cache/repos/eclipse__dltk.core,2026-09-04T14:08:51
git@github.com:eclipse/dltk.core.git,6122163::long method,6122163.0,long method,persistence_history,repo_not_cloned,/Users/praffulg/Downloads/Neelam paper/cache/repos/eclipse__dltk.core,2026-09-04T14:08:51
git@github.com:eclipse/dltk.core.git,6122371::feature envy,6122371.0,feature envy,persistence_history,repo_not_cloned,/Users/praffulg/Downloads/Neelam paper/cache/repos/eclipse__dltk.core,2026-09-04T14:08:51
git@github.com:eclipse/dltk.core.git,6122371::long method,6122371.0,long method,persistence_history,repo_not_cloned,/Users/praffulg/Downloads/Neelam paper/cache/repos/eclipse__dltk.core,2026-09-04T14:08:51
git@github.com:eclipse/dltk.core.git,6128593::blob,6128593.0,blob,persistence_history,repo_not_cloned,/Users/praffulg/Downloads/Neelam paper/cache/repos/eclipse__dltk.core,2026-09-04T14:08:51
git@github.com:eclipse/dltk.core.git,6128593::data class,6128593.0,data class,persistence_history,repo_not_cloned,/Users/praffulg/Downloads/Neelam paper/cache/repos/eclipse__dltk.core,2026-09-04T14:08:51
git@github.com:eclipse/dltk.core.git,6133230::feature envy,6133230.0,feature envy,persistence_history,repo_not_cloned,/Users/praffulg/Downloads/Neelam paper/cache/repos/eclipse__dltk.core,2026-09-04T14:08:51
git@github.com:eclipse/dltk.core.git,6133230::long method,6133230.0,long method,persistence_history,repo_not_cloned,/Users/praffulg/Downloads/Neelam paper/cache/repos/eclipse__dltk.core,2026-09-04T14:08:51
git@github.com:eclipse/dltk.core.git,6133656::blob,6133656.0,blob,persistence_history,repo_not_cloned,/Users/praffulg/Downloads/Neelam paper/cache/repos/eclipse__dltk.core,2026-09-04T14:08:51
git@github.com:eclipse/dltk.core.git,6133656::data class,6133656.0,data class,persistence_history,repo_not_cloned,/Users/praffulg/Downloads/Neelam paper/cache/repos/eclipse__dltk.core,2026-09-04T14:08:51
git@github.com:eclipse/dltk.core.git,6134213::feature envy,6134213.0,feature envy,persistence_history,repo_not_cloned,/Users/praffulg/Downloads/Neelam paper/cache/repos/eclipse__dltk.core,2026-09-04T14:08:51
git@github.com:eclipse/dltk.core.git,6134213::long method,6134213.0,long method,persistence_history,repo_not_cloned,/Users/praffulg/Downloads/Neelam paper/cache/repos/eclipse__dltk.core,2026-09-04T14:08:51
git@github.com:eclipse/dltk.core.git,6134590::feature envy,6134590.0,feature envy,persistence_history,repo_not_cloned,/Users/praffulg/Downloads/Neelam paper/cache/repos/eclipse__dltk.core,2026-09-04T14:08:51
git@github.com:eclipse/dltk.core.git,6134590::long method,6134590.0,long method,persistence_history,repo_not_cloned,/Users/praffulg/Downloads/Neelam paper/cache/repos/eclipse__dltk.core,2026-09-04T14:08:51
git@github.com:eclipse/dltk.core.git,6134879::feature envy,6134879.0,feature envy,persistence_history,repo_not_cloned,/Users/praffulg/Downloads/Neelam paper/cache/repos/eclipse__dltk.core,2026-09-04T14:08:51
git@github.com:eclipse/dltk.core.git,6134879::long method,6134879.0,long method,persistence_history,repo_not_cloned,/Users/praffulg/Downloads/Neelam paper/cache/repos/eclipse__dltk.core,2026-09-04T14:08:51
git@github.com:eclipse/dltk.core.git,6135529::blob,6135529.0,blob,persistence_history,repo_not_cloned,/Users/praffulg/Downloads/Neelam paper/cache/repos/eclipse__dltk.core,2026-09-04T14:08:51
git@github.com:eclipse/dltk.core.git,6135529::data class,6135529.0,data class,persistence_history,repo_not_cloned,/Users/praffulg/Downloads/Neelam paper/cache/repos/eclipse__dltk.core,2026-09-04T14:08:51
git@github.com:eclipse/dltk.core.git,6135806::blob,6135806.0,blob,persistence_history,repo_not_cloned,/Users/praffulg/Downloads/Neelam paper/cache/repos/eclipse__dltk.core,2026-09-04T14:08:51
git@github.com:eclipse/dltk.core.git,6135806::data class,6135806.0,data class,persistence_history,repo_not_cloned,/Users/praffulg/Downloads/Neelam paper/cache/repos/eclipse__dltk.core,2026-09-04T14:08:51
git@github.com:eclipse/dltk.core.git,6138864::blob,6138864.0,blob,persistence_history,repo_not_cloned,/Users/praffulg/Downloads/Neelam paper/cache/repos/eclipse__dltk.core,2026-09-04T14:08:51
git@github.com:eclipse/dltk.core.git,6138864::data class,6138864.0,data class,persistence_history,repo_not_cloned,/Users/praffulg/Downloads/Neelam paper/cache/repos/eclipse__dltk.core,2026-09-04T14:08:51
git@github.com:eclipse/dltk.core.git,6140308::blob,6140308.0,blob,persistence_history,repo_not_cloned,/Users/praffulg/Downloads/Neelam paper/cache/repos/eclipse__dltk.core,2026-09-04T14:08:51
git@github.com:eclipse/dltk.core.git,6140308::data class,6140308.0,data class,persistence_history,repo_not_cloned,/Users/praffulg/Downloads/Neelam paper/cache/repos/eclipse__dltk.core,2026-09-04T14:08:51
git@github.com:eclipse/dltk.core.git,6141685::blob,6141685.0,blob,persistence_history,repo_not_cloned,/Users/praffulg/Downloads/Neelam paper/cache/repos/eclipse__dltk.core,2026-09-04T14:08:51
git@github.com:eclipse/dltk.core.git,6141685::data class,6141685.0,data class,persistence_history,repo_not_cloned,/Users/praffulg/Downloads/Neelam paper/cache/repos/eclipse__dltk.core,2026-09-04T14:08:51
git@github.com:eclipse/dltk.core.git,6143644::feature envy,6143644.0,feature envy,persistence_history,repo_not_cloned,/Users/praffulg/Downloads/Neelam paper/cache/repos/eclipse__dltk.core,2026-09-04T14:08:51
git@github.com:eclipse/dltk.core.git,6143644::long method,6143644.0,long method,persistence_history,repo_not_cloned,/Users/praffulg/Downloads/Neelam paper/cache/repos/eclipse__dltk.core,2026-09-04T14:08:51
git@github.com:eclipse/dltk.core.git,6143847::blob,6143847.0,blob,persistence_history,repo_not_cloned,/Users/praffulg/Downloads/Neelam paper/cache/repos/eclipse__dltk.core,2026-09-04T14:08:51
git@github.com:eclipse/dltk.core.git,6143847::data class,6143847.0,data class,persistence_history,repo_not_cloned,/Users/praffulg/Downloads/Neelam paper/cache/repos/eclipse__dltk.core,2026-09-04T14:08:51
git@github.com:eclipse/dltk.core.git,6145494::feature envy,6145494.0,feature envy,persistence_history,repo_not_cloned,/Users/praffulg/Downloads/Neelam paper/cache/repos/eclipse__dltk.core,2026-09-04T14:08:51
git@github.com:eclipse/dltk.core.git,6145494::long method,6145494.0,long method,persistence_history,repo_not_cloned,/Users/praffulg/Downloads/Neelam paper/cache/repos/eclipse__dltk.core,2026-09-04T14:08:51
git@github.com:eclipse/dltk.core.git,6145911::feature envy,6145911.0,feature envy,persistence_history,repo_not_cloned,/Users/praffulg/Downloads/Neelam paper/cache/repos/eclipse__dltk.core,2026-09-04T14:08:51
git@github.com:eclipse/dltk.core.git,6145911::long method,6145911.0,long method,persistence_history,repo_not_cloned,/Users/praffulg/Downloads/Neelam paper/cache/repos/eclipse__dltk.core,2026-09-04T14:08:51
git@github.com:eclipse/dltk.core.git,6147315::feature envy,6147315.0,feature envy,persistence_history,repo_not_cloned,/Users/praffulg/Downloads/Neelam paper/cache/repos/eclipse__dltk.core,2026-09-04T14:08:51
git@github.com:eclipse/dltk.core.git,6147315::long method,6147315.0,long method,persistence_history,repo_not_cloned,/Users/praffulg/Downloads/Neelam paper/cache/repos/eclipse__dltk.core,2026-09-04T14:08:51
git@github.com:eclipse/dltk.core.git,6147418::feature envy,6147418.0,feature envy,persistence_history,repo_not_cloned,/Users/praffulg/Downloads/Neelam paper/cache/repos/eclipse__dltk.core,2026-09-04T14:08:51
git@github.com:eclipse/dltk.core.git,6147418::long method,6147418.0,long method,persistence_history,repo_not_cloned,/Users/praffulg/Downloads/Neelam paper/cache/repos/eclipse__dltk.core,2026-09-04T14:08:51
git@github.com:eclipse/dltk.core.git,6147463::blob,6147463.0,blob,persistence_history,repo_not_cloned,/Users/praffulg/Downloads/Neelam paper/cache/repos/eclipse__dltk.core,2026-09-04T14:08:51
git@github.com:eclipse/dltk.core.git,6147463::data class,6147463.0,data class,persistence_history,repo_not_cloned,/Users/praffulg/Downloads/Neelam paper/cache/repos/eclipse__dltk.core,2026-09-04T14:08:51
git@github.com:eclipse/dltk.core.git,6147959::feature envy,6147959.0,feature envy,persistence_history,repo_not_cloned,/Users/praffulg/Downloads/Neelam paper/cache/repos/eclipse__dltk.core,2026-09-04T14:08:51
git@github.com:eclipse/dltk.core.git,6147959::long method,6147959.0,long method,persistence_history,repo_not_cloned,/Users/praffulg/Downloads/Neelam paper/cache/repos/eclipse__dltk.core,2026-09-04T14:08:51
git@github.com:eclipse/dltk.core.git,6150503::feature envy,6150503.0,feature envy,persistence_history,repo_not_cloned,/Users/praffulg/Downloads/Neelam paper/cache/repos/eclipse__dltk.core,2026-09-04T14:08:51
git@github.com:eclipse/dltk.core.git,6150503::long method,6150503.0,long method,persistence_history,repo_not_cloned,/Users/praffulg/Downloads/Neelam paper/cache/repos/eclipse__dltk.core,2026-09-04T14:08:51
git@github.com:eclipse/dltk.core.git,6151008::feature envy,6151008.0,feature envy,persistence_history,repo_not_cloned,/Users/praffulg/Downloads/Neelam paper/cache/repos/eclipse__dltk.core,2026-09-04T14:08:51
git@github.com:eclipse/dltk.core.git,6151008::long method,6151008.0,long method,persistence_history,repo_not_cloned,/Users/praffulg/Downloads/Neelam paper/cache/repos/eclipse__dltk.core,2026-09-04T14:08:51
git@github.com:eclipse/dltk.core.git,6151582::blob,6151582.0,blob,persistence_history,repo_not_cloned,/Users/praffulg/Downloads/Neelam paper/cache/repos/eclipse__dltk.core,2026-09-04T14:08:51
git@github.com:eclipse/dltk.core.git,6151582::data class,6151582.0,data class,persistence_history,repo_not_cloned,/Users/praffulg/Downloads/Neelam paper/cache/repos/eclipse__dltk.core,2026-09-04T14:08:51
git@github.com:eclipse/dltk.core.git,6151978::blob,6151978.0,blob,persistence_history,repo_not_cloned,/Users/praffulg/Downloads/Neelam paper/cache/repos/eclipse__dltk.core,2026-09-04T14:08:51
git@github.com:eclipse/dltk.core.git,6151978::data class,6151978.0,data class,persistence_history,repo_not_cloned,/Users/praffulg/Downloads/Neelam paper/cache/repos/eclipse__dltk.core,2026-09-04T14:08:51
git@github.com:eclipse/dltk.core.git,6152090::feature envy,6152090.0,feature envy,persistence_history,repo_not_cloned,/Users/praffulg/Downloads/Neelam paper/cache/repos/eclipse__dltk.core,2026-09-04T14:08:51
git@github.com:eclipse/dltk.core.git,6152090::long method,6152090.0,long method,persistence_history,repo_not_cloned,/Users/praffulg/Downloads/Neelam paper/cache/repos/eclipse__dltk.core,2026-09-04T14:08:51
git@github.com:eclipse/dltk.core.git,6152636::blob,6152636.0,blob,persistence_history,repo_not_cloned,/Users/praffulg/Downloads/Neelam paper/cache/repos/eclipse__dltk.core,2026-09-04T14:08:51
git@github.com:eclipse/dltk.core.git,6152636::data class,6152636.0,data class,persistence_history,repo_not_cloned,/Users/praffulg/Downloads/Neelam paper/cache/repos/eclipse__dltk.core,2026-09-04T14:08:51
git@github.com:eclipse/dltk.core.git,6153007::feature envy,6153007.0,feature envy,persistence_history,repo_not_cloned,/Users/praffulg/Downloads/Neelam paper/cache/repos/eclipse__dltk.core,2026-09-04T14:08:51
git@github.com:eclipse/dltk.core.git,6153007::long method,6153007.0,long method,persistence_history,repo_not_cloned,/Users/praffulg/Downloads/Neelam paper/cache/repos/eclipse__dltk.core,2026-09-04T14:08:51
git@github.com:eclipse/dltk.core.git,6153322::blob,6153322.0,blob,persistence_history,repo_not_cloned,/Users/praffulg/Downloads/Neelam paper/cache/repos/eclipse__dltk.core,2026-09-04T14:08:51
git@github.com:eclipse/dltk.core.git,6153322::data class,6153322.0,data class,persistence_history,repo_not_cloned,/Users/praffulg/Downloads/Neelam paper/cache/repos/eclipse__dltk.core,2026-09-04T14:08:51
git@github.com:eclipse/dltk.core.git,6153811::blob,6153811.0,blob,persistence_history,repo_not_cloned,/Users/praffulg/Downloads/Neelam paper/cache/repos/eclipse__dltk.core,2026-09-04T14:08:51
git@github.com:eclipse/dltk.core.git,6153811::data class,6153811.0,data class,persistence_history,repo_not_cloned,/Users/praffulg/Downloads/Neelam paper/cache/repos/eclipse__dltk.core,2026-09-04T14:08:51
git@github.com:eclipse/eclipse.jdt.core.git,9033273::blob,9033273.0,blob,persistence_history,repo_not_cloned,/Users/praffulg/Downloads/Neelam paper/cache/repos/eclipse__eclipse.jdt.core,2026-09-04T21:59:22
git@github.com:eclipse/eclipse.jdt.core.git,9033273::data class,9033273.0,data class,persistence_history,repo_not_cloned,/Users/praffulg/Downloads/Neelam paper/cache/repos/eclipse__eclipse.jdt.core,2026-09-04T21:59:22
git@github.com:eclipse/eclipse.jdt.core.git,9034294::blob,9034294.0,blob,persistence_history,repo_not_cloned,/Users/praffulg/Downloads/Neelam paper/cache/repos/eclipse__eclipse.jdt.core,2026-09-04T21:59:22
git@github.com:eclipse/eclipse.jdt.core.git,9034294::data class,9034294.0,data class,persistence_history,repo_not_cloned,/Users/praffulg/Downloads/Neelam paper/cache/repos/eclipse__eclipse.jdt.core,2026-09-04T21:59:22
git@github.com:eclipse/eclipse.jdt.core.git,9036731::feature envy,9036731.0,feature envy,persistence_history,repo_not_cloned,/Users/praffulg/Downloads/Neelam paper/cache/repos/eclipse__eclipse.jdt.core,2026-09-04T21:59:22
git@github.com:eclipse/eclipse.jdt.core.git,9036731::long method,9036731.0,long method,persistence_history,repo_not_cloned,/Users/praffulg/Downloads/Neelam paper/cache/repos/eclipse__eclipse.jdt.core,2026-09-04T21:59:22
git@github.com:eclipse/eclipse.jdt.core.git,9037421::feature envy,9037421.0,feature envy,persistence_history,repo_not_cloned,/Users/praffulg/Downloads/Neelam paper/cache/repos/eclipse__eclipse.jdt.core,2026-09-04T21:59:22
git@github.com:eclipse/eclipse.jdt.core.git,9037421::long method,9037421.0,long method,persistence_history,repo_not_cloned,/Users/praffulg/Downloads/Neelam paper/cache/repos/eclipse__eclipse.jdt.core,2026-09-04T21:59:22
git@github.com:eclipse/eclipse.jdt.core.git,9037596::feature envy,9037596.0,feature envy,persistence_history,repo_not_cloned,/Users/praffulg/Downloads/Neelam paper/cache/repos/eclipse__eclipse.jdt.core,2026-09-04T21:59:22
git@github.com:eclipse/eclipse.jdt.core.git,9037596::long method,9037596.0,long method,persistence_history,repo_not_cloned,/Users/praffulg/Downloads/Neelam paper/cache/repos/eclipse__eclipse.jdt.core,2026-09-04T21:59:22
git@github.com:eclipse/eclipse.jdt.core.git,9037804::feature envy,9037804.0,feature envy,persistence_history,repo_not_cloned,/Users/praffulg/Downloads/Neelam paper/cache/repos/eclipse__eclipse.jdt.core,2026-09-04T21:59:22
git@github.com:eclipse/eclipse.jdt.core.git,9037804::long method,9037804.0,long method,persistence_history,repo_not_cloned,/Users/praffulg/Downloads/Neelam paper/cache/repos/eclipse__eclipse.jdt.core,2026-09-04T21:59:22
git@github.com:eclipse/eclipse.jdt.core.git,9037905::feature envy,9037905.0,feature envy,persistence_history,repo_not_cloned,/Users/praffulg/Downloads/Neelam paper/cache/repos/eclipse__eclipse.jdt.core,2026-09-04T21:59:22
git@github.com:eclipse/eclipse.jdt.core.git,9037905::long method,9037905.0,long method,persistence_history,repo_not_cloned,/Users/praffulg/Downloads/Neelam paper/cache/repos/eclipse__eclipse.jdt.core,2026-09-04T21:59:22
git@github.com:eclipse/eclipse.jdt.core.git,9038553::blob,9038553.0,blob,persistence_history,repo_not_cloned,/Users/praffulg/Downloads/Neelam paper/cache/repos/eclipse__eclipse.jdt.core,2026-09-04T21:59:22
git@github.com:eclipse/eclipse.jdt.core.git,9038553::data class,9038553.0,data class,persistence_history,repo_not_cloned,/Users/praffulg/Downloads/Neelam paper/cache/repos/eclipse__eclipse.jdt.core,2026-09-04T21:59:22
git@github.com:eclipse/eclipse.jdt.core.git,9040540::blob,9040540.0,blob,persistence_history,repo_not_cloned,/Users/praffulg/Downloads/Neelam paper/cache/repos/eclipse__eclipse.jdt.core,2026-09-04T21:59:22
git@github.com:eclipse/eclipse.jdt.core.git,9040540::data class,9040540.0,data class,persistence_history,repo_not_cloned,/Users/praffulg/Downloads/Neelam paper/cache/repos/eclipse__eclipse.jdt.core,2026-09-04T21:59:22
git@github.com:eclipse/eclipse.jdt.core.git,9044882::feature envy,9044882.0,feature envy,persistence_history,repo_not_cloned,/Users/praffulg/Downloads/Neelam paper/cache/repos/eclipse__eclipse.jdt.core,2026-09-04T21:59:22
git@github.com:eclipse/eclipse.jdt.core.git,9044882::long method,9044882.0,long method,persistence_history,repo_not_cloned,/Users/praffulg/Downloads/Neelam paper/cache/repos/eclipse__eclipse.jdt.core,2026-09-04T21:59:22
git@github.com:eclipse/eclipse.jdt.core.git,9044996::feature envy,9044996.0,feature envy,persistence_history,repo_not_cloned,/Users/praffulg/Downloads/Neelam paper/cache/repos/eclipse__eclipse.jdt.core,2026-09-04T21:59:22
git@github.com:eclipse/eclipse.jdt.core.git,9044996::long method,9044996.0,long method,persistence_history,repo_not_cloned,/Users/praffulg/Downloads/Neelam paper/cache/repos/eclipse__eclipse.jdt.core,2026-09-04T21:59:22
git@github.com:eclipse/eclipse.jdt.core.git,9045352::feature envy,9045352.0,feature envy,persistence_history,repo_not_cloned,/Users/praffulg/Downloads/Neelam paper/cache/repos/eclipse__eclipse.jdt.core,2026-09-04T21:59:22
git@github.com:eclipse/eclipse.jdt.core.git,9045352::long method,9045352.0,long method,persistence_history,repo_not_cloned,/Users/praffulg/Downloads/Neelam paper/cache/repos/eclipse__eclipse.jdt.core,2026-09-04T21:59:22
git@github.com:eclipse/eclipse.jdt.core.git,9045643::blob,9045643.0,blob,persistence_history,repo_not_cloned,/Users/praffulg/Downloads/Neelam paper/cache/repos/eclipse__eclipse.jdt.core,2026-09-04T21:59:22
git@github.com:eclipse/eclipse.jdt.core.git,9045643::data class,9045643.0,data class,persistence_history,repo_not_cloned,/Users/praffulg/Downloads/Neelam paper/cache/repos/eclipse__eclipse.jdt.core,2026-09-04T21:59:22
git@github.com:eclipse/eclipse.jdt.core.git,9045965::feature envy,9045965.0,feature envy,persistence_history,repo_not_cloned,/Users/praffulg/Downloads/Neelam paper/cache/repos/eclipse__eclipse.jdt.core,2026-09-04T21:59:22
git@github.com:eclipse/eclipse.jdt.core.git,9045965::long method,9045965.0,long method,persistence_history,repo_not_cloned,/Users/praffulg/Downloads/Neelam paper/cache/repos/eclipse__eclipse.jdt.core,2026-09-04T21:59:22
git@github.com:eclipse/eclipse.jdt.core.git,9046528::blob,9046528.0,blob,persistence_history,repo_not_cloned,/Users/praffulg/Downloads/Neelam paper/cache/repos/eclipse__eclipse.jdt.core,2026-09-04T21:59:22
git@github.com:eclipse/eclipse.jdt.core.git,9046528::data class,9046528.0,data class,persistence_history,repo_not_cloned,/Users/praffulg/Downloads/Neelam paper/cache/repos/eclipse__eclipse.jdt.core,2026-09-04T21:59:22
git@github.com:eclipse/eclipse.jdt.core.git,9046923::feature envy,9046923.0,feature envy,persistence_history,repo_not_cloned,/Users/praffulg/Downloads/Neelam paper/cache/repos/eclipse__eclipse.jdt.core,2026-09-04T21:59:22
git@github.com:eclipse/eclipse.jdt.core.git,9046923::long method,9046923.0,long method,persistence_history,repo_not_cloned,/Users/praffulg/Downloads/Neelam paper/cache/repos/eclipse__eclipse.jdt.core,2026-09-04T21:59:22
git@github.com:eclipse/eclipse.jdt.core.git,9049276::feature envy,9049276.0,feature envy,persistence_history,repo_not_cloned,/Users/praffulg/Downloads/Neelam paper/cache/repos/eclipse__eclipse.jdt.core,2026-09-04T21:59:22
git@github.com:eclipse/eclipse.jdt.core.git,9049276::long method,9049276.0,long method,persistence_history,repo_not_cloned,/Users/praffulg/Downloads/Neelam paper/cache/repos/eclipse__eclipse.jdt.core,2026-09-04T21:59:22
git@github.com:eclipse/eclipse.jdt.core.git,9049868::feature envy,9049868.0,feature envy,persistence_history,repo_not_cloned,/Users/praffulg/Downloads/Neelam paper/cache/repos/eclipse__eclipse.jdt.core,2026-09-04T21:59:22
git@github.com:eclipse/eclipse.jdt.core.git,9049868::long method,9049868.0,long method,persistence_history,repo_not_cloned,/Users/praffulg/Downloads/Neelam paper/cache/repos/eclipse__eclipse.jdt.core,2026-09-04T21:59:22
git@github.com:eclipse/eclipse.jdt.core.git,9049945::blob,9049945.0,blob,persistence_history,repo_not_cloned,/Users/praffulg/Downloads/Neelam paper/cache/repos/eclipse__eclipse.jdt.core,2026-09-04T21:59:22
git@github.com:eclipse/eclipse.jdt.core.git,9049945::data class,9049945.0,data class,persistence_history,repo_not_cloned,/Users/praffulg/Downloads/Neelam paper/cache/repos/eclipse__eclipse.jdt.core,2026-09-04T21:59:22
git@github.com:eclipse/eclipse.jdt.core.git,9050114::feature envy,9050114.0,feature envy,persistence_history,repo_not_cloned,/Users/praffulg/Downloads/Neelam paper/cache/repos/eclipse__eclipse.jdt.core,2026-09-04T21:59:22
git@github.com:eclipse/eclipse.jdt.core.git,9050114::long method,9050114.0,long method,persistence_history,repo_not_cloned,/Users/praffulg/Downloads/Neelam paper/cache/repos/eclipse__eclipse.jdt.core,2026-09-04T21:59:22
git@github.com:eclipse/eclipse.jdt.core.git,9053224::feature envy,9053224.0,feature envy,persistence_history,repo_not_cloned,/Users/praffulg/Downloads/Neelam paper/cache/repos/eclipse__eclipse.jdt.core,2026-09-04T21:59:22
git@github.com:eclipse/eclipse.jdt.core.git,9053224::long method,9053224.0,long method,persistence_history,repo_not_cloned,/Users/praffulg/Downloads/Neelam paper/cache/repos/eclipse__eclipse.jdt.core,2026-09-04T21:59:22
git@github.com:eclipse/eclipse.jdt.core.git,9055406::blob,9055406.0,blob,persistence_history,repo_not_cloned,/Users/praffulg/Downloads/Neelam paper/cache/repos/eclipse__eclipse.jdt.core,2026-09-04T21:59:22
git@github.com:eclipse/eclipse.jdt.core.git,9055406::data class,9055406.0,data class,persistence_history,repo_not_cloned,/Users/praffulg/Downloads/Neelam paper/cache/repos/eclipse__eclipse.jdt.core,2026-09-04T21:59:22
git@github.com:eclipse/eclipse.jdt.core.git,9058891::feature envy,9058891.0,feature envy,persistence_history,repo_not_cloned,/Users/praffulg/Downloads/Neelam paper/cache/repos/eclipse__eclipse.jdt.core,2026-09-04T21:59:22
git@github.com:eclipse/eclipse.jdt.core.git,9058891::long method,9058891.0,long method,persistence_history,repo_not_cloned,/Users/praffulg/Downloads/Neelam paper/cache/repos/eclipse__eclipse.jdt.core,2026-09-04T21:59:22
git@github.com:eclipse/eclipse.jdt.core.git,9060510::feature envy,9060510.0,feature envy,persistence_history,repo_not_cloned,/Users/praffulg/Downloads/Neelam paper/cache/repos/eclipse__eclipse.jdt.core,2026-09-04T21:59:22
git@github.com:eclipse/eclipse.jdt.core.git,9060510::long method,9060510.0,long method,persistence_history,repo_not_cloned,/Users/praffulg/Downloads/Neelam paper/cache/repos/eclipse__eclipse.jdt.core,2026-09-04T21:59:22
git@github.com:eclipse/eclipse.jdt.core.git,9060917::feature envy,9060917.0,feature envy,persistence_history,repo_not_cloned,/Users/praffulg/Downloads/Neelam paper/cache/repos/eclipse__eclipse.jdt.core,2026-09-04T21:59:22
git@github.com:eclipse/eclipse.jdt.core.git,9060917::long method,9060917.0,long method,persistence_history,repo_not_cloned,/Users/praffulg/Downloads/Neelam paper/cache/repos/eclipse__eclipse.jdt.core,2026-09-04T21:59:22
git@github.com:eclipse/eclipse.jdt.core.git,9063283::blob,9063283.0,blob,persistence_history,repo_not_cloned,/Users/praffulg/Downloads/Neelam paper/cache/repos/eclipse__eclipse.jdt.core,2026-09-04T21:59:22
git@github.com:eclipse/eclipse.jdt.core.git,9063283::data class,9063283.0,data class,persistence_history,repo_not_cloned,/Users/praffulg/Downloads/Neelam paper/cache/repos/eclipse__eclipse.jdt.core,2026-09-04T21:59:22
git@github.com:eclipse/eclipse.jdt.core.git,9064356::feature envy,9064356.0,feature envy,persistence_history,repo_not_cloned,/Users/praffulg/Downloads/Neelam paper/cache/repos/eclipse__eclipse.jdt.core,2026-09-04T21:59:22
git@github.com:eclipse/eclipse.jdt.core.git,9064356::long method,9064356.0,long method,persistence_history,repo_not_cloned,/Users/praffulg/Downloads/Neelam paper/cache/repos/eclipse__eclipse.jdt.core,2026-09-04T21:59:22
git@github.com:eclipse/eclipse.jdt.core.git,9066219::feature envy,9066219.0,feature envy,persistence_history,repo_not_cloned,/Users/praffulg/Downloads/Neelam paper/cache/repos/eclipse__eclipse.jdt.core,2026-09-04T21:59:22
git@github.com:eclipse/eclipse.jdt.core.git,9066219::long method,9066219.0,long method,persistence_history,repo_not_cloned,/Users/praffulg/Downloads/Neelam paper/cache/repos/eclipse__eclipse.jdt.core,2026-09-04T21:59:22
git@github.com:eclipse/eclipse.jdt.core.git,9071100::blob,9071100.0,blob,persistence_history,repo_not_cloned,/Users/praffulg/Downloads/Neelam paper/cache/repos/eclipse__eclipse.jdt.core,2026-09-04T21:59:22
git@github.com:eclipse/eclipse.jdt.core.git,9071100::data class,9071100.0,data class,persistence_history,repo_not_cloned,/Users/praffulg/Downloads/Neelam paper/cache/repos/eclipse__eclipse.jdt.core,2026-09-04T21:59:22
git@github.com:eclipse/eclipse.jdt.core.git,9071167::blob,9071167.0,blob,persistence_history,repo_not_cloned,/Users/praffulg/Downloads/Neelam paper/cache/repos/eclipse__eclipse.jdt.core,2026-09-04T21:59:22
git@github.com:eclipse/eclipse.jdt.core.git,9071167::data class,9071167.0,data class,persistence_history,repo_not_cloned,/Users/praffulg/Downloads/Neelam paper/cache/repos/eclipse__eclipse.jdt.core,2026-09-04T21:59:22
git@github.com:eclipse/eclipse.jdt.core.git,9071507::blob,9071507.0,blob,persistence_history,repo_not_cloned,/Users/praffulg/Downloads/Neelam paper/cache/repos/eclipse__eclipse.jdt.core,2026-09-04T21:59:22
git@github.com:eclipse/eclipse.jdt.core.git,9072630::feature envy,9072630.0,feature envy,persistence_history,repo_not_cloned,/Users/praffulg/Downloads/Neelam paper/cache/repos/eclipse__eclipse.jdt.core,2026-09-04T21:59:22
git@github.com:eclipse/eclipse.jdt.core.git,9072630::long method,9072630.0,long method,persistence_history,repo_not_cloned,/Users/praffulg/Downloads/Neelam paper/cache/repos/eclipse__eclipse.jdt.core,2026-09-04T21:59:22
git@github.com:eclipse/eclipse.jdt.core.git,9073602::blob,9073602.0,blob,persistence_history,repo_not_cloned,/Users/praffulg/Downloads/Neelam paper/cache/repos/eclipse__eclipse.jdt.core,2026-09-04T21:59:22
git@github.com:eclipse/eclipse.jdt.core.git,9073602::data class,9073602.0,data class,persistence_history,repo_not_cloned,/Users/praffulg/Downloads/Neelam paper/cache/repos/eclipse__eclipse.jdt.core,2026-09-04T21:59:22
git@github.com:eclipse/eclipse.jdt.core.git,9074421::blob,9074421.0,blob,persistence_history,repo_not_cloned,/Users/praffulg/Downloads/Neelam paper/cache/repos/eclipse__eclipse.jdt.core,2026-09-04T21:59:22
git@github.com:eclipse/eclipse.jdt.core.git,9074421::data class,9074421.0,data class,persistence_history,repo_not_cloned,/Users/praffulg/Downloads/Neelam paper/cache/repos/eclipse__eclipse.jdt.core,2026-09-04T21:59:22
git@github.com:eclipse/eclipse.jdt.core.git,9078577::feature envy,9078577.0,feature envy,persistence_history,repo_not_cloned,/Users/praffulg/Downloads/Neelam paper/cache/repos/eclipse__eclipse.jdt.core,2026-09-04T21:59:22
git@github.com:eclipse/eclipse.jdt.core.git,9078577::long method,9078577.0,long method,persistence_history,repo_not_cloned,/Users/praffulg/Downloads/Neelam paper/cache/repos/eclipse__eclipse.jdt.core,2026-09-04T21:59:22
git@github.com:eclipse/eclipse.jdt.core.git,9079227::feature envy,9079227.0,feature envy,persistence_history,repo_not_cloned,/Users/praffulg/Downloads/Neelam paper/cache/repos/eclipse__eclipse.jdt.core,2026-09-04T21:59:22
git@github.com:eclipse/eclipse.jdt.core.git,9079227::long method,9079227.0,long method,persistence_history,repo_not_cloned,/Users/praffulg/Downloads/Neelam paper/cache/repos/eclipse__eclipse.jdt.core,2026-09-04T21:59:22
git@github.com:eclipse/eclipse.jdt.core.git,9079412::blob,9079412.0,blob,persistence_history,repo_not_cloned,/Users/praffulg/Downloads/Neelam paper/cache/repos/eclipse__eclipse.jdt.core,2026-09-04T21:59:22
git@github.com:eclipse/eclipse.jdt.core.git,9079412::data class,9079412.0,data class,persistence_history,repo_not_cloned,/Users/praffulg/Downloads/Neelam paper/cache/repos/eclipse__eclipse.jdt.core,2026-09-04T21:59:22
git@github.com:eclipse/eclipse.jdt.core.git,9082528::blob,9082528.0,blob,persistence_history,repo_not_cloned,/Users/praffulg/Downloads/Neelam paper/cache/repos/eclipse__eclipse.jdt.core,2026-09-04T21:59:22
git@github.com:eclipse/eclipse.jdt.core.git,9082528::data class,9082528.0,data class,persistence_history,repo_not_cloned,/Users/praffulg/Downloads/Neelam paper/cache/repos/eclipse__eclipse.jdt.core,2026-09-04T21:59:22
git@github.com:eclipse/eclipse.jdt.core.git,9085089::feature envy,9085089.0,feature envy,persistence_history,repo_not_cloned,/Users/praffulg/Downloads/Neelam paper/cache/repos/eclipse__eclipse.jdt.core,2026-09-04T21:59:22
git@github.com:eclipse/eclipse.jdt.core.git,9085089::long method,9085089.0,long method,persistence_history,repo_not_cloned,/Users/praffulg/Downloads/Neelam paper/cache/repos/eclipse__eclipse.jdt.core,2026-09-04T21:59:22
git@github.com:eclipse/eclipse.platform.swt.git,8702258::feature envy,8702258.0,feature envy,persistence_history,repo_not_cloned,/Users/praffulg/Downloads/Neelam paper/cache/repos/eclipse__eclipse.platform.swt,2026-09-04T17:00:44
git@github.com:eclipse/eclipse.platform.swt.git,8702258::long method,8702258.0,long method,persistence_history,repo_not_cloned,/Users/praffulg/Downloads/Neelam paper/cache/repos/eclipse__eclipse.platform.swt,2026-09-04T17:00:44
git@github.com:eclipse/eclipse.platform.swt.git,8702985::blob,8702985.0,blob,persistence_history,repo_not_cloned,/Users/praffulg/Downloads/Neelam paper/cache/repos/eclipse__eclipse.platform.swt,2026-09-04T17:00:44
git@github.com:eclipse/eclipse.platform.swt.git,8702985::data class,8702985.0,data class,persistence_history,repo_not_cloned,/Users/praffulg/Downloads/Neelam paper/cache/repos/eclipse__eclipse.platform.swt,2026-09-04T17:00:44
git@github.com:eclipse/eclipse.platform.swt.git,8703167::feature envy,8703167.0,feature envy,persistence_history,repo_not_cloned,/Users/praffulg/Downloads/Neelam paper/cache/repos/eclipse__eclipse.platform.swt,2026-09-04T17:00:44
git@github.com:eclipse/eclipse.platform.swt.git,8703167::long method,8703167.0,long method,persistence_history,repo_not_cloned,/Users/praffulg/Downloads/Neelam paper/cache/repos/eclipse__eclipse.platform.swt,2026-09-04T17:00:44
git@github.com:eclipse/eclipse.platform.swt.git,8703330::feature envy,8703330.0,feature envy,persistence_history,repo_not_cloned,/Users/praffulg/Downloads/Neelam paper/cache/repos/eclipse__eclipse.platform.swt,2026-09-04T17:00:44
git@github.com:eclipse/eclipse.platform.swt.git,8703330::long method,8703330.0,long method,persistence_history,repo_not_cloned,/Users/praffulg/Downloads/Neelam paper/cache/repos/eclipse__eclipse.platform.swt,2026-09-04T17:00:44
git@github.com:eclipse/eclipse.platform.swt.git,8703582::blob,8703582.0,blob,persistence_history,repo_not_cloned,/Users/praffulg/Downloads/Neelam paper/cache/repos/eclipse__eclipse.platform.swt,2026-09-04T17:00:44
git@github.com:eclipse/eclipse.platform.swt.git,8703582::data class,8703582.0,data class,persistence_history,repo_not_cloned,/Users/praffulg/Downloads/Neelam paper/cache/repos/eclipse__eclipse.platform.swt,2026-09-04T17:00:44
git@github.com:eclipse/eclipse.platform.swt.git,8703973::feature envy,8703973.0,feature envy,persistence_history,repo_not_cloned,/Users/praffulg/Downloads/Neelam paper/cache/repos/eclipse__eclipse.platform.swt,2026-09-04T17:00:44
git@github.com:eclipse/eclipse.platform.swt.git,8703973::long method,8703973.0,long method,persistence_history,repo_not_cloned,/Users/praffulg/Downloads/Neelam paper/cache/repos/eclipse__eclipse.platform.swt,2026-09-04T17:00:44
git@github.com:eclipse/eclipse.platform.swt.git,8705246::feature envy,8705246.0,feature envy,persistence_history,repo_not_cloned,/Users/praffulg/Downloads/Neelam paper/cache/repos/eclipse__eclipse.platform.swt,2026-09-04T17:00:44
git@github.com:eclipse/eclipse.platform.swt.git,8705246::long method,8705246.0,long method,persistence_history,repo_not_cloned,/Users/praffulg/Downloads/Neelam paper/cache/repos/eclipse__eclipse.platform.swt,2026-09-04T17:00:44
git@github.com:eclipse/eclipse.platform.swt.git,8705503::feature envy,8705503.0,feature envy,persistence_history,repo_not_cloned,/Users/praffulg/Downloads/Neelam paper/cache/repos/eclipse__eclipse.platform.swt,2026-09-04T17:00:44
git@github.com:eclipse/eclipse.platform.swt.git,8705503::long method,8705503.0,long method,persistence_history,repo_not_cloned,/Users/praffulg/Downloads/Neelam paper/cache/repos/eclipse__eclipse.platform.swt,2026-09-04T17:00:44
git@github.com:eclipse/eclipse.platform.swt.git,8706829::feature envy,8706829.0,feature envy,persistence_history,repo_not_cloned,/Users/praffulg/Downloads/Neelam paper/cache/repos/eclipse__eclipse.platform.swt,2026-09-04T17:00:44
git@github.com:eclipse/eclipse.platform.swt.git,8706829::long method,8706829.0,long method,persistence_history,repo_not_cloned,/Users/praffulg/Downloads/Neelam paper/cache/repos/eclipse__eclipse.platform.swt,2026-09-04T17:00:44
git@github.com:eclipse/eclipse.platform.swt.git,8707779::blob,8707779.0,blob,persistence_history,repo_not_cloned,/Users/praffulg/Downloads/Neelam paper/cache/repos/eclipse__eclipse.platform.swt,2026-09-04T17:00:44
git@github.com:eclipse/eclipse.platform.swt.git,8707779::data class,8707779.0,data class,persistence_history,repo_not_cloned,/Users/praffulg/Downloads/Neelam paper/cache/repos/eclipse__eclipse.platform.swt,2026-09-04T17:00:44
git@github.com:eclipse/eclipse.platform.swt.git,8708013::feature envy,8708013.0,feature envy,persistence_history,repo_not_cloned,/Users/praffulg/Downloads/Neelam paper/cache/repos/eclipse__eclipse.platform.swt,2026-09-04T17:00:44
git@github.com:eclipse/eclipse.platform.swt.git,8708013::long method,8708013.0,long method,persistence_history,repo_not_cloned,/Users/praffulg/Downloads/Neelam paper/cache/repos/eclipse__eclipse.platform.swt,2026-09-04T17:00:44
git@github.com:eclipse/eclipse.platform.swt.git,8708216::feature envy,8708216.0,feature envy,persistence_history,repo_not_cloned,/Users/praffulg/Downloads/Neelam paper/cache/repos/eclipse__eclipse.platform.swt,2026-09-04T17:00:44
git@github.com:eclipse/eclipse.platform.swt.git,8708216::long method,8708216.0,long method,persistence_history,repo_not_cloned,/Users/praffulg/Downloads/Neelam paper/cache/repos/eclipse__eclipse.platform.swt,2026-09-04T17:00:44
git@github.com:eclipse/eclipse.platform.swt.git,8711809::feature envy,8711809.0,feature envy,persistence_history,repo_not_cloned,/Users/praffulg/Downloads/Neelam paper/cache/repos/eclipse__eclipse.platform.swt,2026-09-04T17:00:44
git@github.com:eclipse/eclipse.platform.swt.git,8711809::long method,8711809.0,long method,persistence_history,repo_not_cloned,/Users/praffulg/Downloads/Neelam paper/cache/repos/eclipse__eclipse.platform.swt,2026-09-04T17:00:44
git@github.com:eclipse/eclipse.platform.swt.git,8712093::feature envy,8712093.0,feature envy,persistence_history,repo_not_cloned,/Users/praffulg/Downloads/Neelam paper/cache/repos/eclipse__eclipse.platform.swt,2026-09-04T17:00:44
git@github.com:eclipse/eclipse.platform.swt.git,8712093::long method,8712093.0,long method,persistence_history,repo_not_cloned,/Users/praffulg/Downloads/Neelam paper/cache/repos/eclipse__eclipse.platform.swt,2026-09-04T17:00:44
git@github.com:eclipse/eclipse.platform.swt.git,8714735::feature envy,8714735.0,feature envy,persistence_history,repo_not_cloned,/Users/praffulg/Downloads/Neelam paper/cache/repos/eclipse__eclipse.platform.swt,2026-09-04T17:00:44
git@github.com:eclipse/eclipse.platform.swt.git,8714735::long method,8714735.0,long method,persistence_history,repo_not_cloned,/Users/praffulg/Downloads/Neelam paper/cache/repos/eclipse__eclipse.platform.swt,2026-09-04T17:00:44
git@github.com:eclipse/eclipse.platform.swt.git,8715463::blob,8715463.0,blob,persistence_history,repo_not_cloned,/Users/praffulg/Downloads/Neelam paper/cache/repos/eclipse__eclipse.platform.swt,2026-09-04T17:00:44
git@github.com:eclipse/eclipse.platform.swt.git,8715463::data class,8715463.0,data class,persistence_history,repo_not_cloned,/Users/praffulg/Downloads/Neelam paper/cache/repos/eclipse__eclipse.platform.swt,2026-09-04T17:00:44
git@github.com:eclipse/eclipse.platform.swt.git,8716970::feature envy,8716970.0,feature envy,persistence_history,repo_not_cloned,/Users/praffulg/Downloads/Neelam paper/cache/repos/eclipse__eclipse.platform.swt,2026-09-04T17:00:44
git@github.com:eclipse/eclipse.platform.swt.git,8716970::long method,8716970.0,long method,persistence_history,repo_not_cloned,/Users/praffulg/Downloads/Neelam paper/cache/repos/eclipse__eclipse.platform.swt,2026-09-04T17:00:44
git@github.com:eclipse/eclipse.platform.swt.git,8717357::blob,8717357.0,blob,persistence_history,repo_not_cloned,/Users/praffulg/Downloads/Neelam paper/cache/repos/eclipse__eclipse.platform.swt,2026-09-04T17:00:44
git@github.com:eclipse/eclipse.platform.swt.git,8717357::data class,8717357.0,data class,persistence_history,repo_not_cloned,/Users/praffulg/Downloads/Neelam paper/cache/repos/eclipse__eclipse.platform.swt,2026-09-04T17:00:44
git@github.com:eclipse/eclipse.platform.swt.git,8717601::feature envy,8717601.0,feature envy,persistence_history,repo_not_cloned,/Users/praffulg/Downloads/Neelam paper/cache/repos/eclipse__eclipse.platform.swt,2026-09-04T17:00:44
git@github.com:eclipse/eclipse.platform.swt.git,8717601::long method,8717601.0,long method,persistence_history,repo_not_cloned,/Users/praffulg/Downloads/Neelam paper/cache/repos/eclipse__eclipse.platform.swt,2026-09-04T17:00:44
git@github.com:eclipse/eclipse.platform.swt.git,8719445::feature envy,8719445.0,feature envy,persistence_history,repo_not_cloned,/Users/praffulg/Downloads/Neelam paper/cache/repos/eclipse__eclipse.platform.swt,2026-09-04T17:00:44
git@github.com:eclipse/eclipse.platform.swt.git,8719445::long method,8719445.0,long method,persistence_history,repo_not_cloned,/Users/praffulg/Downloads/Neelam paper/cache/repos/eclipse__eclipse.platform.swt,2026-09-04T17:00:44
git@github.com:eclipse/eclipse.platform.swt.git,8719536::blob,8719536.0,blob,persistence_history,repo_not_cloned,/Users/praffulg/Downloads/Neelam paper/cache/repos/eclipse__eclipse.platform.swt,2026-09-04T17:00:44
git@github.com:eclipse/eclipse.platform.swt.git,8719536::data class,8719536.0,data class,persistence_history,repo_not_cloned,/Users/praffulg/Downloads/Neelam paper/cache/repos/eclipse__eclipse.platform.swt,2026-09-04T17:00:44
git@github.com:eclipse/eclipse.platform.swt.git,8719559::feature envy,8719559.0,feature envy,persistence_history,repo_not_cloned,/Users/praffulg/Downloads/Neelam paper/cache/repos/eclipse__eclipse.platform.swt,2026-09-04T17:00:44
git@github.com:eclipse/eclipse.platform.swt.git,8719559::long method,8719559.0,long method,persistence_history,repo_not_cloned,/Users/praffulg/Downloads/Neelam paper/cache/repos/eclipse__eclipse.platform.swt,2026-09-04T17:00:44
git@github.com:eclipse/eclipse.platform.swt.git,8719880::feature envy,8719880.0,feature envy,persistence_history,repo_not_cloned,/Users/praffulg/Downloads/Neelam paper/cache/repos/eclipse__eclipse.platform.swt,2026-09-04T17:00:44
git@github.com:eclipse/eclipse.platform.swt.git,8719880::long method,8719880.0,long method,persistence_history,repo_not_cloned,/Users/praffulg/Downloads/Neelam paper/cache/repos/eclipse__eclipse.platform.swt,2026-09-04T17:00:44
git@github.com:eclipse/eclipse.platform.swt.git,8722299::blob,8722299.0,blob,persistence_history,repo_not_cloned,/Users/praffulg/Downloads/Neelam paper/cache/repos/eclipse__eclipse.platform.swt,2026-09-04T17:00:44
git@github.com:eclipse/eclipse.platform.swt.git,8722299::data class,8722299.0,data class,persistence_history,repo_not_cloned,/Users/praffulg/Downloads/Neelam paper/cache/repos/eclipse__eclipse.platform.swt,2026-09-04T17:00:44
git@github.com:eclipse/eclipse.platform.swt.git,8722412::feature envy,8722412.0,feature envy,persistence_history,repo_not_cloned,/Users/praffulg/Downloads/Neelam paper/cache/repos/eclipse__eclipse.platform.swt,2026-09-04T17:00:44
git@github.com:eclipse/eclipse.platform.swt.git,8722412::long method,8722412.0,long method,persistence_history,repo_not_cloned,/Users/praffulg/Downloads/Neelam paper/cache/repos/eclipse__eclipse.platform.swt,2026-09-04T17:00:44
git@github.com:eclipse/eclipse.platform.swt.git,8722845::feature envy,8722845.0,feature envy,persistence_history,repo_not_cloned,/Users/praffulg/Downloads/Neelam paper/cache/repos/eclipse__eclipse.platform.swt,2026-09-04T17:00:44
git@github.com:eclipse/eclipse.platform.swt.git,8722845::long method,8722845.0,long method,persistence_history,repo_not_cloned,/Users/praffulg/Downloads/Neelam paper/cache/repos/eclipse__eclipse.platform.swt,2026-09-04T17:00:44
git@github.com:eclipse/eclipse.platform.swt.git,8723959::feature envy,8723959.0,feature envy,persistence_history,repo_not_cloned,/Users/praffulg/Downloads/Neelam paper/cache/repos/eclipse__eclipse.platform.swt,2026-09-04T17:00:44
git@github.com:eclipse/eclipse.platform.swt.git,8723959::long method,8723959.0,long method,persistence_history,repo_not_cloned,/Users/praffulg/Downloads/Neelam paper/cache/repos/eclipse__eclipse.platform.swt,2026-09-04T17:00:44
git@github.com:eclipse/eclipse.platform.swt.git,8724018::feature envy,8724018.0,feature envy,persistence_history,repo_not_cloned,/Users/praffulg/Downloads/Neelam paper/cache/repos/eclipse__eclipse.platform.swt,2026-09-04T17:00:44
git@github.com:eclipse/eclipse.platform.swt.git,8724018::long method,8724018.0,long method,persistence_history,repo_not_cloned,/Users/praffulg/Downloads/Neelam paper/cache/repos/eclipse__eclipse.platform.swt,2026-09-04T17:00:44
git@github.com:eclipse/eclipse.platform.swt.git,8725125::feature envy,8725125.0,feature envy,persistence_history,repo_not_cloned,/Users/praffulg/Downloads/Neelam paper/cache/repos/eclipse__eclipse.platform.swt,2026-09-04T17:00:44
git@github.com:eclipse/eclipse.platform.swt.git,8725125::long method,8725125.0,long method,persistence_history,repo_not_cloned,/Users/praffulg/Downloads/Neelam paper/cache/repos/eclipse__eclipse.platform.swt,2026-09-04T17:00:44
git@github.com:eclipse/eclipse.platform.swt.git,8727011::blob,8727011.0,blob,persistence_history,repo_not_cloned,/Users/praffulg/Downloads/Neelam paper/cache/repos/eclipse__eclipse.platform.swt,2026-09-04T17:00:44
git@github.com:eclipse/eclipse.platform.swt.git,8727011::data class,8727011.0,data class,persistence_history,repo_not_cloned,/Users/praffulg/Downloads/Neelam paper/cache/repos/eclipse__eclipse.platform.swt,2026-09-04T17:00:44
git@github.com:eclipse/eclipse.platform.swt.git,8727139::feature envy,8727139.0,feature envy,persistence_history,repo_not_cloned,/Users/praffulg/Downloads/Neelam paper/cache/repos/eclipse__eclipse.platform.swt,2026-09-04T17:00:44
git@github.com:eclipse/eclipse.platform.swt.git,8727139::long method,8727139.0,long method,persistence_history,repo_not_cloned,/Users/praffulg/Downloads/Neelam paper/cache/repos/eclipse__eclipse.platform.swt,2026-09-04T17:00:44
git@github.com:eclipse/eclipse.platform.swt.git,8727852::blob,8727852.0,blob,persistence_history,repo_not_cloned,/Users/praffulg/Downloads/Neelam paper/cache/repos/eclipse__eclipse.platform.swt,2026-09-04T17:00:44
git@github.com:eclipse/eclipse.platform.swt.git,8727852::data class,8727852.0,data class,persistence_history,repo_not_cloned,/Users/praffulg/Downloads/Neelam paper/cache/repos/eclipse__eclipse.platform.swt,2026-09-04T17:00:44
git@github.com:eclipse/eclipse.platform.ui.git,6368019::feature envy,6368019.0,feature envy,persistence_history,repo_not_cloned,/Users/praffulg/Downloads/Neelam paper/cache/repos/eclipse__eclipse.platform.ui,2026-09-04T14:15:49
git@github.com:eclipse/eclipse.platform.ui.git,6368019::long method,6368019.0,long method,persistence_history,repo_not_cloned,/Users/praffulg/Downloads/Neelam paper/cache/repos/eclipse__eclipse.platform.ui,2026-09-04T14:15:49
git@github.com:eclipse/eclipse.platform.ui.git,6369779::blob,6369779.0,blob,persistence_history,repo_not_cloned,/Users/praffulg/Downloads/Neelam paper/cache/repos/eclipse__eclipse.platform.ui,2026-09-04T14:15:49
git@github.com:eclipse/eclipse.platform.ui.git,6369779::data class,6369779.0,data class,persistence_history,repo_not_cloned,/Users/praffulg/Downloads/Neelam paper/cache/repos/eclipse__eclipse.platform.ui,2026-09-04T14:15:49
git@github.com:eclipse/eclipse.platform.ui.git,6370656::feature envy,6370656.0,feature envy,persistence_history,repo_not_cloned,/Users/praffulg/Downloads/Neelam paper/cache/repos/eclipse__eclipse.platform.ui,2026-09-04T14:15:49
git@github.com:eclipse/eclipse.platform.ui.git,6370656::long method,6370656.0,long method,persistence_history,repo_not_cloned,/Users/praffulg/Downloads/Neelam paper/cache/repos/eclipse__eclipse.platform.ui,2026-09-04T14:15:49
git@github.com:eclipse/eclipse.platform.ui.git,6371049::blob,6371049.0,blob,persistence_history,repo_not_cloned,/Users/praffulg/Downloads/Neelam paper/cache/repos/eclipse__eclipse.platform.ui,2026-09-04T14:15:49
git@github.com:eclipse/eclipse.platform.ui.git,6371049::data class,6371049.0,data class,persistence_history,repo_not_cloned,/Users/praffulg/Downloads/Neelam paper/cache/repos/eclipse__eclipse.platform.ui,2026-09-04T14:15:49
git@github.com:eclipse/eclipse.platform.ui.git,6371353::feature envy,6371353.0,feature envy,persistence_history,repo_not_cloned,/Users/praffulg/Downloads/Neelam paper/cache/repos/eclipse__eclipse.platform.ui,2026-09-04T14:15:49
git@github.com:eclipse/eclipse.platform.ui.git,6371353::long method,6371353.0,long method,persistence_history,repo_not_cloned,/Users/praffulg/Downloads/Neelam paper/cache/repos/eclipse__eclipse.platform.ui,2026-09-04T14:15:49
git@github.com:eclipse/eclipse.platform.ui.git,6372035::feature envy,6372035.0,feature envy,persistence_history,repo_not_cloned,/Users/praffulg/Downloads/Neelam paper/cache/repos/eclipse__eclipse.platform.ui,2026-09-04T14:15:49
git@github.com:eclipse/eclipse.platform.ui.git,6372035::long method,6372035.0,long method,persistence_history,repo_not_cloned,/Users/praffulg/Downloads/Neelam paper/cache/repos/eclipse__eclipse.platform.ui,2026-09-04T14:15:49
git@github.com:eclipse/eclipse.platform.ui.git,6372633::blob,6372633.0,blob,persistence_history,repo_not_cloned,/Users/praffulg/Downloads/Neelam paper/cache/repos/eclipse__eclipse.platform.ui,2026-09-04T14:15:49
git@github.com:eclipse/eclipse.platform.ui.git,6372633::data class,6372633.0,data class,persistence_history,repo_not_cloned,/Users/praffulg/Downloads/Neelam paper/cache/repos/eclipse__eclipse.platform.ui,2026-09-04T14:15:49
git@github.com:eclipse/eclipse.platform.ui.git,6374724::blob,6374724.0,blob,persistence_history,repo_not_cloned,/Users/praffulg/Downloads/Neelam paper/cache/repos/eclipse__eclipse.platform.ui,2026-09-04T14:15:49
git@github.com:eclipse/eclipse.platform.ui.git,6374724::data class,6374724.0,data class,persistence_history,repo_not_cloned,/Users/praffulg/Downloads/Neelam paper/cache/repos/eclipse__eclipse.platform.ui,2026-09-04T14:15:49
git@github.com:eclipse/eclipse.platform.ui.git,6375252::blob,6375252.0,blob,persistence_history,repo_not_cloned,/Users/praffulg/Downloads/Neelam paper/cache/repos/eclipse__eclipse.platform.ui,2026-09-04T14:15:49
git@github.com:eclipse/eclipse.platform.ui.git,6375252::data class,6375252.0,data class,persistence_history,repo_not_cloned,/Users/praffulg/Downloads/Neelam paper/cache/repos/eclipse__eclipse.platform.ui,2026-09-04T14:15:49
git@github.com:eclipse/eclipse.platform.ui.git,6375517::blob,6375517.0,blob,persistence_history,repo_not_cloned,/Users/praffulg/Downloads/Neelam paper/cache/repos/eclipse__eclipse.platform.ui,2026-09-04T14:15:49
git@github.com:eclipse/eclipse.platform.ui.git,6375517::data class,6375517.0,data class,persistence_history,repo_not_cloned,/Users/praffulg/Downloads/Neelam paper/cache/repos/eclipse__eclipse.platform.ui,2026-09-04T14:15:49
git@github.com:eclipse/eclipse.platform.ui.git,6379553::blob,6379553.0,blob,persistence_history,repo_not_cloned,/Users/praffulg/Downloads/Neelam paper/cache/repos/eclipse__eclipse.platform.ui,2026-09-04T14:15:49
git@github.com:eclipse/eclipse.platform.ui.git,6379553::data class,6379553.0,data class,persistence_history,repo_not_cloned,/Users/praffulg/Downloads/Neelam paper/cache/repos/eclipse__eclipse.platform.ui,2026-09-04T14:15:49
git@github.com:eclipse/eclipse.platform.ui.git,6381040::feature envy,6381040.0,feature envy,persistence_history,repo_not_cloned,/Users/praffulg/Downloads/Neelam paper/cache/repos/eclipse__eclipse.platform.ui,2026-09-04T14:15:49
git@github.com:eclipse/eclipse.platform.ui.git,6381040::long method,6381040.0,long method,persistence_history,repo_not_cloned,/Users/praffulg/Downloads/Neelam paper/cache/repos/eclipse__eclipse.platform.ui,2026-09-04T14:15:49
git@github.com:eclipse/eclipse.platform.ui.git,6382923::feature envy,6382923.0,feature envy,persistence_history,repo_not_cloned,/Users/praffulg/Downloads/Neelam paper/cache/repos/eclipse__eclipse.platform.ui,2026-09-04T14:15:49
git@github.com:eclipse/eclipse.platform.ui.git,6382923::long method,6382923.0,long method,persistence_history,repo_not_cloned,/Users/praffulg/Downloads/Neelam paper/cache/repos/eclipse__eclipse.platform.ui,2026-09-04T14:15:49
git@github.com:eclipse/eclipse.platform.ui.git,6383930::blob,6383930.0,blob,persistence_history,repo_not_cloned,/Users/praffulg/Downloads/Neelam paper/cache/repos/eclipse__eclipse.platform.ui,2026-09-04T14:15:49
git@github.com:eclipse/eclipse.platform.ui.git,6383930::data class,6383930.0,data class,persistence_history,repo_not_cloned,/Users/praffulg/Downloads/Neelam paper/cache/repos/eclipse__eclipse.platform.ui,2026-09-04T14:15:49
git@github.com:eclipse/eclipse.platform.ui.git,6385711::blob,6385711.0,blob,persistence_history,repo_not_cloned,/Users/praffulg/Downloads/Neelam paper/cache/repos/eclipse__eclipse.platform.ui,2026-09-04T14:15:49
git@github.com:eclipse/eclipse.platform.ui.git,6385711::data class,6385711.0,data class,persistence_history,repo_not_cloned,/Users/praffulg/Downloads/Neelam paper/cache/repos/eclipse__eclipse.platform.ui,2026-09-04T14:15:49
git@github.com:eclipse/eclipse.platform.ui.git,6386818::feature envy,6386818.0,feature envy,persistence_history,repo_not_cloned,/Users/praffulg/Downloads/Neelam paper/cache/repos/eclipse__eclipse.platform.ui,2026-09-04T14:15:49
git@github.com:eclipse/eclipse.platform.ui.git,6386818::long method,6386818.0,long method,persistence_history,repo_not_cloned,/Users/praffulg/Downloads/Neelam paper/cache/repos/eclipse__eclipse.platform.ui,2026-09-04T14:15:49
git@github.com:eclipse/eclipse.platform.ui.git,6387077::blob,6387077.0,blob,persistence_history,repo_not_cloned,/Users/praffulg/Downloads/Neelam paper/cache/repos/eclipse__eclipse.platform.ui,2026-09-04T14:15:49
git@github.com:eclipse/eclipse.platform.ui.git,6387077::data class,6387077.0,data class,persistence_history,repo_not_cloned,/Users/praffulg/Downloads/Neelam paper/cache/repos/eclipse__eclipse.platform.ui,2026-09-04T14:15:49
git@github.com:eclipse/eclipse.platform.ui.git,6387249::blob,6387249.0,blob,persistence_history,repo_not_cloned,/Users/praffulg/Downloads/Neelam paper/cache/repos/eclipse__eclipse.platform.ui,2026-09-04T14:15:49
git@github.com:eclipse/eclipse.platform.ui.git,6387249::data class,6387249.0,data class,persistence_history,repo_not_cloned,/Users/praffulg/Downloads/Neelam paper/cache/repos/eclipse__eclipse.platform.ui,2026-09-04T14:15:49
git@github.com:eclipse/eclipse.platform.ui.git,6387608::feature envy,6387608.0,feature envy,persistence_history,repo_not_cloned,/Users/praffulg/Downloads/Neelam paper/cache/repos/eclipse__eclipse.platform.ui,2026-09-04T14:15:49
git@github.com:eclipse/eclipse.platform.ui.git,6387608::long method,6387608.0,long method,persistence_history,repo_not_cloned,/Users/praffulg/Downloads/Neelam paper/cache/repos/eclipse__eclipse.platform.ui,2026-09-04T14:15:49
git@github.com:eclipse/eclipse.platform.ui.git,6388458::blob,6388458.0,blob,persistence_history,repo_not_cloned,/Users/praffulg/Downloads/Neelam paper/cache/repos/eclipse__eclipse.platform.ui,2026-09-04T14:15:49
git@github.com:eclipse/eclipse.platform.ui.git,6388458::data class,6388458.0,data class,persistence_history,repo_not_cloned,/Users/praffulg/Downloads/Neelam paper/cache/repos/eclipse__eclipse.platform.ui,2026-09-04T14:15:49
git@github.com:eclipse/eclipse.platform.ui.git,6389069::feature envy,6389069.0,feature envy,persistence_history,repo_not_cloned,/Users/praffulg/Downloads/Neelam paper/cache/repos/eclipse__eclipse.platform.ui,2026-09-04T14:15:49
git@github.com:eclipse/eclipse.platform.ui.git,6389069::long method,6389069.0,long method,persistence_history,repo_not_cloned,/Users/praffulg/Downloads/Neelam paper/cache/repos/eclipse__eclipse.platform.ui,2026-09-04T14:15:49
git@github.com:eclipse/eclipse.platform.ui.git,6391534::blob,6391534.0,blob,persistence_history,repo_not_cloned,/Users/praffulg/Downloads/Neelam paper/cache/repos/eclipse__eclipse.platform.ui,2026-09-04T14:15:49
git@github.com:eclipse/eclipse.platform.ui.git,6391534::data class,6391534.0,data class,persistence_history,repo_not_cloned,/Users/praffulg/Downloads/Neelam paper/cache/repos/eclipse__eclipse.platform.ui,2026-09-04T14:15:49
git@github.com:eclipse/eclipse.platform.ui.git,6392324::feature envy,6392324.0,feature envy,persistence_history,repo_not_cloned,/Users/praffulg/Downloads/Neelam paper/cache/repos/eclipse__eclipse.platform.ui,2026-09-04T14:15:49
git@github.com:eclipse/eclipse.platform.ui.git,6392324::long method,6392324.0,long method,persistence_history,repo_not_cloned,/Users/praffulg/Downloads/Neelam paper/cache/repos/eclipse__eclipse.platform.ui,2026-09-04T14:15:49
git@github.com:eclipse/eclipse.platform.ui.git,6393344::feature envy,6393344.0,feature envy,persistence_history,repo_not_cloned,/Users/praffulg/Downloads/Neelam paper/cache/repos/eclipse__eclipse.platform.ui,2026-09-04T14:15:49
git@github.com:eclipse/eclipse.platform.ui.git,6393344::long method,6393344.0,long method,persistence_history,repo_not_cloned,/Users/praffulg/Downloads/Neelam paper/cache/repos/eclipse__eclipse.platform.ui,2026-09-04T14:15:49
git@github.com:eclipse/eclipse.platform.ui.git,6393486::blob,6393486.0,blob,persistence_history,repo_not_cloned,/Users/praffulg/Downloads/Neelam paper/cache/repos/eclipse__eclipse.platform.ui,2026-09-04T14:15:49
git@github.com:eclipse/eclipse.platform.ui.git,6393486::data class,6393486.0,data class,persistence_history,repo_not_cloned,/Users/praffulg/Downloads/Neelam paper/cache/repos/eclipse__eclipse.platform.ui,2026-09-04T14:15:49
git@github.com:eclipse/eclipse.platform.ui.git,6396521::feature envy,6396521.0,feature envy,persistence_history,repo_not_cloned,/Users/praffulg/Downloads/Neelam paper/cache/repos/eclipse__eclipse.platform.ui,2026-09-04T14:15:49
git@github.com:eclipse/eclipse.platform.ui.git,6396521::long method,6396521.0,long method,persistence_history,repo_not_cloned,/Users/praffulg/Downloads/Neelam paper/cache/repos/eclipse__eclipse.platform.ui,2026-09-04T14:15:49
git@github.com:eclipse/eclipse.platform.ui.git,6398249::feature envy,6398249.0,feature envy,persistence_history,repo_not_cloned,/Users/praffulg/Downloads/Neelam paper/cache/repos/eclipse__eclipse.platform.ui,2026-09-04T14:15:49
git@github.com:eclipse/eclipse.platform.ui.git,6398249::long method,6398249.0,long method,persistence_history,repo_not_cloned,/Users/praffulg/Downloads/Neelam paper/cache/repos/eclipse__eclipse.platform.ui,2026-09-04T14:15:49
git@github.com:eclipse/eclipse.platform.ui.git,6398820::blob,6398820.0,blob,persistence_history,repo_not_cloned,/Users/praffulg/Downloads/Neelam paper/cache/repos/eclipse__eclipse.platform.ui,2026-09-04T14:15:49
git@github.com:eclipse/eclipse.platform.ui.git,6398820::data class,6398820.0,data class,persistence_history,repo_not_cloned,/Users/praffulg/Downloads/Neelam paper/cache/repos/eclipse__eclipse.platform.ui,2026-09-04T14:15:49
git@github.com:eclipse/eclipse.platform.ui.git,6403812::feature envy,6403812.0,feature envy,persistence_history,repo_not_cloned,/Users/praffulg/Downloads/Neelam paper/cache/repos/eclipse__eclipse.platform.ui,2026-09-04T14:15:49
git@github.com:eclipse/eclipse.platform.ui.git,6403812::long method,6403812.0,long method,persistence_history,repo_not_cloned,/Users/praffulg/Downloads/Neelam paper/cache/repos/eclipse__eclipse.platform.ui,2026-09-04T14:15:49
git@github.com:eclipse/eclipse.platform.ui.git,6404028::blob,6404028.0,blob,persistence_history,repo_not_cloned,/Users/praffulg/Downloads/Neelam paper/cache/repos/eclipse__eclipse.platform.ui,2026-09-04T14:15:49
git@github.com:eclipse/eclipse.platform.ui.git,6404028::data class,6404028.0,data class,persistence_history,repo_not_cloned,/Users/praffulg/Downloads/Neelam paper/cache/repos/eclipse__eclipse.platform.ui,2026-09-04T14:15:49
git@github.com:eclipse/eclipse.platform.ui.git,6406137::blob,6406137.0,blob,persistence_history,repo_not_cloned,/Users/praffulg/Downloads/Neelam paper/cache/repos/eclipse__eclipse.platform.ui,2026-09-04T14:15:49
git@github.com:eclipse/eclipse.platform.ui.git,6406137::data class,6406137.0,data class,persistence_history,repo_not_cloned,/Users/praffulg/Downloads/Neelam paper/cache/repos/eclipse__eclipse.platform.ui,2026-09-04T14:15:49
git@github.com:eclipse/eclipse.platform.ui.git,6406918::feature envy,6406918.0,feature envy,persistence_history,repo_not_cloned,/Users/praffulg/Downloads/Neelam paper/cache/repos/eclipse__eclipse.platform.ui,2026-09-04T14:15:49
git@github.com:eclipse/eclipse.platform.ui.git,6406918::long method,6406918.0,long method,persistence_history,repo_not_cloned,/Users/praffulg/Downloads/Neelam paper/cache/repos/eclipse__eclipse.platform.ui,2026-09-04T14:15:49
git@github.com:eclipse/eclipse.platform.ui.git,6412439::blob,6412439.0,blob,persistence_history,repo_not_cloned,/Users/praffulg/Downloads/Neelam paper/cache/repos/eclipse__eclipse.platform.ui,2026-09-04T14:15:49
git@github.com:eclipse/eclipse.platform.ui.git,6412439::data class,6412439.0,data class,persistence_history,repo_not_cloned,/Users/praffulg/Downloads/Neelam paper/cache/repos/eclipse__eclipse.platform.ui,2026-09-04T14:15:49
git@github.com:eclipse/eclipse.platform.ui.git,6413248::blob,6413248.0,blob,persistence_history,repo_not_cloned,/Users/praffulg/Downloads/Neelam paper/cache/repos/eclipse__eclipse.platform.ui,2026-09-04T14:15:49
git@github.com:eclipse/eclipse.platform.ui.git,6413248::data class,6413248.0,data class,persistence_history,repo_not_cloned,/Users/praffulg/Downloads/Neelam paper/cache/repos/eclipse__eclipse.platform.ui,2026-09-04T14:15:49
git@github.com:eclipse/eclipse.platform.ui.git,6413795::blob,6413795.0,blob,persistence_history,repo_not_cloned,/Users/praffulg/Downloads/Neelam paper/cache/repos/eclipse__eclipse.platform.ui,2026-09-04T14:15:49
git@github.com:eclipse/eclipse.platform.ui.git,6413795::data class,6413795.0,data class,persistence_history,repo_not_cloned,/Users/praffulg/Downloads/Neelam paper/cache/repos/eclipse__eclipse.platform.ui,2026-09-04T14:15:49
git@github.com:eclipse/eclipse.platform.ui.git,6414719::blob,6414719.0,blob,persistence_history,repo_not_cloned,/Users/praffulg/Downloads/Neelam paper/cache/repos/eclipse__eclipse.platform.ui,2026-09-04T14:15:49
git@github.com:eclipse/eclipse.platform.ui.git,6414719::data class,6414719.0,data class,persistence_history,repo_not_cloned,/Users/praffulg/Downloads/Neelam paper/cache/repos/eclipse__eclipse.platform.ui,2026-09-04T14:15:49
git@github.com:eclipse/eclipse.platform.ui.git,6414926::feature envy,6414926.0,feature envy,persistence_history,repo_not_cloned,/Users/praffulg/Downloads/Neelam paper/cache/repos/eclipse__eclipse.platform.ui,2026-09-04T14:15:49
git@github.com:eclipse/eclipse.platform.ui.git,6414926::long method,6414926.0,long method,persistence_history,repo_not_cloned,/Users/praffulg/Downloads/Neelam paper/cache/repos/eclipse__eclipse.platform.ui,2026-09-04T14:15:49
git@github.com:eclipse/eclipse.platform.ui.git,6416620::blob,6416620.0,blob,persistence_history,repo_not_cloned,/Users/praffulg/Downloads/Neelam paper/cache/repos/eclipse__eclipse.platform.ui,2026-09-04T14:15:49
git@github.com:eclipse/eclipse.platform.ui.git,6416620::data class,6416620.0,data class,persistence_history,repo_not_cloned,/Users/praffulg/Downloads/Neelam paper/cache/repos/eclipse__eclipse.platform.ui,2026-09-04T14:15:49
git@github.com:eclipse/eclipse.platform.ui.git,6417488::feature envy,6417488.0,feature envy,persistence_history,repo_not_cloned,/Users/praffulg/Downloads/Neelam paper/cache/repos/eclipse__eclipse.platform.ui,2026-09-04T14:15:49
git@github.com:eclipse/eclipse.platform.ui.git,6417488::long method,6417488.0,long method,persistence_history,repo_not_cloned,/Users/praffulg/Downloads/Neelam paper/cache/repos/eclipse__eclipse.platform.ui,2026-09-04T14:15:49
git@github.com:eclipse/eclipse.platform.ui.git,6417561::feature envy,6417561.0,feature envy,persistence_history,repo_not_cloned,/Users/praffulg/Downloads/Neelam paper/cache/repos/eclipse__eclipse.platform.ui,2026-09-04T14:15:49
git@github.com:eclipse/eclipse.platform.ui.git,6417561::long method,6417561.0,long method,persistence_history,repo_not_cloned,/Users/praffulg/Downloads/Neelam paper/cache/repos/eclipse__eclipse.platform.ui,2026-09-04T14:15:49
git@github.com:eclipse/eclipse.platform.ui.git,6419181::feature envy,6419181.0,feature envy,persistence_history,repo_not_cloned,/Users/praffulg/Downloads/Neelam paper/cache/repos/eclipse__eclipse.platform.ui,2026-09-04T14:15:49
git@github.com:eclipse/eclipse.platform.ui.git,6419181::long method,6419181.0,long method,persistence_history,repo_not_cloned,/Users/praffulg/Downloads/Neelam paper/cache/repos/eclipse__eclipse.platform.ui,2026-09-04T14:15:49
git@github.com:eclipse/eclipse.platform.ui.git,6419975::long method,6419975.0,long method,persistence_history,repo_not_cloned,/Users/praffulg/Downloads/Neelam paper/cache/repos/eclipse__eclipse.platform.ui,2026-09-04T14:15:49
git@github.com:eclipse/eclipse.platform.ui.git,6424656::blob,6424656.0,blob,persistence_history,repo_not_cloned,/Users/praffulg/Downloads/Neelam paper/cache/repos/eclipse__eclipse.platform.ui,2026-09-04T14:15:49
git@github.com:eclipse/eclipse.platform.ui.git,6424656::data class,6424656.0,data class,persistence_history,repo_not_cloned,/Users/praffulg/Downloads/Neelam paper/cache/repos/eclipse__eclipse.platform.ui,2026-09-04T14:15:49
git@github.com:eclipse/eclipse.platform.ui.git,6424683::blob,6424683.0,blob,persistence_history,repo_not_cloned,/Users/praffulg/Downloads/Neelam paper/cache/repos/eclipse__eclipse.platform.ui,2026-09-04T14:15:49
git@github.com:eclipse/eclipse.platform.ui.git,6424683::data class,6424683.0,data class,persistence_history,repo_not_cloned,/Users/praffulg/Downloads/Neelam paper/cache/repos/eclipse__eclipse.platform.ui,2026-09-04T14:15:49
git@github.com:eclipse/eclipse.platform.ui.git,6424791::feature envy,6424791.0,feature envy,persistence_history,repo_not_cloned,/Users/praffulg/Downloads/Neelam paper/cache/repos/eclipse__eclipse.platform.ui,2026-09-04T14:15:49
git@github.com:eclipse/eclipse.platform.ui.git,6424791::long method,6424791.0,long method,persistence_history,repo_not_cloned,/Users/praffulg/Downloads/Neelam paper/cache/repos/eclipse__eclipse.platform.ui,2026-09-04T14:15:49
git@github.com:eclipse/eclipse.platform.ui.git,6425142::blob,6425142.0,blob,persistence_history,repo_not_cloned,/Users/praffulg/Downloads/Neelam paper/cache/repos/eclipse__eclipse.platform.ui,2026-09-04T14:15:49
git@github.com:eclipse/eclipse.platform.ui.git,6425142::data class,6425142.0,data class,persistence_history,repo_not_cloned,/Users/praffulg/Downloads/Neelam paper/cache/repos/eclipse__eclipse.platform.ui,2026-09-04T14:15:49
git@github.com:eclipse/eclipse.platform.ui.git,6427227::blob,6427227.0,blob,persistence_history,repo_not_cloned,/Users/praffulg/Downloads/Neelam paper/cache/repos/eclipse__eclipse.platform.ui,2026-09-04T14:15:49
git@github.com:eclipse/eclipse.platform.ui.git,6427227::data class,6427227.0,data class,persistence_history,repo_not_cloned,/Users/praffulg/Downloads/Neelam paper/cache/repos/eclipse__eclipse.platform.ui,2026-09-04T14:15:49
git@github.com:eclipse/eclipse.platform.ui.git,6427329::feature envy,6427329.0,feature envy,persistence_history,repo_not_cloned,/Users/praffulg/Downloads/Neelam paper/cache/repos/eclipse__eclipse.platform.ui,2026-09-04T14:15:49
git@github.com:eclipse/eclipse.platform.ui.git,6427329::long method,6427329.0,long method,persistence_history,repo_not_cloned,/Users/praffulg/Downloads/Neelam paper/cache/repos/eclipse__eclipse.platform.ui,2026-09-04T14:15:49
git@github.com:eclipse/eclipse.platform.ui.git,6427852::feature envy,6427852.0,feature envy,persistence_history,repo_not_cloned,/Users/praffulg/Downloads/Neelam paper/cache/repos/eclipse__eclipse.platform.ui,2026-09-04T14:15:49
git@github.com:eclipse/eclipse.platform.ui.git,6427852::long method,6427852.0,long method,persistence_history,repo_not_cloned,/Users/praffulg/Downloads/Neelam paper/cache/repos/eclipse__eclipse.platform.ui,2026-09-04T14:15:49
git@github.com:eclipse/eclipse.platform.ui.git,6427864::feature envy,6427864.0,feature envy,persistence_history,repo_not_cloned,/Users/praffulg/Downloads/Neelam paper/cache/repos/eclipse__eclipse.platform.ui,2026-09-04T14:15:49
git@github.com:eclipse/eclipse.platform.ui.git,6427864::long method,6427864.0,long method,persistence_history,repo_not_cloned,/Users/praffulg/Downloads/Neelam paper/cache/repos/eclipse__eclipse.platform.ui,2026-09-04T14:15:49
git@github.com:eclipse/eclipse.platform.ui.git,6427968::feature envy,6427968.0,feature envy,persistence_history,repo_not_cloned,/Users/praffulg/Downloads/Neelam paper/cache/repos/eclipse__eclipse.platform.ui,2026-09-04T14:15:49
git@github.com:eclipse/eclipse.platform.ui.git,6427968::long method,6427968.0,long method,persistence_history,repo_not_cloned,/Users/praffulg/Downloads/Neelam paper/cache/repos/eclipse__eclipse.platform.ui,2026-09-04T14:15:49
git@github.com:eclipse/eclipse.platform.ui.git,6428158::blob,6428158.0,blob,persistence_history,repo_not_cloned,/Users/praffulg/Downloads/Neelam paper/cache/repos/eclipse__eclipse.platform.ui,2026-09-04T14:15:49
git@github.com:eclipse/eclipse.platform.ui.git,6428158::data class,6428158.0,data class,persistence_history,repo_not_cloned,/Users/praffulg/Downloads/Neelam paper/cache/repos/eclipse__eclipse.platform.ui,2026-09-04T14:15:49
git@github.com:eclipse/egit-github.git,6157376::blob,6157376.0,blob,persistence_history,repo_not_cloned,/Users/praffulg/Downloads/Neelam paper/cache/repos/eclipse__egit-github,2026-09-04T14:08:51
git@github.com:eclipse/egit-github.git,6157376::data class,6157376.0,data class,persistence_history,repo_not_cloned,/Users/praffulg/Downloads/Neelam paper/cache/repos/eclipse__egit-github,2026-09-04T14:08:51
git@github.com:eclipse/egit-github.git,6157639::data class,6157639.0,data class,persistence_history,repo_not_cloned,/Users/praffulg/Downloads/Neelam paper/cache/repos/eclipse__egit-github,2026-09-04T14:08:51
git@github.com:eclipse/egit.git,6172019::blob,6172019.0,blob,persistence_history,repo_not_cloned,/Users/praffulg/Downloads/Neelam paper/cache/repos/eclipse__egit,2026-09-04T14:10:02
git@github.com:eclipse/egit.git,6172019::data class,6172019.0,data class,persistence_history,repo_not_cloned,/Users/praffulg/Downloads/Neelam paper/cache/repos/eclipse__egit,2026-09-04T14:10:02
git@github.com:eclipse/egit.git,6178268::blob,6178268.0,blob,persistence_history,repo_not_cloned,/Users/praffulg/Downloads/Neelam paper/cache/repos/eclipse__egit,2026-09-04T14:10:02
git@github.com:eclipse/egit.git,6178268::data class,6178268.0,data class,persistence_history,repo_not_cloned,/Users/praffulg/Downloads/Neelam paper/cache/repos/eclipse__egit,2026-09-04T14:10:02
git@github.com:eclipse/egit.git,6180154::long method,6180154.0,long method,persistence_history,repo_not_cloned,/Users/praffulg/Downloads/Neelam paper/cache/repos/eclipse__egit,2026-09-04T14:10:02
git@github.com:eclipse/egit.git,6185975::feature envy,6185975.0,feature envy,persistence_history,repo_not_cloned,/Users/praffulg/Downloads/Neelam paper/cache/repos/eclipse__egit,2026-09-04T14:10:02
git@github.com:eclipse/egit.git,6185975::long method,6185975.0,long method,persistence_history,repo_not_cloned,/Users/praffulg/Downloads/Neelam paper/cache/repos/eclipse__egit,2026-09-04T14:10:02
git@github.com:eclipse/egit.git,6186565::feature envy,6186565.0,feature envy,persistence_history,repo_not_cloned,/Users/praffulg/Downloads/Neelam paper/cache/repos/eclipse__egit,2026-09-04T14:10:02
git@github.com:eclipse/egit.git,6186565::long method,6186565.0,long method,persistence_history,repo_not_cloned,/Users/praffulg/Downloads/Neelam paper/cache/repos/eclipse__egit,2026-09-04T14:10:02
git@github.com:eclipse/egit.git,6191838::blob,6191838.0,blob,persistence_history,repo_not_cloned,/Users/praffulg/Downloads/Neelam paper/cache/repos/eclipse__egit,2026-09-04T14:10:02
git@github.com:eclipse/egit.git,6191838::data class,6191838.0,data class,persistence_history,repo_not_cloned,/Users/praffulg/Downloads/Neelam paper/cache/repos/eclipse__egit,2026-09-04T14:10:02
git@github.com:eclipse/egit.git,6191994::feature envy,6191994.0,feature envy,persistence_history,repo_not_cloned,/Users/praffulg/Downloads/Neelam paper/cache/repos/eclipse__egit,2026-09-04T14:10:02
git@github.com:eclipse/egit.git,6191994::long method,6191994.0,long method,persistence_history,repo_not_cloned,/Users/praffulg/Downloads/Neelam paper/cache/repos/eclipse__egit,2026-09-04T14:10:02
git@github.com:eclipse/egit.git,6192331::blob,6192331.0,blob,persistence_history,repo_not_cloned,/Users/praffulg/Downloads/Neelam paper/cache/repos/eclipse__egit,2026-09-04T14:10:02
git@github.com:eclipse/egit.git,6192331::data class,6192331.0,data class,persistence_history,repo_not_cloned,/Users/praffulg/Downloads/Neelam paper/cache/repos/eclipse__egit,2026-09-04T14:10:02
git@github.com:eclipse/jgit.git,6266636::blob,6266636.0,blob,persistence_history,repo_not_cloned,/Users/praffulg/Downloads/Neelam paper/cache/repos/eclipse__jgit,2026-09-04T14:11:36
git@github.com:eclipse/jgit.git,6266636::data class,6266636.0,data class,persistence_history,repo_not_cloned,/Users/praffulg/Downloads/Neelam paper/cache/repos/eclipse__jgit,2026-09-04T14:11:36
git@github.com:eclipse/jgit.git,6267409::blob,6267409.0,blob,persistence_history,repo_not_cloned,/Users/praffulg/Downloads/Neelam paper/cache/repos/eclipse__jgit,2026-09-04T14:11:36
git@github.com:eclipse/jgit.git,6267409::data class,6267409.0,data class,persistence_history,repo_not_cloned,/Users/praffulg/Downloads/Neelam paper/cache/repos/eclipse__jgit,2026-09-04T14:11:36
git@github.com:eclipse/jgit.git,6268790::blob,6268790.0,blob,persistence_history,repo_not_cloned,/Users/praffulg/Downloads/Neelam paper/cache/repos/eclipse__jgit,2026-09-04T14:11:36
git@github.com:eclipse/jgit.git,6268790::data class,6268790.0,data class,persistence_history,repo_not_cloned,/Users/praffulg/Downloads/Neelam paper/cache/repos/eclipse__jgit,2026-09-04T14:11:36
git@github.com:eclipse/jgit.git,6270951::feature envy,6270951.0,feature envy,persistence_history,repo_not_cloned,/Users/praffulg/Downloads/Neelam paper/cache/repos/eclipse__jgit,2026-09-04T14:11:36
git@github.com:eclipse/jgit.git,6270951::long method,6270951.0,long method,persistence_history,repo_not_cloned,/Users/praffulg/Downloads/Neelam paper/cache/repos/eclipse__jgit,2026-09-04T14:11:36
git@github.com:eclipse/jgit.git,6272855::blob,6272855.0,blob,persistence_history,repo_not_cloned,/Users/praffulg/Downloads/Neelam paper/cache/repos/eclipse__jgit,2026-09-04T14:11:36
git@github.com:eclipse/jgit.git,6272855::data class,6272855.0,data class,persistence_history,repo_not_cloned,/Users/praffulg/Downloads/Neelam paper/cache/repos/eclipse__jgit,2026-09-04T14:11:36
git@github.com:eclipse/jgit.git,6276517::feature envy,6276517.0,feature envy,persistence_history,repo_not_cloned,/Users/praffulg/Downloads/Neelam paper/cache/repos/eclipse__jgit,2026-09-04T14:11:36
git@github.com:eclipse/jgit.git,6276517::long method,6276517.0,long method,persistence_history,repo_not_cloned,/Users/praffulg/Downloads/Neelam paper/cache/repos/eclipse__jgit,2026-09-04T14:11:36
git@github.com:eclipse/jgit.git,6277045::blob,6277045.0,blob,persistence_history,repo_not_cloned,/Users/praffulg/Downloads/Neelam paper/cache/repos/eclipse__jgit,2026-09-04T14:11:36
git@github.com:eclipse/jgit.git,6277045::data class,6277045.0,data class,persistence_history,repo_not_cloned,/Users/praffulg/Downloads/Neelam paper/cache/repos/eclipse__jgit,2026-09-04T14:11:36
git@github.com:eclipse/jgit.git,6277787::blob,6277787.0,blob,persistence_history,repo_not_cloned,/Users/praffulg/Downloads/Neelam paper/cache/repos/eclipse__jgit,2026-09-04T14:11:36
git@github.com:eclipse/jgit.git,6277787::data class,6277787.0,data class,persistence_history,repo_not_cloned,/Users/praffulg/Downloads/Neelam paper/cache/repos/eclipse__jgit,2026-09-04T14:11:36
git@github.com:eclipse/jgit.git,6277868::long method,6277868.0,long method,persistence_history,repo_not_cloned,/Users/praffulg/Downloads/Neelam paper/cache/repos/eclipse__jgit,2026-09-04T14:11:36
git@github.com:eclipse/jgit.git,6278076::feature envy,6278076.0,feature envy,persistence_history,repo_not_cloned,/Users/praffulg/Downloads/Neelam paper/cache/repos/eclipse__jgit,2026-09-04T14:11:36
git@github.com:eclipse/jgit.git,6278076::long method,6278076.0,long method,persistence_history,repo_not_cloned,/Users/praffulg/Downloads/Neelam paper/cache/repos/eclipse__jgit,2026-09-04T14:11:36
git@github.com:eclipse/jgit.git,6279420::blob,6279420.0,blob,persistence_history,repo_not_cloned,/Users/praffulg/Downloads/Neelam paper/cache/repos/eclipse__jgit,2026-09-04T14:11:36
git@github.com:eclipse/jgit.git,6279420::data class,6279420.0,data class,persistence_history,repo_not_cloned,/Users/praffulg/Downloads/Neelam paper/cache/repos/eclipse__jgit,2026-09-04T14:11:36
git@github.com:eclipse/jgit.git,6279766::feature envy,6279766.0,feature envy,persistence_history,repo_not_cloned,/Users/praffulg/Downloads/Neelam paper/cache/repos/eclipse__jgit,2026-09-04T14:11:36
git@github.com:eclipse/jgit.git,6279766::long method,6279766.0,long method,persistence_history,repo_not_cloned,/Users/praffulg/Downloads/Neelam paper/cache/repos/eclipse__jgit,2026-09-04T14:11:36
git@github.com:eclipse/jgit.git,6279768::blob,6279768.0,blob,persistence_history,repo_not_cloned,/Users/praffulg/Downloads/Neelam paper/cache/repos/eclipse__jgit,2026-09-04T14:11:36
git@github.com:eclipse/jgit.git,6279768::data class,6279768.0,data class,persistence_history,repo_not_cloned,/Users/praffulg/Downloads/Neelam paper/cache/repos/eclipse__jgit,2026-09-04T14:11:36
git@github.com:eclipse/jgit.git,6280313::blob,6280313.0,blob,persistence_history,repo_not_cloned,/Users/praffulg/Downloads/Neelam paper/cache/repos/eclipse__jgit,2026-09-04T14:11:36
git@github.com:eclipse/jgit.git,6280313::data class,6280313.0,data class,persistence_history,repo_not_cloned,/Users/praffulg/Downloads/Neelam paper/cache/repos/eclipse__jgit,2026-09-04T14:11:36
git@github.com:eclipse/jgit.git,6280639::blob,6280639.0,blob,persistence_history,repo_not_cloned,/Users/praffulg/Downloads/Neelam paper/cache/repos/eclipse__jgit,2026-09-04T14:11:36
git@github.com:eclipse/jgit.git,6280639::data class,6280639.0,data class,persistence_history,repo_not_cloned,/Users/praffulg/Downloads/Neelam paper/cache/repos/eclipse__jgit,2026-09-04T14:11:36
git@github.com:eclipse/linuxtools.git,6337145::blob,6337145.0,blob,persistence_history,repo_not_cloned,/Users/praffulg/Downloads/Neelam paper/cache/repos/eclipse__linuxtools,2026-09-04T14:15:39
git@github.com:eclipse/linuxtools.git,6337145::data class,6337145.0,data class,persistence_history,repo_not_cloned,/Users/praffulg/Downloads/Neelam paper/cache/repos/eclipse__linuxtools,2026-09-04T14:15:39
git@github.com:eclipse/linuxtools.git,6339455::feature envy,6339455.0,feature envy,persistence_history,repo_not_cloned,/Users/praffulg/Downloads/Neelam paper/cache/repos/eclipse__linuxtools,2026-09-04T14:15:39
git@github.com:eclipse/linuxtools.git,6339455::long method,6339455.0,long method,persistence_history,repo_not_cloned,/Users/praffulg/Downloads/Neelam paper/cache/repos/eclipse__linuxtools,2026-09-04T14:15:39
git@github.com:eclipse/linuxtools.git,6340979::feature envy,6340979.0,feature envy,persistence_history,repo_not_cloned,/Users/praffulg/Downloads/Neelam paper/cache/repos/eclipse__linuxtools,2026-09-04T14:15:39
git@github.com:eclipse/linuxtools.git,6340979::long method,6340979.0,long method,persistence_history,repo_not_cloned,/Users/praffulg/Downloads/Neelam paper/cache/repos/eclipse__linuxtools,2026-09-04T14:15:39
git@github.com:eclipse/linuxtools.git,6341451::blob,6341451.0,blob,persistence_history,repo_not_cloned,/Users/praffulg/Downloads/Neelam paper/cache/repos/eclipse__linuxtools,2026-09-04T14:15:39
git@github.com:eclipse/linuxtools.git,6341451::data class,6341451.0,data class,persistence_history,repo_not_cloned,/Users/praffulg/Downloads/Neelam paper/cache/repos/eclipse__linuxtools,2026-09-04T14:15:39
git@github.com:eclipse/linuxtools.git,6344285::feature envy,6344285.0,feature envy,persistence_history,repo_not_cloned,/Users/praffulg/Downloads/Neelam paper/cache/repos/eclipse__linuxtools,2026-09-04T14:15:39
git@github.com:eclipse/linuxtools.git,6344285::long method,6344285.0,long method,persistence_history,repo_not_cloned,/Users/praffulg/Downloads/Neelam paper/cache/repos/eclipse__linuxtools,2026-09-04T14:15:39
git@github.com:eclipse/linuxtools.git,6344428::blob,6344428.0,blob,persistence_history,repo_not_cloned,/Users/praffulg/Downloads/Neelam paper/cache/repos/eclipse__linuxtools,2026-09-04T14:15:39
git@github.com:eclipse/linuxtools.git,6344428::data class,6344428.0,data class,persistence_history,repo_not_cloned,/Users/praffulg/Downloads/Neelam paper/cache/repos/eclipse__linuxtools,2026-09-04T14:15:39
git@github.com:eclipse/linuxtools.git,6346063::feature envy,6346063.0,feature envy,persistence_history,repo_not_cloned,/Users/praffulg/Downloads/Neelam paper/cache/repos/eclipse__linuxtools,2026-09-04T14:15:39
git@github.com:eclipse/linuxtools.git,6346063::long method,6346063.0,long method,persistence_history,repo_not_cloned,/Users/praffulg/Downloads/Neelam paper/cache/repos/eclipse__linuxtools,2026-09-04T14:15:39
git@github.com:eclipse/linuxtools.git,6346740::feature envy,6346740.0,feature envy,persistence_history,repo_not_cloned,/Users/praffulg/Downloads/Neelam paper/cache/repos/eclipse__linuxtools,2026-09-04T14:15:39
git@github.com:eclipse/linuxtools.git,6346740::long method,6346740.0,long method,persistence_history,repo_not_cloned,/Users/praffulg/Downloads/Neelam paper/cache/repos/eclipse__linuxtools,2026-09-04T14:15:39
git@github.com:eclipse/linuxtools.git,6350174::feature envy,6350174.0,feature envy,persistence_history,repo_not_cloned,/Users/praffulg/Downloads/Neelam paper/cache/repos/eclipse__linuxtools,2026-09-04T14:15:39
git@github.com:eclipse/linuxtools.git,6350174::long method,6350174.0,long method,persistence_history,repo_not_cloned,/Users/praffulg/Downloads/Neelam paper/cache/repos/eclipse__linuxtools,2026-09-04T14:15:39
git@github.com:eclipse/linuxtools.git,6350501::blob,6350501.0,blob,persistence_history,repo_not_cloned,/Users/praffulg/Downloads/Neelam paper/cache/repos/eclipse__linuxtools,2026-09-04T14:15:39
git@github.com:eclipse/linuxtools.git,6350501::data class,6350501.0,data class,persistence_history,repo_not_cloned,/Users/praffulg/Downloads/Neelam paper/cache/repos/eclipse__linuxtools,2026-09-04T14:15:39
git@github.com:eclipse/linuxtools.git,6351518::feature envy,6351518.0,feature envy,persistence_history,repo_not_cloned,/Users/praffulg/Downloads/Neelam paper/cache/repos/eclipse__linuxtools,2026-09-04T14:15:39
git@github.com:eclipse/linuxtools.git,6351518::long method,6351518.0,long method,persistence_history,repo_not_cloned,/Users/praffulg/Downloads/Neelam paper/cache/repos/eclipse__linuxtools,2026-09-04T14:15:39
git@github.com:eclipse/m2e-core.git,6357053::blob,6357053.0,blob,persistence_history,repo_not_cloned,/Users/praffulg/Downloads/Neelam paper/cache/repos/eclipse__m2e-core,2026-09-04T14:15:47
git@github.com:eclipse/m2e-core.git,6357053::data class,6357053.0,data class,persistence_history,repo_not_cloned,/Users/praffulg/Downloads/Neelam paper/cache/repos/eclipse__m2e-core,2026-09-04T14:15:47
git@github.com:eclipse/m2e-core.git,6358306::blob,6358306.0,blob,persistence_history,repo_not_cloned,/Users/praffulg/Downloads/Neelam paper/cache/repos/eclipse__m2e-core,2026-09-04T14:15:47
git@github.com:eclipse/m2e-core.git,6358306::data class,6358306.0,data class,persistence_history,repo_not_cloned,/Users/praffulg/Downloads/Neelam paper/cache/repos/eclipse__m2e-core,2026-09-04T14:15:47
git@github.com:eclipse/m2e-core.git,6363175::blob,6363175.0,blob,persistence_history,repo_not_cloned,/Users/praffulg/Downloads/Neelam paper/cache/repos/eclipse__m2e-core,2026-09-04T14:15:47
git@github.com:eclipse/m2e-core.git,6363175::data class,6363175.0,data class,persistence_history,repo_not_cloned,/Users/praffulg/Downloads/Neelam paper/cache/repos/eclipse__m2e-core,2026-09-04T14:15:47
git@github.com:eclipse/m2e-core.git,6363367::blob,6363367.0,blob,persistence_history,repo_not_cloned,/Users/praffulg/Downloads/Neelam paper/cache/repos/eclipse__m2e-core,2026-09-04T14:15:47
git@github.com:eclipse/m2e-core.git,6363367::data class,6363367.0,data class,persistence_history,repo_not_cloned,/Users/praffulg/Downloads/Neelam paper/cache/repos/eclipse__m2e-core,2026-09-04T14:15:47
git@github.com:eclipse/m2e-core.git,6363556::blob,6363556.0,blob,persistence_history,repo_not_cloned,/Users/praffulg/Downloads/Neelam paper/cache/repos/eclipse__m2e-core,2026-09-04T14:15:47
git@github.com:eclipse/m2e-core.git,6363556::data class,6363556.0,data class,persistence_history,repo_not_cloned,/Users/praffulg/Downloads/Neelam paper/cache/repos/eclipse__m2e-core,2026-09-04T14:15:47
git@github.com:eclipse/nebula.widgets.nattable.git,6391015::blob,6391015.0,blob,persistence_history,repo_not_cloned,/Users/praffulg/Downloads/Neelam paper/cache/repos/eclipse__nebula.widgets.nattable,2026-09-04T14:15:49
git@github.com:eclipse/nebula.widgets.nattable.git,6391015::data class,6391015.0,data class,persistence_history,repo_not_cloned,/Users/praffulg/Downloads/Neelam paper/cache/repos/eclipse__nebula.widgets.nattable,2026-09-04T14:15:49
git@github.com:eclipse/nebula.widgets.nattable.git,6392412::blob,6392412.0,blob,persistence_history,repo_not_cloned,/Users/praffulg/Downloads/Neelam paper/cache/repos/eclipse__nebula.widgets.nattable,2026-09-04T14:15:49
git@github.com:eclipse/nebula.widgets.nattable.git,6392412::data class,6392412.0,data class,persistence_history,repo_not_cloned,/Users/praffulg/Downloads/Neelam paper/cache/repos/eclipse__nebula.widgets.nattable,2026-09-04T14:15:49
git@github.com:eclipse/nebula.widgets.nattable.git,6394642::blob,6394642.0,blob,persistence_history,repo_not_cloned,/Users/praffulg/Downloads/Neelam paper/cache/repos/eclipse__nebula.widgets.nattable,2026-09-04T14:15:49
git@github.com:eclipse/nebula.widgets.nattable.git,6394642::data class,6394642.0,data class,persistence_history,repo_not_cloned,/Users/praffulg/Downloads/Neelam paper/cache/repos/eclipse__nebula.widgets.nattable,2026-09-04T14:15:49
git@github.com:eclipse/nebula.widgets.nattable.git,6397068::blob,6397068.0,blob,persistence_history,repo_not_cloned,/Users/praffulg/Downloads/Neelam paper/cache/repos/eclipse__nebula.widgets.nattable,2026-09-04T14:15:49
git@github.com:eclipse/nebula.widgets.nattable.git,6397068::data class,6397068.0,data class,persistence_history,repo_not_cloned,/Users/praffulg/Downloads/Neelam paper/cache/repos/eclipse__nebula.widgets.nattable,2026-09-04T14:15:49
git@github.com:eclipse/nebula.widgets.nattable.git,6398866::feature envy,6398866.0,feature envy,persistence_history,repo_not_cloned,/Users/praffulg/Downloads/Neelam paper/cache/repos/eclipse__nebula.widgets.nattable,2026-09-04T14:15:49
git@github.com:eclipse/nebula.widgets.nattable.git,6398866::long method,6398866.0,long method,persistence_history,repo_not_cloned,/Users/praffulg/Downloads/Neelam paper/cache/repos/eclipse__nebula.widgets.nattable,2026-09-04T14:15:49
git@github.com:eclipse/nebula.widgets.nattable.git,6398884::blob,6398884.0,blob,persistence_history,repo_not_cloned,/Users/praffulg/Downloads/Neelam paper/cache/repos/eclipse__nebula.widgets.nattable,2026-09-04T14:15:49
git@github.com:eclipse/nebula.widgets.nattable.git,6398884::data class,6398884.0,data class,persistence_history,repo_not_cloned,/Users/praffulg/Downloads/Neelam paper/cache/repos/eclipse__nebula.widgets.nattable,2026-09-04T14:15:49
git@github.com:eclipse/nebula.widgets.nattable.git,6400040::feature envy,6400040.0,feature envy,persistence_history,repo_not_cloned,/Users/praffulg/Downloads/Neelam paper/cache/repos/eclipse__nebula.widgets.nattable,2026-09-04T14:15:49
git@github.com:eclipse/nebula.widgets.nattable.git,6400040::long method,6400040.0,long method,persistence_history,repo_not_cloned,/Users/praffulg/Downloads/Neelam paper/cache/repos/eclipse__nebula.widgets.nattable,2026-09-04T14:15:49
git@github.com:eclipse/nebula.widgets.nattable.git,6405981::blob,6405981.0,blob,persistence_history,repo_not_cloned,/Users/praffulg/Downloads/Neelam paper/cache/repos/eclipse__nebula.widgets.nattable,2026-09-04T14:15:49
git@github.com:eclipse/nebula.widgets.nattable.git,6405981::data class,6405981.0,data class,persistence_history,repo_not_cloned,/Users/praffulg/Downloads/Neelam paper/cache/repos/eclipse__nebula.widgets.nattable,2026-09-04T14:15:49
git@github.com:eclipse/nebula.widgets.nattable.git,6407807::blob,6407807.0,blob,persistence_history,repo_not_cloned,/Users/praffulg/Downloads/Neelam paper/cache/repos/eclipse__nebula.widgets.nattable,2026-09-04T14:15:49
git@github.com:eclipse/nebula.widgets.nattable.git,6407807::data class,6407807.0,data class,persistence_history,repo_not_cloned,/Users/praffulg/Downloads/Neelam paper/cache/repos/eclipse__nebula.widgets.nattable,2026-09-04T14:15:49
git@github.com:eclipse/rap.git,6547476::blob,6547476.0,blob,persistence_history,repo_not_cloned,/Users/praffulg/Downloads/Neelam paper/cache/repos/eclipse__rap,2026-09-04T14:25:48
git@github.com:eclipse/rap.git,6547476::data class,6547476.0,data class,persistence_history,repo_not_cloned,/Users/praffulg/Downloads/Neelam paper/cache/repos/eclipse__rap,2026-09-04T14:25:48
git@github.com:eclipse/rap.git,6547794::feature envy,6547794.0,feature envy,persistence_history,repo_not_cloned,/Users/praffulg/Downloads/Neelam paper/cache/repos/eclipse__rap,2026-09-04T14:25:48
git@github.com:eclipse/rap.git,6547794::long method,6547794.0,long method,persistence_history,repo_not_cloned,/Users/praffulg/Downloads/Neelam paper/cache/repos/eclipse__rap,2026-09-04T14:25:48
git@github.com:eclipse/rap.git,6547907::blob,6547907.0,blob,persistence_history,repo_not_cloned,/Users/praffulg/Downloads/Neelam paper/cache/repos/eclipse__rap,2026-09-04T14:25:48
git@github.com:eclipse/rap.git,6547907::data class,6547907.0,data class,persistence_history,repo_not_cloned,/Users/praffulg/Downloads/Neelam paper/cache/repos/eclipse__rap,2026-09-04T14:25:48
git@github.com:eclipse/rap.git,6548259::blob,6548259.0,blob,persistence_history,repo_not_cloned,/Users/praffulg/Downloads/Neelam paper/cache/repos/eclipse__rap,2026-09-04T14:25:48
git@github.com:eclipse/rap.git,6548259::data class,6548259.0,data class,persistence_history,repo_not_cloned,/Users/praffulg/Downloads/Neelam paper/cache/repos/eclipse__rap,2026-09-04T14:25:48
git@github.com:eclipse/rap.git,6548279::feature envy,6548279.0,feature envy,persistence_history,repo_not_cloned,/Users/praffulg/Downloads/Neelam paper/cache/repos/eclipse__rap,2026-09-04T14:25:48
git@github.com:eclipse/rap.git,6548279::long method,6548279.0,long method,persistence_history,repo_not_cloned,/Users/praffulg/Downloads/Neelam paper/cache/repos/eclipse__rap,2026-09-04T14:25:48
git@github.com:eclipse/rap.git,6548643::feature envy,6548643.0,feature envy,persistence_history,repo_not_cloned,/Users/praffulg/Downloads/Neelam paper/cache/repos/eclipse__rap,2026-09-04T14:25:48
git@github.com:eclipse/rap.git,6548643::long method,6548643.0,long method,persistence_history,repo_not_cloned,/Users/praffulg/Downloads/Neelam paper/cache/repos/eclipse__rap,2026-09-04T14:25:48
git@github.com:eclipse/rap.git,6550344::blob,6550344.0,blob,persistence_history,repo_not_cloned,/Users/praffulg/Downloads/Neelam paper/cache/repos/eclipse__rap,2026-09-04T14:25:48
git@github.com:eclipse/rap.git,6550344::data class,6550344.0,data class,persistence_history,repo_not_cloned,/Users/praffulg/Downloads/Neelam paper/cache/repos/eclipse__rap,2026-09-04T14:25:48
git@github.com:eclipse/rap.git,6551559::blob,6551559.0,blob,persistence_history,repo_not_cloned,/Users/praffulg/Downloads/Neelam paper/cache/repos/eclipse__rap,2026-09-04T14:25:48
git@github.com:eclipse/rap.git,6551559::data class,6551559.0,data class,persistence_history,repo_not_cloned,/Users/praffulg/Downloads/Neelam paper/cache/repos/eclipse__rap,2026-09-04T14:25:48
git@github.com:eclipse/rap.git,6552410::feature envy,6552410.0,feature envy,persistence_history,repo_not_cloned,/Users/praffulg/Downloads/Neelam paper/cache/repos/eclipse__rap,2026-09-04T14:25:48
git@github.com:eclipse/rap.git,6552410::long method,6552410.0,long method,persistence_history,repo_not_cloned,/Users/praffulg/Downloads/Neelam paper/cache/repos/eclipse__rap,2026-09-04T14:25:48
git@github.com:eclipse/rap.git,6553535::feature envy,6553535.0,feature envy,persistence_history,repo_not_cloned,/Users/praffulg/Downloads/Neelam paper/cache/repos/eclipse__rap,2026-09-04T14:25:48
git@github.com:eclipse/rap.git,6553535::long method,6553535.0,long method,persistence_history,repo_not_cloned,/Users/praffulg/Downloads/Neelam paper/cache/repos/eclipse__rap,2026-09-04T14:25:48
git@github.com:eclipse/rap.git,6554999::blob,6554999.0,blob,persistence_history,repo_not_cloned,/Users/praffulg/Downloads/Neelam paper/cache/repos/eclipse__rap,2026-09-04T14:25:48
git@github.com:eclipse/rap.git,6554999::data class,6554999.0,data class,persistence_history,repo_not_cloned,/Users/praffulg/Downloads/Neelam paper/cache/repos/eclipse__rap,2026-09-04T14:25:48
git@github.com:eclipse/rap.git,6555966::blob,6555966.0,blob,persistence_history,repo_not_cloned,/Users/praffulg/Downloads/Neelam paper/cache/repos/eclipse__rap,2026-09-04T14:25:48
git@github.com:eclipse/rap.git,6555966::data class,6555966.0,data class,persistence_history,repo_not_cloned,/Users/praffulg/Downloads/Neelam paper/cache/repos/eclipse__rap,2026-09-04T14:25:48
git@github.com:eclipse/rap.git,6560581::blob,6560581.0,blob,persistence_history,repo_not_cloned,/Users/praffulg/Downloads/Neelam paper/cache/repos/eclipse__rap,2026-09-04T14:25:48
git@github.com:eclipse/rap.git,6560581::data class,6560581.0,data class,persistence_history,repo_not_cloned,/Users/praffulg/Downloads/Neelam paper/cache/repos/eclipse__rap,2026-09-04T14:25:48
git@github.com:eclipse/rap.git,6562164::feature envy,6562164.0,feature envy,persistence_history,repo_not_cloned,/Users/praffulg/Downloads/Neelam paper/cache/repos/eclipse__rap,2026-09-04T14:25:48
git@github.com:eclipse/rap.git,6562164::long method,6562164.0,long method,persistence_history,repo_not_cloned,/Users/praffulg/Downloads/Neelam paper/cache/repos/eclipse__rap,2026-09-04T14:25:48
git@github.com:eclipse/rap.git,6562309::blob,6562309.0,blob,persistence_history,repo_not_cloned,/Users/praffulg/Downloads/Neelam paper/cache/repos/eclipse__rap,2026-09-04T14:25:48
git@github.com:eclipse/rap.git,6562309::data class,6562309.0,data class,persistence_history,repo_not_cloned,/Users/praffulg/Downloads/Neelam paper/cache/repos/eclipse__rap,2026-09-04T14:25:48
git@github.com:eclipse/rap.git,6562963::feature envy,6562963.0,feature envy,persistence_history,repo_not_cloned,/Users/praffulg/Downloads/Neelam paper/cache/repos/eclipse__rap,2026-09-04T14:25:48
git@github.com:eclipse/rap.git,6562963::long method,6562963.0,long method,persistence_history,repo_not_cloned,/Users/praffulg/Downloads/Neelam paper/cache/repos/eclipse__rap,2026-09-04T14:25:48
git@github.com:eclipse/rap.git,6563293::feature envy,6563293.0,feature envy,persistence_history,repo_not_cloned,/Users/praffulg/Downloads/Neelam paper/cache/repos/eclipse__rap,2026-09-04T14:25:48
git@github.com:eclipse/rap.git,6563293::long method,6563293.0,long method,persistence_history,repo_not_cloned,/Users/praffulg/Downloads/Neelam paper/cache/repos/eclipse__rap,2026-09-04T14:25:48
git@github.com:eclipse/rap.git,6563346::feature envy,6563346.0,feature envy,persistence_history,repo_not_cloned,/Users/praffulg/Downloads/Neelam paper/cache/repos/eclipse__rap,2026-09-04T14:25:48
git@github.com:eclipse/rap.git,6563346::long method,6563346.0,long method,persistence_history,repo_not_cloned,/Users/praffulg/Downloads/Neelam paper/cache/repos/eclipse__rap,2026-09-04T14:25:48
git@github.com:eclipse/rap.git,6564431::blob,6564431.0,blob,persistence_history,repo_not_cloned,/Users/praffulg/Downloads/Neelam paper/cache/repos/eclipse__rap,2026-09-04T14:25:48
git@github.com:eclipse/rap.git,6564431::data class,6564431.0,data class,persistence_history,repo_not_cloned,/Users/praffulg/Downloads/Neelam paper/cache/repos/eclipse__rap,2026-09-04T14:25:48
git@github.com:eclipse/rap.git,6564535::feature envy,6564535.0,feature envy,persistence_history,repo_not_cloned,/Users/praffulg/Downloads/Neelam paper/cache/repos/eclipse__rap,2026-09-04T14:25:48
git@github.com:eclipse/rap.git,6564535::long method,6564535.0,long method,persistence_history,repo_not_cloned,/Users/praffulg/Downloads/Neelam paper/cache/repos/eclipse__rap,2026-09-04T14:25:48
git@github.com:eclipse/rap.git,6567017::feature envy,6567017.0,feature envy,persistence_history,repo_not_cloned,/Users/praffulg/Downloads/Neelam paper/cache/repos/eclipse__rap,2026-09-04T14:25:48
git@github.com:eclipse/rap.git,6567017::long method,6567017.0,long method,persistence_history,repo_not_cloned,/Users/praffulg/Downloads/Neelam paper/cache/repos/eclipse__rap,2026-09-04T14:25:48
git@github.com:eclipse/rap.git,6568804::blob,6568804.0,blob,persistence_history,repo_not_cloned,/Users/praffulg/Downloads/Neelam paper/cache/repos/eclipse__rap,2026-09-04T14:25:48
git@github.com:eclipse/rap.git,6568804::data class,6568804.0,data class,persistence_history,repo_not_cloned,/Users/praffulg/Downloads/Neelam paper/cache/repos/eclipse__rap,2026-09-04T14:25:48
git@github.com:eclipse/rap.git,6569900::blob,6569900.0,blob,persistence_history,repo_not_cloned,/Users/praffulg/Downloads/Neelam paper/cache/repos/eclipse__rap,2026-09-04T14:25:48
git@github.com:eclipse/rap.git,6569900::data class,6569900.0,data class,persistence_history,repo_not_cloned,/Users/praffulg/Downloads/Neelam paper/cache/repos/eclipse__rap,2026-09-04T14:25:48
git@github.com:eclipse/rap.git,6571650::blob,6571650.0,blob,persistence_history,repo_not_cloned,/Users/praffulg/Downloads/Neelam paper/cache/repos/eclipse__rap,2026-09-04T14:25:48
git@github.com:eclipse/rap.git,6571650::data class,6571650.0,data class,persistence_history,repo_not_cloned,/Users/praffulg/Downloads/Neelam paper/cache/repos/eclipse__rap,2026-09-04T14:25:48
git@github.com:eclipse/rap.git,6571793::blob,6571793.0,blob,persistence_history,repo_not_cloned,/Users/praffulg/Downloads/Neelam paper/cache/repos/eclipse__rap,2026-09-04T14:25:48
git@github.com:eclipse/rap.git,6571793::data class,6571793.0,data class,persistence_history,repo_not_cloned,/Users/praffulg/Downloads/Neelam paper/cache/repos/eclipse__rap,2026-09-04T14:25:48
git@github.com:eclipse/rap.git,6571855::blob,6571855.0,blob,persistence_history,repo_not_cloned,/Users/praffulg/Downloads/Neelam paper/cache/repos/eclipse__rap,2026-09-04T14:25:48
git@github.com:eclipse/rap.git,6571855::data class,6571855.0,data class,persistence_history,repo_not_cloned,/Users/praffulg/Downloads/Neelam paper/cache/repos/eclipse__rap,2026-09-04T14:25:48
git@github.com:eclipse/rap.git,6572017::blob,6572017.0,blob,persistence_history,repo_not_cloned,/Users/praffulg/Downloads/Neelam paper/cache/repos/eclipse__rap,2026-09-04T14:25:48
git@github.com:eclipse/rap.git,6572017::data class,6572017.0,data class,persistence_history,repo_not_cloned,/Users/praffulg/Downloads/Neelam paper/cache/repos/eclipse__rap,2026-09-04T14:25:48
git@github.com:eclipse/rap.git,6573661::blob,6573661.0,blob,persistence_history,repo_not_cloned,/Users/praffulg/Downloads/Neelam paper/cache/repos/eclipse__rap,2026-09-04T14:25:48
git@github.com:eclipse/rap.git,6573661::data class,6573661.0,data class,persistence_history,repo_not_cloned,/Users/praffulg/Downloads/Neelam paper/cache/repos/eclipse__rap,2026-09-04T14:25:48
git@github.com:eclipse/rap.git,6573709::blob,6573709.0,blob,persistence_history,repo_not_cloned,/Users/praffulg/Downloads/Neelam paper/cache/repos/eclipse__rap,2026-09-04T14:25:48
git@github.com:eclipse/rap.git,6573709::data class,6573709.0,data class,persistence_history,repo_not_cloned,/Users/praffulg/Downloads/Neelam paper/cache/repos/eclipse__rap,2026-09-04T14:25:48
git@github.com:eclipse/rap.git,6577681::feature envy,6577681.0,feature envy,persistence_history,repo_not_cloned,/Users/praffulg/Downloads/Neelam paper/cache/repos/eclipse__rap,2026-09-04T14:25:48
git@github.com:eclipse/rap.git,6577681::long method,6577681.0,long method,persistence_history,repo_not_cloned,/Users/praffulg/Downloads/Neelam paper/cache/repos/eclipse__rap,2026-09-04T14:25:48
git@github.com:eclipse/rap.git,6578541::blob,6578541.0,blob,persistence_history,repo_not_cloned,/Users/praffulg/Downloads/Neelam paper/cache/repos/eclipse__rap,2026-09-04T14:25:48
git@github.com:eclipse/rap.git,6578541::data class,6578541.0,data class,persistence_history,repo_not_cloned,/Users/praffulg/Downloads/Neelam paper/cache/repos/eclipse__rap,2026-09-04T14:25:48
git@github.com:eclipse/rap.git,6579063::feature envy,6579063.0,feature envy,persistence_history,repo_not_cloned,/Users/praffulg/Downloads/Neelam paper/cache/repos/eclipse__rap,2026-09-04T14:25:48
git@github.com:eclipse/rap.git,6579063::long method,6579063.0,long method,persistence_history,repo_not_cloned,/Users/praffulg/Downloads/Neelam paper/cache/repos/eclipse__rap,2026-09-04T14:25:48
git@github.com:eclipse/rap.git,6579891::feature envy,6579891.0,feature envy,persistence_history,repo_not_cloned,/Users/praffulg/Downloads/Neelam paper/cache/repos/eclipse__rap,2026-09-04T14:25:48
git@github.com:eclipse/rap.git,6579891::long method,6579891.0,long method,persistence_history,repo_not_cloned,/Users/praffulg/Downloads/Neelam paper/cache/repos/eclipse__rap,2026-09-04T14:25:48
git@github.com:eclipse/rap.git,6581292::feature envy,6581292.0,feature envy,persistence_history,repo_not_cloned,/Users/praffulg/Downloads/Neelam paper/cache/repos/eclipse__rap,2026-09-04T14:25:48
git@github.com:eclipse/rap.git,6581292::long method,6581292.0,long method,persistence_history,repo_not_cloned,/Users/praffulg/Downloads/Neelam paper/cache/repos/eclipse__rap,2026-09-04T14:25:48
git@github.com:eclipse/rap.git,6583398::feature envy,6583398.0,feature envy,persistence_history,repo_not_cloned,/Users/praffulg/Downloads/Neelam paper/cache/repos/eclipse__rap,2026-09-04T14:25:48
git@github.com:eclipse/rap.git,6583398::long method,6583398.0,long method,persistence_history,repo_not_cloned,/Users/praffulg/Downloads/Neelam paper/cache/repos/eclipse__rap,2026-09-04T14:25:48
git@github.com:eclipse/rap.git,6589712::blob,6589712.0,blob,persistence_history,repo_not_cloned,/Users/praffulg/Downloads/Neelam paper/cache/repos/eclipse__rap,2026-09-04T14:25:48
git@github.com:eclipse/rap.git,6589712::data class,6589712.0,data class,persistence_history,repo_not_cloned,/Users/praffulg/Downloads/Neelam paper/cache/repos/eclipse__rap,2026-09-04T14:25:48
git@github.com:eclipse/rap.git,6589858::feature envy,6589858.0,feature envy,persistence_history,repo_not_cloned,/Users/praffulg/Downloads/Neelam paper/cache/repos/eclipse__rap,2026-09-04T14:25:48
git@github.com:eclipse/rap.git,6589858::long method,6589858.0,long method,persistence_history,repo_not_cloned,/Users/praffulg/Downloads/Neelam paper/cache/repos/eclipse__rap,2026-09-04T14:25:48
git@github.com:eclipse/titan.EclipsePlug-ins.git,7949921::feature envy,7949921.0,feature envy,persistence_history,repo_not_cloned,/Users/praffulg/Downloads/Neelam paper/cache/repos/eclipse__titan.EclipsePlug-ins,2026-09-04T16:07:16
git@github.com:eclipse/titan.EclipsePlug-ins.git,7949921::long method,7949921.0,long method,persistence_history,repo_not_cloned,/Users/praffulg/Downloads/Neelam paper/cache/repos/eclipse__titan.EclipsePlug-ins,2026-09-04T16:07:16
git@github.com:eclipse/titan.EclipsePlug-ins.git,7950542::feature envy,7950542.0,feature envy,persistence_history,repo_not_cloned,/Users/praffulg/Downloads/Neelam paper/cache/repos/eclipse__titan.EclipsePlug-ins,2026-09-04T16:07:16
git@github.com:eclipse/titan.EclipsePlug-ins.git,7950542::long method,7950542.0,long method,persistence_history,repo_not_cloned,/Users/praffulg/Downloads/Neelam paper/cache/repos/eclipse__titan.EclipsePlug-ins,2026-09-04T16:07:16
git@github.com:eclipse/titan.EclipsePlug-ins.git,7951909::feature envy,7951909.0,feature envy,persistence_history,repo_not_cloned,/Users/praffulg/Downloads/Neelam paper/cache/repos/eclipse__titan.EclipsePlug-ins,2026-09-04T16:07:16
git@github.com:eclipse/titan.EclipsePlug-ins.git,7951909::long method,7951909.0,long method,persistence_history,repo_not_cloned,/Users/praffulg/Downloads/Neelam paper/cache/repos/eclipse__titan.EclipsePlug-ins,2026-09-04T16:07:16
git@github.com:eclipse/titan.EclipsePlug-ins.git,7952037::blob,7952037.0,blob,persistence_history,repo_not_cloned,/Users/praffulg/Downloads/Neelam paper/cache/repos/eclipse__titan.EclipsePlug-ins,2026-09-04T16:07:16
git@github.com:eclipse/titan.EclipsePlug-ins.git,7952037::data class,7952037.0,data class,persistence_history,repo_not_cloned,/Users/praffulg/Downloads/Neelam paper/cache/repos/eclipse__titan.EclipsePlug-ins,2026-09-04T16:07:16
git@github.com:eclipse/titan.EclipsePlug-ins.git,7954017::feature envy,7954017.0,feature envy,persistence_history,repo_not_cloned,/Users/praffulg/Downloads/Neelam paper/cache/repos/eclipse__titan.EclipsePlug-ins,2026-09-04T16:07:16
git@github.com:eclipse/titan.EclipsePlug-ins.git,7954017::long method,7954017.0,long method,persistence_history,repo_not_cloned,/Users/praffulg/Downloads/Neelam paper/cache/repos/eclipse__titan.EclipsePlug-ins,2026-09-04T16:07:16
git@github.com:eclipse/titan.EclipsePlug-ins.git,7954026::blob,7954026.0,blob,persistence_history,repo_not_cloned,/Users/praffulg/Downloads/Neelam paper/cache/repos/eclipse__titan.EclipsePlug-ins,2026-09-04T16:07:16
git@github.com:eclipse/titan.EclipsePlug-ins.git,7954026::data class,7954026.0,data class,persistence_history,repo_not_cloned,/Users/praffulg/Downloads/Neelam paper/cache/repos/eclipse__titan.EclipsePlug-ins,2026-09-04T16:07:16
git@github.com:eclipse/titan.EclipsePlug-ins.git,7954103::feature envy,7954103.0,feature envy,persistence_history,repo_not_cloned,/Users/praffulg/Downloads/Neelam paper/cache/repos/eclipse__titan.EclipsePlug-ins,2026-09-04T16:07:16
git@github.com:eclipse/titan.EclipsePlug-ins.git,7954103::long method,7954103.0,long method,persistence_history,repo_not_cloned,/Users/praffulg/Downloads/Neelam paper/cache/repos/eclipse__titan.EclipsePlug-ins,2026-09-04T16:07:16
git@github.com:eclipse/titan.EclipsePlug-ins.git,7958322::feature envy,7958322.0,feature envy,persistence_history,repo_not_cloned,/Users/praffulg/Downloads/Neelam paper/cache/repos/eclipse__titan.EclipsePlug-ins,2026-09-04T16:07:16
git@github.com:eclipse/titan.EclipsePlug-ins.git,7958322::long method,7958322.0,long method,persistence_history,repo_not_cloned,/Users/praffulg/Downloads/Neelam paper/cache/repos/eclipse__titan.EclipsePlug-ins,2026-09-04T16:07:16
git@github.com:eclipse/titan.EclipsePlug-ins.git,7959083::blob,7959083.0,blob,persistence_history,repo_not_cloned,/Users/praffulg/Downloads/Neelam paper/cache/repos/eclipse__titan.EclipsePlug-ins,2026-09-04T16:07:16
git@github.com:eclipse/titan.EclipsePlug-ins.git,7959083::data class,7959083.0,data class,persistence_history,repo_not_cloned,/Users/praffulg/Downloads/Neelam paper/cache/repos/eclipse__titan.EclipsePlug-ins,2026-09-04T16:07:16
git@github.com:eclipse/titan.EclipsePlug-ins.git,7959714::feature envy,7959714.0,feature envy,persistence_history,repo_not_cloned,/Users/praffulg/Downloads/Neelam paper/cache/repos/eclipse__titan.EclipsePlug-ins,2026-09-04T16:07:16
git@github.com:eclipse/titan.EclipsePlug-ins.git,7959714::long method,7959714.0,long method,persistence_history,repo_not_cloned,/Users/praffulg/Downloads/Neelam paper/cache/repos/eclipse__titan.EclipsePlug-ins,2026-09-04T16:07:16
git@github.com:eclipse/titan.EclipsePlug-ins.git,7959812::blob,7959812.0,blob,persistence_history,repo_not_cloned,/Users/praffulg/Downloads/Neelam paper/cache/repos/eclipse__titan.EclipsePlug-ins,2026-09-04T16:07:16
git@github.com:eclipse/titan.EclipsePlug-ins.git,7959812::data class,7959812.0,data class,persistence_history,repo_not_cloned,/Users/praffulg/Downloads/Neelam paper/cache/repos/eclipse__titan.EclipsePlug-ins,2026-09-04T16:07:16
git@github.com:eclipse/titan.EclipsePlug-ins.git,7960668::feature envy,7960668.0,feature envy,persistence_history,repo_not_cloned,/Users/praffulg/Downloads/Neelam paper/cache/repos/eclipse__titan.EclipsePlug-ins,2026-09-04T16:07:16
git@github.com:eclipse/titan.EclipsePlug-ins.git,7960668::long method,7960668.0,long method,persistence_history,repo_not_cloned,/Users/praffulg/Downloads/Neelam paper/cache/repos/eclipse__titan.EclipsePlug-ins,2026-09-04T16:07:16
git@github.com:eclipse/titan.EclipsePlug-ins.git,7961199::blob,7961199.0,blob,persistence_history,repo_not_cloned,/Users/praffulg/Downloads/Neelam paper/cache/repos/eclipse__titan.EclipsePlug-ins,2026-09-04T16:07:16
git@github.com:eclipse/titan.EclipsePlug-ins.git,7961199::data class,7961199.0,data class,persistence_history,repo_not_cloned,/Users/praffulg/Downloads/Neelam paper/cache/repos/eclipse__titan.EclipsePlug-ins,2026-09-04T16:07:16
git@github.com:eclipse/titan.EclipsePlug-ins.git,7961760::blob,7961760.0,blob,persistence_history,repo_not_cloned,/Users/praffulg/Downloads/Neelam paper/cache/repos/eclipse__titan.EclipsePlug-ins,2026-09-04T16:07:16
git@github.com:eclipse/titan.EclipsePlug-ins.git,7961760::data class,7961760.0,data class,persistence_history,repo_not_cloned,/Users/praffulg/Downloads/Neelam paper/cache/repos/eclipse__titan.EclipsePlug-ins,2026-09-04T16:07:16
git@github.com:eclipse/titan.EclipsePlug-ins.git,7961905::blob,7961905.0,blob,persistence_history,repo_not_cloned,/Users/praffulg/Downloads/Neelam paper/cache/repos/eclipse__titan.EclipsePlug-ins,2026-09-04T16:07:16
git@github.com:eclipse/titan.EclipsePlug-ins.git,7961905::data class,7961905.0,data class,persistence_history,repo_not_cloned,/Users/praffulg/Downloads/Neelam paper/cache/repos/eclipse__titan.EclipsePlug-ins,2026-09-04T16:07:16
git@github.com:eclipse/titan.EclipsePlug-ins.git,7987645::blob,7987645.0,blob,persistence_history,repo_not_cloned,/Users/praffulg/Downloads/Neelam paper/cache/repos/eclipse__titan.EclipsePlug-ins,2026-09-04T16:07:16
git@github.com:eclipse/titan.EclipsePlug-ins.git,7987645::data class,7987645.0,data class,persistence_history,repo_not_cloned,/Users/praffulg/Downloads/Neelam paper/cache/repos/eclipse__titan.EclipsePlug-ins,2026-09-04T16:07:16
git@github.com:eclipse/titan.EclipsePlug-ins.git,8009118::feature envy,8009118.0,feature envy,persistence_history,repo_not_cloned,/Users/praffulg/Downloads/Neelam paper/cache/repos/eclipse__titan.EclipsePlug-ins,2026-09-04T16:07:16
git@github.com:eclipse/titan.EclipsePlug-ins.git,8009118::long method,8009118.0,long method,persistence_history,repo_not_cloned,/Users/praffulg/Downloads/Neelam paper/cache/repos/eclipse__titan.EclipsePlug-ins,2026-09-04T16:07:16
git@github.com:eclipse/titan.EclipsePlug-ins.git,8009299::feature envy,8009299.0,feature envy,persistence_history,repo_not_cloned,/Users/praffulg/Downloads/Neelam paper/cache/repos/eclipse__titan.EclipsePlug-ins,2026-09-04T16:07:16
git@github.com:eclipse/titan.EclipsePlug-ins.git,8009299::long method,8009299.0,long method,persistence_history,repo_not_cloned,/Users/praffulg/Downloads/Neelam paper/cache/repos/eclipse__titan.EclipsePlug-ins,2026-09-04T16:07:16
git@github.com:eclipse/titan.EclipsePlug-ins.git,8017975::feature envy,8017975.0,feature envy,persistence_history,repo_not_cloned,/Users/praffulg/Downloads/Neelam paper/cache/repos/eclipse__titan.EclipsePlug-ins,2026-09-04T16:07:16
git@github.com:eclipse/titan.EclipsePlug-ins.git,8017975::long method,8017975.0,long method,persistence_history,repo_not_cloned,/Users/praffulg/Downloads/Neelam paper/cache/repos/eclipse__titan.EclipsePlug-ins,2026-09-04T16:07:16
git@github.com:eclipse/titan.EclipsePlug-ins.git,8018535::blob,8018535.0,blob,persistence_history,repo_not_cloned,/Users/praffulg/Downloads/Neelam paper/cache/repos/eclipse__titan.EclipsePlug-ins,2026-09-04T16:07:16
git@github.com:eclipse/titan.EclipsePlug-ins.git,8018535::data class,8018535.0,data class,persistence_history,repo_not_cloned,/Users/praffulg/Downloads/Neelam paper/cache/repos/eclipse__titan.EclipsePlug-ins,2026-09-04T16:07:16
git@github.com:eclipse/titan.EclipsePlug-ins.git,8023829::blob,8023829.0,blob,persistence_history,repo_not_cloned,/Users/praffulg/Downloads/Neelam paper/cache/repos/eclipse__titan.EclipsePlug-ins,2026-09-04T16:07:16
git@github.com:eclipse/titan.EclipsePlug-ins.git,8023829::data class,8023829.0,data class,persistence_history,repo_not_cloned,/Users/praffulg/Downloads/Neelam paper/cache/repos/eclipse__titan.EclipsePlug-ins,2026-09-04T16:07:16
git@github.com:eclipse/titan.EclipsePlug-ins.git,8024427::feature envy,8024427.0,feature envy,persistence_history,repo_not_cloned,/Users/praffulg/Downloads/Neelam paper/cache/repos/eclipse__titan.EclipsePlug-ins,2026-09-04T16:07:16
git@github.com:eclipse/titan.EclipsePlug-ins.git,8024427::long method,8024427.0,long method,persistence_history,repo_not_cloned,/Users/praffulg/Downloads/Neelam paper/cache/repos/eclipse__titan.EclipsePlug-ins,2026-09-04T16:07:16
git@github.com:eclipse/titan.EclipsePlug-ins.git,8031777::feature envy,8031777.0,feature envy,persistence_history,repo_not_cloned,/Users/praffulg/Downloads/Neelam paper/cache/repos/eclipse__titan.EclipsePlug-ins,2026-09-04T16:07:16
git@github.com:eclipse/titan.EclipsePlug-ins.git,8031777::long method,8031777.0,long method,persistence_history,repo_not_cloned,/Users/praffulg/Downloads/Neelam paper/cache/repos/eclipse__titan.EclipsePlug-ins,2026-09-04T16:07:16
git@github.com:eclipse/titan.EclipsePlug-ins.git,8043430::blob,8043430.0,blob,persistence_history,repo_not_cloned,/Users/praffulg/Downloads/Neelam paper/cache/repos/eclipse__titan.EclipsePlug-ins,2026-09-04T16:07:16
git@github.com:eclipse/titan.EclipsePlug-ins.git,8043430::data class,8043430.0,data class,persistence_history,repo_not_cloned,/Users/praffulg/Downloads/Neelam paper/cache/repos/eclipse__titan.EclipsePlug-ins,2026-09-04T16:07:16
git@github.com:eclipse/titan.EclipsePlug-ins.git,8049607::feature envy,8049607.0,feature envy,persistence_history,repo_not_cloned,/Users/praffulg/Downloads/Neelam paper/cache/repos/eclipse__titan.EclipsePlug-ins,2026-09-04T16:07:16
git@github.com:eclipse/titan.EclipsePlug-ins.git,8049607::long method,8049607.0,long method,persistence_history,repo_not_cloned,/Users/praffulg/Downloads/Neelam paper/cache/repos/eclipse__titan.EclipsePlug-ins,2026-09-04T16:07:16
git@github.com:eclipse/titan.EclipsePlug-ins.git,8050493::feature envy,8050493.0,feature envy,persistence_history,repo_not_cloned,/Users/praffulg/Downloads/Neelam paper/cache/repos/eclipse__titan.EclipsePlug-ins,2026-09-04T16:07:16
git@github.com:eclipse/titan.EclipsePlug-ins.git,8050493::long method,8050493.0,long method,persistence_history,repo_not_cloned,/Users/praffulg/Downloads/Neelam paper/cache/repos/eclipse__titan.EclipsePlug-ins,2026-09-04T16:07:16
git@github.com:eclipse/titan.EclipsePlug-ins.git,8067122::feature envy,8067122.0,feature envy,persistence_history,repo_not_cloned,/Users/praffulg/Downloads/Neelam paper/cache/repos/eclipse__titan.EclipsePlug-ins,2026-09-04T16:07:16
git@github.com:eclipse/titan.EclipsePlug-ins.git,8067122::long method,8067122.0,long method,persistence_history,repo_not_cloned,/Users/praffulg/Downloads/Neelam paper/cache/repos/eclipse__titan.EclipsePlug-ins,2026-09-04T16:07:16
git@github.com:eclipse/titan.EclipsePlug-ins.git,8069899::blob,8069899.0,blob,persistence_history,repo_not_cloned,/Users/praffulg/Downloads/Neelam paper/cache/repos/eclipse__titan.EclipsePlug-ins,2026-09-04T16:07:16
git@github.com:eclipse/titan.EclipsePlug-ins.git,8069899::data class,8069899.0,data class,persistence_history,repo_not_cloned,/Users/praffulg/Downloads/Neelam paper/cache/repos/eclipse__titan.EclipsePlug-ins,2026-09-04T16:07:16
git@github.com:eclipse/titan.EclipsePlug-ins.git,8070913::feature envy,8070913.0,feature envy,persistence_history,repo_not_cloned,/Users/praffulg/Downloads/Neelam paper/cache/repos/eclipse__titan.EclipsePlug-ins,2026-09-04T16:07:16
git@github.com:eclipse/titan.EclipsePlug-ins.git,8070913::long method,8070913.0,long method,persistence_history,repo_not_cloned,/Users/praffulg/Downloads/Neelam paper/cache/repos/eclipse__titan.EclipsePlug-ins,2026-09-04T16:07:16
git@github.com:eclipse/titan.EclipsePlug-ins.git,8087833::feature envy,8087833.0,feature envy,persistence_history,repo_not_cloned,/Users/praffulg/Downloads/Neelam paper/cache/repos/eclipse__titan.EclipsePlug-ins,2026-09-04T16:07:16
git@github.com:eclipse/titan.EclipsePlug-ins.git,8087833::long method,8087833.0,long method,persistence_history,repo_not_cloned,/Users/praffulg/Downloads/Neelam paper/cache/repos/eclipse__titan.EclipsePlug-ins,2026-09-04T16:07:16
git@github.com:eclipse/titan.EclipsePlug-ins.git,8091719::blob,8091719.0,blob,persistence_history,repo_not_cloned,/Users/praffulg/Downloads/Neelam paper/cache/repos/eclipse__titan.EclipsePlug-ins,2026-09-04T16:07:16
git@github.com:eclipse/titan.EclipsePlug-ins.git,8091719::data class,8091719.0,data class,persistence_history,repo_not_cloned,/Users/praffulg/Downloads/Neelam paper/cache/repos/eclipse__titan.EclipsePlug-ins,2026-09-04T16:07:16
git@github.com:eclipse/titan.EclipsePlug-ins.git,8095851::feature envy,8095851.0,feature envy,persistence_history,repo_not_cloned,/Users/praffulg/Downloads/Neelam paper/cache/repos/eclipse__titan.EclipsePlug-ins,2026-09-04T16:07:16
git@github.com:eclipse/titan.EclipsePlug-ins.git,8095851::long method,8095851.0,long method,persistence_history,repo_not_cloned,/Users/praffulg/Downloads/Neelam paper/cache/repos/eclipse__titan.EclipsePlug-ins,2026-09-04T16:07:16
git@github.com:eclipse/webtools.sourceediting.git,6643667::blob,6643667.0,blob,persistence_history,repo_not_cloned,/Users/praffulg/Downloads/Neelam paper/cache/repos/eclipse__webtools.sourceediting,2026-09-04T14:42:10
git@github.com:eclipse/webtools.sourceediting.git,6643667::data class,6643667.0,data class,persistence_history,repo_not_cloned,/Users/praffulg/Downloads/Neelam paper/cache/repos/eclipse__webtools.sourceediting,2026-09-04T14:42:10
git@github.com:eclipse/webtools.sourceediting.git,6645623::blob,6645623.0,blob,persistence_history,repo_not_cloned,/Users/praffulg/Downloads/Neelam paper/cache/repos/eclipse__webtools.sourceediting,2026-09-04T14:42:10
git@github.com:eclipse/webtools.sourceediting.git,6645623::data class,6645623.0,data class,persistence_history,repo_not_cloned,/Users/praffulg/Downloads/Neelam paper/cache/repos/eclipse__webtools.sourceediting,2026-09-04T14:42:10
git@github.com:eclipse/webtools.sourceediting.git,6648229::feature envy,6648229.0,feature envy,persistence_history,repo_not_cloned,/Users/praffulg/Downloads/Neelam paper/cache/repos/eclipse__webtools.sourceediting,2026-09-04T14:42:10
git@github.com:eclipse/webtools.sourceediting.git,6648229::long method,6648229.0,long method,persistence_history,repo_not_cloned,/Users/praffulg/Downloads/Neelam paper/cache/repos/eclipse__webtools.sourceediting,2026-09-04T14:42:10
git@github.com:eclipse/webtools.sourceediting.git,6651983::blob,6651983.0,blob,persistence_history,repo_not_cloned,/Users/praffulg/Downloads/Neelam paper/cache/repos/eclipse__webtools.sourceediting,2026-09-04T14:42:10
git@github.com:eclipse/webtools.sourceediting.git,6651983::data class,6651983.0,data class,persistence_history,repo_not_cloned,/Users/praffulg/Downloads/Neelam paper/cache/repos/eclipse__webtools.sourceediting,2026-09-04T14:42:10
git@github.com:eclipse/webtools.sourceediting.git,6652229::feature envy,6652229.0,feature envy,persistence_history,repo_not_cloned,/Users/praffulg/Downloads/Neelam paper/cache/repos/eclipse__webtools.sourceediting,2026-09-04T14:42:10
git@github.com:eclipse/webtools.sourceediting.git,6652229::long method,6652229.0,long method,persistence_history,repo_not_cloned,/Users/praffulg/Downloads/Neelam paper/cache/repos/eclipse__webtools.sourceediting,2026-09-04T14:42:10
git@github.com:eclipse/webtools.sourceediting.git,6654627::feature envy,6654627.0,feature envy,persistence_history,repo_not_cloned,/Users/praffulg/Downloads/Neelam paper/cache/repos/eclipse__webtools.sourceediting,2026-09-04T14:42:10
git@github.com:eclipse/webtools.sourceediting.git,6654627::long method,6654627.0,long method,persistence_history,repo_not_cloned,/Users/praffulg/Downloads/Neelam paper/cache/repos/eclipse__webtools.sourceediting,2026-09-04T14:42:10
git@github.com:eclipse/webtools.sourceediting.git,6654966::blob,6654966.0,blob,persistence_history,repo_not_cloned,/Users/praffulg/Downloads/Neelam paper/cache/repos/eclipse__webtools.sourceediting,2026-09-04T14:42:10
git@github.com:eclipse/webtools.sourceediting.git,6654966::data class,6654966.0,data class,persistence_history,repo_not_cloned,/Users/praffulg/Downloads/Neelam paper/cache/repos/eclipse__webtools.sourceediting,2026-09-04T14:42:10
git@github.com:eclipse/webtools.sourceediting.git,6656706::blob,6656706.0,blob,persistence_history,repo_not_cloned,/Users/praffulg/Downloads/Neelam paper/cache/repos/eclipse__webtools.sourceediting,2026-09-04T14:42:10
git@github.com:eclipse/webtools.sourceediting.git,6656706::data class,6656706.0,data class,persistence_history,repo_not_cloned,/Users/praffulg/Downloads/Neelam paper/cache/repos/eclipse__webtools.sourceediting,2026-09-04T14:42:10
git@github.com:eclipse/webtools.sourceediting.git,6660510::feature envy,6660510.0,feature envy,persistence_history,repo_not_cloned,/Users/praffulg/Downloads/Neelam paper/cache/repos/eclipse__webtools.sourceediting,2026-09-04T14:42:10
git@github.com:eclipse/webtools.sourceediting.git,6660510::long method,6660510.0,long method,persistence_history,repo_not_cloned,/Users/praffulg/Downloads/Neelam paper/cache/repos/eclipse__webtools.sourceediting,2026-09-04T14:42:10
git@github.com:eclipse/webtools.sourceediting.git,6665183::feature envy,6665183.0,feature envy,persistence_history,repo_not_cloned,/Users/praffulg/Downloads/Neelam paper/cache/repos/eclipse__webtools.sourceediting,2026-09-04T14:42:10
git@github.com:eclipse/webtools.sourceediting.git,6665183::long method,6665183.0,long method,persistence_history,repo_not_cloned,/Users/praffulg/Downloads/Neelam paper/cache/repos/eclipse__webtools.sourceediting,2026-09-04T14:42:10
git@github.com:eclipse/webtools.sourceediting.git,6666702::feature envy,6666702.0,feature envy,persistence_history,repo_not_cloned,/Users/praffulg/Downloads/Neelam paper/cache/repos/eclipse__webtools.sourceediting,2026-09-04T14:42:10
git@github.com:eclipse/webtools.sourceediting.git,6666702::long method,6666702.0,long method,persistence_history,repo_not_cloned,/Users/praffulg/Downloads/Neelam paper/cache/repos/eclipse__webtools.sourceediting,2026-09-04T14:42:10
git@github.com:eclipse/webtools.sourceediting.git,6668271::feature envy,6668271.0,feature envy,persistence_history,repo_not_cloned,/Users/praffulg/Downloads/Neelam paper/cache/repos/eclipse__webtools.sourceediting,2026-09-04T14:42:10
git@github.com:eclipse/webtools.sourceediting.git,6668271::long method,6668271.0,long method,persistence_history,repo_not_cloned,/Users/praffulg/Downloads/Neelam paper/cache/repos/eclipse__webtools.sourceediting,2026-09-04T14:42:10
git@github.com:eclipse/webtools.sourceediting.git,6670656::feature envy,6670656.0,feature envy,persistence_history,repo_not_cloned,/Users/praffulg/Downloads/Neelam paper/cache/repos/eclipse__webtools.sourceediting,2026-09-04T14:42:10
git@github.com:eclipse/webtools.sourceediting.git,6670656::long method,6670656.0,long method,persistence_history,repo_not_cloned,/Users/praffulg/Downloads/Neelam paper/cache/repos/eclipse__webtools.sourceediting,2026-09-04T14:42:10
git@github.com:eclipse/webtools.sourceediting.git,6674458::feature envy,6674458.0,feature envy,persistence_history,repo_not_cloned,/Users/praffulg/Downloads/Neelam paper/cache/repos/eclipse__webtools.sourceediting,2026-09-04T14:42:10
git@github.com:eclipse/webtools.sourceediting.git,6674458::long method,6674458.0,long method,persistence_history,repo_not_cloned,/Users/praffulg/Downloads/Neelam paper/cache/repos/eclipse__webtools.sourceediting,2026-09-04T14:42:10
git@github.com:eclipse/webtools.sourceediting.git,6678026::blob,6678026.0,blob,persistence_history,repo_not_cloned,/Users/praffulg/Downloads/Neelam paper/cache/repos/eclipse__webtools.sourceediting,2026-09-04T14:42:10
git@github.com:eclipse/webtools.sourceediting.git,6678026::data class,6678026.0,data class,persistence_history,repo_not_cloned,/Users/praffulg/Downloads/Neelam paper/cache/repos/eclipse__webtools.sourceediting,2026-09-04T14:42:10
git@github.com:eclipse/webtools.sourceediting.git,6680763::blob,6680763.0,blob,persistence_history,repo_not_cloned,/Users/praffulg/Downloads/Neelam paper/cache/repos/eclipse__webtools.sourceediting,2026-09-04T14:42:10
git@github.com:eclipse/webtools.sourceediting.git,6680763::data class,6680763.0,data class,persistence_history,repo_not_cloned,/Users/praffulg/Downloads/Neelam paper/cache/repos/eclipse__webtools.sourceediting,2026-09-04T14:42:10
git@github.com:eclipse/webtools.sourceediting.git,6681713::feature envy,6681713.0,feature envy,persistence_history,repo_not_cloned,/Users/praffulg/Downloads/Neelam paper/cache/repos/eclipse__webtools.sourceediting,2026-09-04T14:42:10
git@github.com:eclipse/webtools.sourceediting.git,6681713::long method,6681713.0,long method,persistence_history,repo_not_cloned,/Users/praffulg/Downloads/Neelam paper/cache/repos/eclipse__webtools.sourceediting,2026-09-04T14:42:10
git@github.com:eclipse/webtools.sourceediting.git,6685037::blob,6685037.0,blob,persistence_history,repo_not_cloned,/Users/praffulg/Downloads/Neelam paper/cache/repos/eclipse__webtools.sourceediting,2026-09-04T14:42:10
git@github.com:eclipse/webtools.sourceediting.git,6685037::data class,6685037.0,data class,persistence_history,repo_not_cloned,/Users/praffulg/Downloads/Neelam paper/cache/repos/eclipse__webtools.sourceediting,2026-09-04T14:42:10
git@github.com:eclipse/webtools.sourceediting.git,6689007::blob,6689007.0,blob,persistence_history,repo_not_cloned,/Users/praffulg/Downloads/Neelam paper/cache/repos/eclipse__webtools.sourceediting,2026-09-04T14:42:10
git@github.com:eclipse/webtools.sourceediting.git,6689007::data class,6689007.0,data class,persistence_history,repo_not_cloned,/Users/praffulg/Downloads/Neelam paper/cache/repos/eclipse__webtools.sourceediting,2026-09-04T14:42:10
git@github.com:eclipse/webtools.sourceediting.git,6695546::blob,6695546.0,blob,persistence_history,repo_not_cloned,/Users/praffulg/Downloads/Neelam paper/cache/repos/eclipse__webtools.sourceediting,2026-09-04T14:42:10
git@github.com:eclipse/webtools.sourceediting.git,6695546::data class,6695546.0,data class,persistence_history,repo_not_cloned,/Users/praffulg/Downloads/Neelam paper/cache/repos/eclipse__webtools.sourceediting,2026-09-04T14:42:10
git@github.com:eclipse/webtools.sourceediting.git,6696450::blob,6696450.0,blob,persistence_history,repo_not_cloned,/Users/praffulg/Downloads/Neelam paper/cache/repos/eclipse__webtools.sourceediting,2026-09-04T14:42:10
git@github.com:eclipse/webtools.sourceediting.git,6696450::data class,6696450.0,data class,persistence_history,repo_not_cloned,/Users/praffulg/Downloads/Neelam paper/cache/repos/eclipse__webtools.sourceediting,2026-09-04T14:42:10
git@github.com:eclipse/webtools.sourceediting.git,6696822::blob,6696822.0,blob,persistence_history,repo_not_cloned,/Users/praffulg/Downloads/Neelam paper/cache/repos/eclipse__webtools.sourceediting,2026-09-04T14:42:10
git@github.com:eclipse/webtools.sourceediting.git,6696822::data class,6696822.0,data class,persistence_history,repo_not_cloned,/Users/praffulg/Downloads/Neelam paper/cache/repos/eclipse__webtools.sourceediting,2026-09-04T14:42:10
git@github.com:eclipse/webtools.sourceediting.git,6703396::feature envy,6703396.0,feature envy,persistence_history,repo_not_cloned,/Users/praffulg/Downloads/Neelam paper/cache/repos/eclipse__webtools.sourceediting,2026-09-04T14:42:10
git@github.com:eclipse/webtools.sourceediting.git,6703396::long method,6703396.0,long method,persistence_history,repo_not_cloned,/Users/praffulg/Downloads/Neelam paper/cache/repos/eclipse__webtools.sourceediting,2026-09-04T14:42:10
git@github.com:eclipse/webtools.sourceediting.git,6705537::feature envy,6705537.0,feature envy,persistence_history,repo_not_cloned,/Users/praffulg/Downloads/Neelam paper/cache/repos/eclipse__webtools.sourceediting,2026-09-04T14:42:10
git@github.com:eclipse/webtools.sourceediting.git,6705537::long method,6705537.0,long method,persistence_history,repo_not_cloned,/Users/praffulg/Downloads/Neelam paper/cache/repos/eclipse__webtools.sourceediting,2026-09-04T14:42:10
git@github.com:eclipse/webtools.sourceediting.git,6721460::feature envy,6721460.0,feature envy,persistence_history,repo_not_cloned,/Users/praffulg/Downloads/Neelam paper/cache/repos/eclipse__webtools.sourceediting,2026-09-04T14:42:10
git@github.com:eclipse/webtools.sourceediting.git,6721460::long method,6721460.0,long method,persistence_history,repo_not_cloned,/Users/praffulg/Downloads/Neelam paper/cache/repos/eclipse__webtools.sourceediting,2026-09-04T14:42:10
git@github.com:eclipse/webtools.sourceediting.git,6725112::blob,6725112.0,blob,persistence_history,repo_not_cloned,/Users/praffulg/Downloads/Neelam paper/cache/repos/eclipse__webtools.sourceediting,2026-09-04T14:42:10
git@github.com:eclipse/webtools.sourceediting.git,6725112::data class,6725112.0,data class,persistence_history,repo_not_cloned,/Users/praffulg/Downloads/Neelam paper/cache/repos/eclipse__webtools.sourceediting,2026-09-04T14:42:10
git@github.com:eclipse/webtools.sourceediting.git,6729098::feature envy,6729098.0,feature envy,persistence_history,repo_not_cloned,/Users/praffulg/Downloads/Neelam paper/cache/repos/eclipse__webtools.sourceediting,2026-09-04T14:42:10
git@github.com:eclipse/webtools.sourceediting.git,6729098::long method,6729098.0,long method,persistence_history,repo_not_cloned,/Users/praffulg/Downloads/Neelam paper/cache/repos/eclipse__webtools.sourceediting,2026-09-04T14:42:10
git@github.com:eclipse/webtools.sourceediting.git,6730087::feature envy,6730087.0,feature envy,persistence_history,repo_not_cloned,/Users/praffulg/Downloads/Neelam paper/cache/repos/eclipse__webtools.sourceediting,2026-09-04T14:42:10
git@github.com:eclipse/webtools.sourceediting.git,6730087::long method,6730087.0,long method,persistence_history,repo_not_cloned,/Users/praffulg/Downloads/Neelam paper/cache/repos/eclipse__webtools.sourceediting,2026-09-04T14:42:10
git@github.com:eclipse/webtools.sourceediting.git,6732424::feature envy,6732424.0,feature envy,persistence_history,repo_not_cloned,/Users/praffulg/Downloads/Neelam paper/cache/repos/eclipse__webtools.sourceediting,2026-09-04T14:42:10
git@github.com:eclipse/webtools.sourceediting.git,6732424::long method,6732424.0,long method,persistence_history,repo_not_cloned,/Users/praffulg/Downloads/Neelam paper/cache/repos/eclipse__webtools.sourceediting,2026-09-04T14:42:10
git@github.com:eclipse/webtools.sourceediting.git,6732448::blob,6732448.0,blob,persistence_history,repo_not_cloned,/Users/praffulg/Downloads/Neelam paper/cache/repos/eclipse__webtools.sourceediting,2026-09-04T14:42:10
git@github.com:eclipse/webtools.sourceediting.git,6732448::data class,6732448.0,data class,persistence_history,repo_not_cloned,/Users/praffulg/Downloads/Neelam paper/cache/repos/eclipse__webtools.sourceediting,2026-09-04T14:42:10
git@github.com:eclipse/webtools.sourceediting.git,6732692::blob,6732692.0,blob,persistence_history,repo_not_cloned,/Users/praffulg/Downloads/Neelam paper/cache/repos/eclipse__webtools.sourceediting,2026-09-04T14:42:10
git@github.com:eclipse/webtools.sourceediting.git,6732692::data class,6732692.0,data class,persistence_history,repo_not_cloned,/Users/praffulg/Downloads/Neelam paper/cache/repos/eclipse__webtools.sourceediting,2026-09-04T14:42:10
git@github.com:eclipse/webtools.sourceediting.git,6735393::feature envy,6735393.0,feature envy,persistence_history,repo_not_cloned,/Users/praffulg/Downloads/Neelam paper/cache/repos/eclipse__webtools.sourceediting,2026-09-04T14:42:10
git@github.com:eclipse/webtools.sourceediting.git,6735393::long method,6735393.0,long method,persistence_history,repo_not_cloned,/Users/praffulg/Downloads/Neelam paper/cache/repos/eclipse__webtools.sourceediting,2026-09-04T14:42:10
git@github.com:eclipse/webtools.sourceediting.git,6738255::blob,6738255.0,blob,persistence_history,repo_not_cloned,/Users/praffulg/Downloads/Neelam paper/cache/repos/eclipse__webtools.sourceediting,2026-09-04T14:42:10
git@github.com:eclipse/webtools.sourceediting.git,6738255::data class,6738255.0,data class,persistence_history,repo_not_cloned,/Users/praffulg/Downloads/Neelam paper/cache/repos/eclipse__webtools.sourceediting,2026-09-04T14:42:10
git@github.com:eclipse/webtools.sourceediting.git,6741910::blob,6741910.0,blob,persistence_history,repo_not_cloned,/Users/praffulg/Downloads/Neelam paper/cache/repos/eclipse__webtools.sourceediting,2026-09-04T14:42:10
git@github.com:eclipse/webtools.sourceediting.git,6741910::data class,6741910.0,data class,persistence_history,repo_not_cloned,/Users/praffulg/Downloads/Neelam paper/cache/repos/eclipse__webtools.sourceediting,2026-09-04T14:42:10
git@github.com:epam/DLab.git,6593325::feature envy,6593325.0,feature envy,persistence_history,repo_not_cloned,/Users/praffulg/Downloads/Neelam paper/cache/repos/epam__DLab,2026-09-04T14:26:03
git@github.com:epam/DLab.git,6593325::long method,6593325.0,long method,persistence_history,repo_not_cloned,/Users/praffulg/Downloads/Neelam paper/cache/repos/epam__DLab,2026-09-04T14:26:03
git@github.com:epam/DLab.git,6593393::blob,6593393.0,blob,persistence_history,repo_not_cloned,/Users/praffulg/Downloads/Neelam paper/cache/repos/epam__DLab,2026-09-04T14:26:03
git@github.com:epam/DLab.git,6593393::data class,6593393.0,data class,persistence_history,repo_not_cloned,/Users/praffulg/Downloads/Neelam paper/cache/repos/epam__DLab,2026-09-04T14:26:03
git@github.com:epam/DLab.git,6594157::blob,6594157.0,blob,persistence_history,repo_not_cloned,/Users/praffulg/Downloads/Neelam paper/cache/repos/epam__DLab,2026-09-04T14:26:03
git@github.com:epam/DLab.git,6594157::data class,6594157.0,data class,persistence_history,repo_not_cloned,/Users/praffulg/Downloads/Neelam paper/cache/repos/epam__DLab,2026-09-04T14:26:03
git@github.com:epam/DLab.git,6594892::feature envy,6594892.0,feature envy,persistence_history,repo_not_cloned,/Users/praffulg/Downloads/Neelam paper/cache/repos/epam__DLab,2026-09-04T14:26:03
git@github.com:epam/DLab.git,6594892::long method,6594892.0,long method,persistence_history,repo_not_cloned,/Users/praffulg/Downloads/Neelam paper/cache/repos/epam__DLab,2026-09-04T14:26:03
git@github.com:epam/DLab.git,6595424::feature envy,6595424.0,feature envy,persistence_history,repo_not_cloned,/Users/praffulg/Downloads/Neelam paper/cache/repos/epam__DLab,2026-09-04T14:26:03
git@github.com:epam/DLab.git,6595424::long method,6595424.0,long method,persistence_history,repo_not_cloned,/Users/praffulg/Downloads/Neelam paper/cache/repos/epam__DLab,2026-09-04T14:26:03
git@github.com:epam/DLab.git,6595547::long method,6595547.0,long method,persistence_history,repo_not_cloned,/Users/praffulg/Downloads/Neelam paper/cache/repos/epam__DLab,2026-09-04T14:26:03
git@github.com:salesforce/Argus.git,7242039::blob,7242039.0,blob,persistence_history,repo_not_cloned,/Users/praffulg/Downloads/Neelam paper/cache/repos/salesforce__Argus,2026-09-04T15:21:35
git@github.com:salesforce/Argus.git,7242039::data class,7242039.0,data class,persistence_history,repo_not_cloned,/Users/praffulg/Downloads/Neelam paper/cache/repos/salesforce__Argus,2026-09-04T15:21:35
git@github.com:salesforce/Argus.git,7243958::blob,7243958.0,blob,persistence_history,repo_not_cloned,/Users/praffulg/Downloads/Neelam paper/cache/repos/salesforce__Argus,2026-09-04T15:21:35
git@github.com:salesforce/Argus.git,7243958::data class,7243958.0,data class,persistence_history,repo_not_cloned,/Users/praffulg/Downloads/Neelam paper/cache/repos/salesforce__Argus,2026-09-04T15:21:35
git@github.com:salesforce/Argus.git,7244146::blob,7244146.0,blob,persistence_history,repo_not_cloned,/Users/praffulg/Downloads/Neelam paper/cache/repos/salesforce__Argus,2026-09-04T15:21:35
git@github.com:salesforce/Argus.git,7244146::data class,7244146.0,data class,persistence_history,repo_not_cloned,/Users/praffulg/Downloads/Neelam paper/cache/repos/salesforce__Argus,2026-09-04T15:21:35
git@github.com:eclipse/xtext-core.git,8029682::feature envy,8029682.0,feature envy,persistence_history,unexpected_error,'utf-8' codec can't decode byte 0xf6 in position 2733: invalid start byte,2026-09-04T16:09:06
git@github.com:eclipse/xtext-core.git,8029682::long method,8029682.0,long method,persistence_history,unexpected_error,'utf-8' codec can't decode byte 0xf6 in position 2733: invalid start byte,2026-09-04T16:09:06
git@github.com:eclipse/xtext-core.git,8038797::feature envy,8038797.0,feature envy,persistence_history,unexpected_error,'utf-8' codec can't decode byte 0xab in position 17950: invalid start byte,2026-09-04T16:09:09
git@github.com:eclipse/xtext-core.git,8038797::long method,8038797.0,long method,persistence_history,unexpected_error,'utf-8' codec can't decode byte 0xab in position 17950: invalid start byte,2026-09-04T16:09:09
git@github.com:eclipse/xtext-core.git,8119000::blob,8119000.0,blob,persistence_history,unexpected_error,'utf-8' codec can't decode byte 0xf6 in position 760: invalid start byte,2026-09-04T16:10:05
git@github.com:eclipse/xtext-core.git,8119000::data class,8119000.0,data class,persistence_history,unexpected_error,'utf-8' codec can't decode byte 0xf6 in position 760: invalid start byte,2026-09-04T16:10:05
git@github.com:eclipse/xtext-eclipse.git,8025468::blob,8025468.0,blob,persistence_history,unexpected_error,'utf-8' codec can't decode byte 0xfc in position 3292: invalid start byte,2026-09-04T16:08:13
git@github.com:eclipse/xtext-eclipse.git,8025468::data class,8025468.0,data class,persistence_history,unexpected_error,'utf-8' codec can't decode byte 0xfc in position 3292: invalid start byte,2026-09-04T16:08:14
git@github.com:eclipse/xtext-extras.git,7992491::feature envy,7992491.0,feature envy,persistence_history,unexpected_error,'utf-8' codec can't decode byte 0xe9 in position 8105: invalid continuation byte,2026-09-04T16:06:48
git@github.com:eclipse/xtext-extras.git,7992491::long method,7992491.0,long method,persistence_history,unexpected_error,'utf-8' codec can't decode byte 0xe9 in position 8105: invalid continuation byte,2026-09-04T16:06:48
git@github.com:eclipse/xtext-xtend.git,8200621::feature envy,8200621.0,feature envy,persistence_history,unexpected_error,'utf-8' codec can't decode byte 0xab in position 271948: invalid start byte,2026-09-04T16:10:46
git@github.com:eclipse/xtext-xtend.git,8200621::long method,8200621.0,long method,persistence_history,unexpected_error,'utf-8' codec can't decode byte 0xab in position 271948: invalid start byte,2026-09-04T16:10:46
